{"version":1,"hash":{"type":"Buffer","data":"iX//dLbgd/+TlWqmW/STLH1OulFrlGreH+Lgp/0R5sHqWfXgqJ/pxaVFT7kya2LgF+NPgPwn0TyBvz2uQcyRvV8CCjSwKBjGGtU0ynFvtA6R96AcmNKuAHCahf5z3fFxL8aRT7WOdfLoGVZyuw6eOMCXCPR1eaij1Bk5mL2Tj0U="},"indexValueMap":{"jBzsjdN/dSRf8hSgue1MBdYybn6UJ/5pbjc5Cyk40wI=":{"valueMac":{"type":"Buffer","data":"C9/gb/Y/lxze7VyutL7ZRNPZmP0LFEe1OSuwsyAHjR4="}},"LL9n4jZX54ymkrYh4VtJIBsyI5iAgLLDMZ+c/H6rqq8=":{"valueMac":{"type":"Buffer","data":"pZGBIiQNocTQCdPcDN0NTVlXwzDqaolZLOY3M1rVXhA="}},"xa2yir8pkprGx+foVBwQhwElWfxyRtTMEsvhZeFUafo=":{"valueMac":{"type":"Buffer","data":"oprR67l5G38H09jqRJgXDWyDrXAVLGKUq+P01hmoxl0="}},"ZSh6F2pXsc7z7D0Wy3rQB+PzOTVxcdSLKkH67yx/EzE=":{"valueMac":{"type":"Buffer","data":"aiQ5RG4Xu7UdLmzLzXcpB7rnbsuY+3MOOkQf/QRSI1Y="}},"xUfO3KjfdQFxpD4WHFSHPl5smB4MpvFsJsWzgToivvs=":{"valueMac":{"type":"Buffer","data":"obAY14u0rhgfvE3e/Dg0B2uheqCbRvB2LQee40vFDsQ="}},"MBo55MCRcBubzTmv8sBVO2OGFLl7mVcnMg8K97qKPM8=":{"valueMac":{"type":"Buffer","data":"6UzNAYwa+V+5fHOSGx2fSt5mIyj9O4Gs61KL6c79T5U="}},"7KN/OU9b4E7zqdOV8S/W4Rsis+xQmsHTw4fKk4EIkpY=":{"valueMac":{"type":"Buffer","data":"3INXf47qorkc/EzUMSWY4zyhwNdlJVvkntmuf2i8yec="}},"4Jps7F6ZcUCxRCvkMUjv9JdkevCGmQyCspsIuzzDwAE=":{"valueMac":{"type":"Buffer","data":"iGiDa3Ixu1kpMuqv+yeEk24833d8za8pFnY17WOSyHc="}},"TuzZ+e/6/bPqytlT2NRIeYr0paCtvXBsnVJw2y1YFLg=":{"valueMac":{"type":"Buffer","data":"iKmXYFCEz/6qtOhdFHG+PKFQkN6HugMsZQid1B2Uohk="}},"1wqEGb8mbP93xcQLw+KPXWf9Q34WF0GaUmfNhsuhV4Q=":{"valueMac":{"type":"Buffer","data":"99VcnzbYsd1Jo5Sm2IuodGdAFx6Rh5PbKei9AU6Fu7E="}}}}