{"version":6,"hash":{"type":"Buffer","data":"OUSN5huTk4xd0309SxDOLzrCiKHdLwMVAWG1jYYHzxR+ZC3/ff5ev8WyWlLCI2SRS1sBgsYbWzJV0YmVYHWmQJsy7tEMoH9qyH6LAxLUN6VXHeqzKHHYSIju3uJI/DRXtA+Bt3yCf0Ieakzgp54HVp52bG2yOaCFPBW4vhM1+JE="},"indexValueMap":{"SEVitVOr0hJZ3Gb+aEHXFL9pFfqQl0uNhWl4CmCguSY=":{"valueMac":{"type":"Buffer","data":"fTM9/2ATfNyz+EDQt7Ctokg2b6VKgwbxmvW71lOLB2A="}},"WVr28K64IQAxwsEAW2Ig0StMOZFbWqava2j4y2V9U3Q=":{"valueMac":{"type":"Buffer","data":"6o9VNPJmN+0v9MqrdepwtdFMKrO1xG7wRVAEUENXQS4="}},"i+morZkb+zmoNnN7fGTd2VKGVD3OnEGorkXi1OGU7Xs=":{"valueMac":{"type":"Buffer","data":"Ko7j8O5EoGXNrAps9R0g5m5V/s2aVDjZJ7b7adWMXZc="}},"rR7ybBvP8XSrg93WAHjcgiDax1Y1v0mloUI+qW5HhQ4=":{"valueMac":{"type":"Buffer","data":"BVmwk+fnBTWrraTuwNh662WviKd1yU99AjDlBjnhry4="}},"/Ef85sDQxwVVJFRtXAZdhBd+CZqlLxvxUK1zE4gg634=":{"valueMac":{"type":"Buffer","data":"rdV05f6YxpROsIKEhe62HxKPNzKg3+/NrGY/kMB0+TE="}},"+x55zPzsSsNjLOzmww0RECPdB/GyhSAzYbsXJRE5vnY=":{"valueMac":{"type":"Buffer","data":"S9mcKyYFNnW9BbLvwkxlrLKI+gaZ13DOiQmgCWox7sk="}},"MaymLEEvpuJjeGE9dtzq4T7qpQk5IiDaQqMbSuCdpSY=":{"valueMac":{"type":"Buffer","data":"KjKasXjipDKrszPhHUXaf6GGArYPIBTmjOvakKrgalM="}},"0kLwVqWQoc2zHyZ7JrL16HY7/2LqEZMpr7CXQHis4Ws=":{"valueMac":{"type":"Buffer","data":"Wu0IXsTL7Bf4Ak/QU4xt0wi3q2qaTcAbmYUMND2YW70="}},"8mOzR2MWTCKmiWyafXsRIZ7galvhazWOa/2fWX4ViPA=":{"valueMac":{"type":"Buffer","data":"bCU6iKedc5GQQwJOLwEDu1TQBCwQ/OKalVYg0eMe8zI="}},"FCPf1GRRSZbNikRewGX0VICja722gEKg1afybYV2hVk=":{"valueMac":{"type":"Buffer","data":"eQS8zpHvkXgoAkxc/rEBPiQnU6HjNSSSJodsNcLkSNI="}},"k5OPhozw4hxVxz05REvJJ5v0loWiGkzFHaG+TknWh6o=":{"valueMac":{"type":"Buffer","data":"O0lwYFdMpfhfxvM12xvHA+9/5uMaIXh5HLf/LTjjVWg="}},"LdDK430krs7aZ8OsQK2c3SVvpcmL1aNfSvLZQhe4KLA=":{"valueMac":{"type":"Buffer","data":"a4dCGAsljRGsquLkO2DTBggx+p5xNTIYwXFL3Qjl8WE="}},"x7IeC5wWo3Cgamb0L1E08HZUs5tVKMwP0LHK9MPcpJw=":{"valueMac":{"type":"Buffer","data":"DzFpdS/Vgy2rvkdrwGLPHkcghgssprVHbA/k6FZnHO4="}},"Ml5Zu67RZuzD6ZyUFZ0NQf8winnoxkeAsHvy5LAvMtc=":{"valueMac":{"type":"Buffer","data":"roQq2+XLbJaYdkex8vypA2MkjlVmqba2OLtmHF/cmeo="}},"BPHJXvO6fkZ+4vqxvVEv0Y5EtbeWC5g3Or4zW2x4I+A=":{"valueMac":{"type":"Buffer","data":"jE9mHHcEMhbmC1O2u2V4TwrhnM/yvYWAfH5b9zok7fY="}}}}