{"version":4,"hash":{"type":"Buffer","data":"m+QqKoV9E/X6HNyllBh8THbvOZBS/AUrXQcSd2u2UAU3znEybpQLCD7OMd1EZ+aL7qziFn19xAU2N3TrcjSsY0F7owSYWmG2Qs86ykfFE6jlECdDYMECDSQBia+6dcpFf33B+D68dkCuAwRm4GRhgUyKZ5SkPqHVAfq+dq2SriM="},"indexValueMap":{"gJhFAqP2XflPmDdTpAFehY3xrBgl2xzCZXdrjjRUE/8=":{"valueMac":{"type":"Buffer","data":"DH8diUcZN7AHB0AkomRzc+bawHh4MMSUVrQJ8AQcSOY="}},"dNg4gyzNC2MAypIuADdS5dBxxnQeDDndMqRYzv0EvZg=":{"valueMac":{"type":"Buffer","data":"GfvHL5RbUiL/O6iH6sFfxUn3gHw5vAaSE48vEOwOCDo="}},"zpC1qBmWBKSFcQoFzJh4qIhj/C0gAG3VMDqI5313RTU=":{"valueMac":{"type":"Buffer","data":"alU4RbKfUMy+oN5zNVTw0K5zwlFpCJaDmJKZzww5UOY="}},"ybb82Gn4zKL/bW5E8O9fh5pYm/J8Qvz6RL6ZvlKRS6k=":{"valueMac":{"type":"Buffer","data":"gruYic4Pa05Dc4U1Iru853c1NXuIXDQGxXRzI76QLQA="}},"3aVTc5z7co12dC3TtbNUtbX1EbXdTBs5h03+7RpEkAc=":{"valueMac":{"type":"Buffer","data":"kw/sESziYD94uMmF6/exiz1pINb6onjTw8sWhMcuKzk="}},"RH4kvkI2vAVRFM8hX2Nzk6yh/C/ndm/tKrP5bQEFZv0=":{"valueMac":{"type":"Buffer","data":"/Yq/xempuaOXRfEflOvI0d4jYTvC51qPXWWh21ZVDqE="}},"hXYxIgYjyBowQz3yEkbYa7AmwBZS+FWhf/HJpBQAcHk=":{"valueMac":{"type":"Buffer","data":"/bWOQGeEV4l/EdZTeTtc13ZwRPQw7zjZyPCSkyYrA8E="}}}}