{"_sessions":{"BZha8OogxbqWvZhpWSXu0berOTaB1Qhs2ab8BM5YAL9v":{"registrationId":7083,"currentRatchet":{"ephemeralKeyPair":{"pubKey":"BT9Zg2YY2b0GiH2Rri8APA9ZKGqRe+FaXGq9WmKJgjwX","privKey":"kNoR4D9f69YH5b91erRCK5HI9BGBm2x41wHXQ6GXrkk="},"lastRemoteEphemeralKey":"BS/uJrGrlUxAHBNp1ifswJ6cFD6m3GpdjFyUBiERCBJW","previousCounter":0,"rootKey":"K1VpBA3D2mizXfNn6rJ6xWC87++pZLGM1eDySsK9Jqs="},"indexInfo":{"baseKey":"BZha8OogxbqWvZhpWSXu0berOTaB1Qhs2ab8BM5YAL9v","baseKeyType":1,"closed":-1,"used":1755049247916,"created":1755049247916,"remoteIdentityKey":"BX624LDHNy4cfde6j9nmKyu5Iz71eO+aP9W4x+uh/Nsv"},"_chains":{"BT9Zg2YY2b0GiH2Rri8APA9ZKGqRe+FaXGq9WmKJgjwX":{"chainKey":{"counter":42,"key":"1irLeNXELPt+U1xllcH5y65AEto195gwod6mxtZ1H3o="},"chainType":1,"messageKeys":{}}},"pendingPreKey":{"signedKeyId":1,"baseKey":"BZha8OogxbqWvZhpWSXu0berOTaB1Qhs2ab8BM5YAL9v","preKeyId":786}}},"version":"v1"}