{"_sessions":{"BZukTzvezzYVlsDtopsR0a3AA/w619HfV9WZDAqNxdY5":{"registrationId":1413693365,"currentRatchet":{"ephemeralKeyPair":{"pubKey":"BSE9YwaEYabAZXUfHg+2lo0f3XZTtMB+Qadeeg3KTzc9","privKey":"8OB2fc1SL5INcvVHozdJiqa3DjoazgbVMxJk7ZNiq08="},"lastRemoteEphemeralKey":"BVS0gr3Wh6mNDSdzGju2+VG0PNm+oTI+Hu9GU7Yii8JX","previousCounter":0,"rootKey":"RgdjMVl+jseQ+mt64pnU/1wsscKFDi7fpJlef9ilBgs="},"indexInfo":{"baseKey":"BZukTzvezzYVlsDtopsR0a3AA/w619HfV9WZDAqNxdY5","baseKeyType":2,"closed":-1,"used":1755067955787,"created":1755049225490,"remoteIdentityKey":"BXLAacj4ZzmZ3OQrtMSCdDPYrs2j/ZgZ/pmL+egeo6g7"},"_chains":{"Bfyv5QwhonsAhT9pS4NZvuYNL6SBd043Sud+D1GbRFxY":{"chainKey":{"counter":1},"chainType":2,"messageKeys":{}},"BTiImvhir4eTFyHTZ6RZbs8XDdu65NhcetbmXFcYtaVQ":{"chainKey":{"counter":0},"chainType":2,"messageKeys":{}},"BQzJinCtcGJq9RFlq7FwzZi2A/ZSdLx8085/uyXWYYYQ":{"chainKey":{"counter":0},"chainType":2,"messageKeys":{}},"BdwPs8Cf9TnhOm9J31ooJO/TXfSoHqbLq2CGhqCvJuVG":{"chainKey":{"counter":0},"chainType":2,"messageKeys":{}},"BZAzoODkeCmcM+rnNMeWbVG/ApR0L0biF0bIT8BE6687":{"chainKey":{"counter":0},"chainType":2,"messageKeys":{}},"BRFpJgohzgWv/UyD0SN0um4sFttlOS4e/1UqlTfbdOxw":{"chainKey":{"counter":0},"chainType":2,"messageKeys":{}},"BRRmhHbkRlqGzgBZv7uQNLoR1cA2grwVlmMAqlearxhE":{"chainKey":{"counter":0},"chainType":2,"messageKeys":{}},"BUY7I1/qt1CnqWSC0t1PEuNaNFzukdmBCo+4G9dNe2xo":{"chainKey":{"counter":0},"chainType":2,"messageKeys":{}},"BQPxSd/2fupaYgCN+0B89Y15p0rqc2tmILgfgSTb3Shq":{"chainKey":{"counter":0},"chainType":2,"messageKeys":{}},"BWI04w8z8eUowtxy8xKEWVn12Ud4a0uP3OUUd5iThTxV":{"chainKey":{"counter":1},"chainType":2,"messageKeys":{}},"BZWsf/tXSVdWaFf7OcXMy9xyFOyEuKbVeLgNvbsiBOQd":{"chainKey":{"counter":0},"chainType":2,"messageKeys":{}},"BbxUoAXbaSMEuv3xteTdR8fLODJVmb/+PeYI/M9PtLQf":{"chainKey":{"counter":0},"chainType":2,"messageKeys":{}},"Beo02KWa2Iw/MXYqBzcCRW658LIcsM7csan6XYpGwuox":{"chainKey":{"counter":0},"chainType":2,"messageKeys":{}},"BbeUHeZdCPwKR16uJ3XXHVB8Z79EV3ClVf+s5Z8JyD4O":{"chainKey":{"counter":0},"chainType":2,"messageKeys":{}},"BXG8zZrViq7rtbws8tjXI4wckkFNyWY/7Rb3dfvJ6kV9":{"chainKey":{"counter":1},"chainType":2,"messageKeys":{}},"BfpUC53dRhhF4Fq6TfyludxIjWGKhDOtLqWlN2+QmY8m":{"chainKey":{"counter":0},"chainType":2,"messageKeys":{}},"BW5LTtYI96Tip0e5qxzqQNS3HzhZ0JUo6L4P2glG/45Z":{"chainKey":{"counter":0},"chainType":2,"messageKeys":{}},"BZp5CaaVGTWspMPPCBBaLHfWQVo0VUmSTan/nupN5LQk":{"chainKey":{"counter":0},"chainType":2,"messageKeys":{}},"BR5zXBmh22bZxFAj2Nbj8TvCUMbMngSxDoHel586LPIq":{"chainKey":{"counter":0},"chainType":2,"messageKeys":{}},"BQVOkEAJ3L5x1IahvdKaLRj3VK0j3t+VY1NBi2z2pvFR":{"chainKey":{"counter":0},"chainType":2,"messageKeys":{}},"BRjsM+VW7D9NH/vt5Fgd5fgDKhSGfxOT65K0I1If36oT":{"chainKey":{"counter":0},"chainType":2,"messageKeys":{}},"BWdN1Ocmg6B5JfR2C2pxsL6IcYY0Z4hXIcSRRVMAMtEr":{"chainKey":{"counter":0},"chainType":2,"messageKeys":{}},"BQ4V5WOuJtruxwrYlLBdfD8aC6BGgPGShzmNXkZSE94t":{"chainKey":{"counter":0},"chainType":2,"messageKeys":{}},"BfwRFh5Fu1AcuoIfqu8x4TtrFtG8BAtUWtYVYdUrtjh+":{"chainKey":{"counter":0},"chainType":2,"messageKeys":{}},"BaRAMg5clM3huF/sc+7dYJshRDvOZWvP92enbkjRzL8P":{"chainKey":{"counter":0},"chainType":2,"messageKeys":{}},"Bfcg/uM65h47xgd77VnSOXXTBuTpPBfkmV2AZ3PpDDMo":{"chainKey":{"counter":0},"chainType":2,"messageKeys":{}},"BYg6QhcWjzdkRL0nFzp0oiMa+o20c1oCeaRnnVV9X6gf":{"chainKey":{"counter":0},"chainType":2,"messageKeys":{}},"BQ/nXcqu7RxHLqYs37O7VQNHbOaYeWCESDHFm4dimeFu":{"chainKey":{"counter":0},"chainType":2,"messageKeys":{}},"BXnD2mQi/czqEqNZUGRFOQseCPotwKs/zv3PrrkoIU56":{"chainKey":{"counter":0},"chainType":2,"messageKeys":{}},"BWwsU/tA9/BZUjnJxAKRtSfOBAl1c5T9oNloT8ROYOkg":{"chainKey":{"counter":0},"chainType":2,"messageKeys":{}},"BU/eDYHJtuKwlSqLXFzqTkEKBfAnIzq2Q8wK7uSrrvIN":{"chainKey":{"counter":0},"chainType":2,"messageKeys":{}},"BZfkv+kiCBR7juU+xsJLVWd+dPbtIyZDRuO/HU/SXcp5":{"chainKey":{"counter":0},"chainType":2,"messageKeys":{}},"BVS0gr3Wh6mNDSdzGju2+VG0PNm+oTI+Hu9GU7Yii8JX":{"chainKey":{"counter":0,"key":"OxhPoHRsP4VzhOvhgVWffp8AMk0ISH8L0H1xa9xCze4="},"chainType":2,"messageKeys":{}},"BSE9YwaEYabAZXUfHg+2lo0f3XZTtMB+Qadeeg3KTzc9":{"chainKey":{"counter":0,"key":"ZihnoHcyYNnzVAqC6FMrxXW5bYKnmPeJamsuPrv2cII="},"chainType":1,"messageKeys":{}}}}},"version":"v1"}