{"version":16,"hash":{"type":"Buffer","data":"EUzSx8v96Ua3d4YhDZbRt1YzpRpnGgw9hy6FPQeGj2436LIYMU/52ykP2xjzaqeWrrLMzwV9UAMpw+3Mb+PjvZcFHoqENksaqN9iuxYHlk/XbbJamGmqUSZ7IUZ3Jek1dkccP9qs3oqlcRYJgQkX+BBCQps/35NEw9EVX5GstGU="},"indexValueMap":{"E/Yl67qCD12N2UOuTDfKPINSqaMmAm4vhp0moC+irFk=":{"valueMac":{"type":"Buffer","data":"K1uflmD6xz8B4ZTKPBCQkpp9OmHULgJwlKX3KtCYpVQ="}},"FCPf1GRRSZbNikRewGX0VICja722gEKg1afybYV2hVk=":{"valueMac":{"type":"Buffer","data":"eQS8zpHvkXgoAkxc/rEBPiQnU6HjNSSSJodsNcLkSNI="}},"LdDK430krs7aZ8OsQK2c3SVvpcmL1aNfSvLZQhe4KLA=":{"valueMac":{"type":"Buffer","data":"a4dCGAsljRGsquLkO2DTBggx+p5xNTIYwXFL3Qjl8WE="}},"Ml5Zu67RZuzD6ZyUFZ0NQf8winnoxkeAsHvy5LAvMtc=":{"valueMac":{"type":"Buffer","data":"roQq2+XLbJaYdkex8vypA2MkjlVmqba2OLtmHF/cmeo="}},"SEVitVOr0hJZ3Gb+aEHXFL9pFfqQl0uNhWl4CmCguSY=":{"valueMac":{"type":"Buffer","data":"fTM9/2ATfNyz+EDQt7Ctokg2b6VKgwbxmvW71lOLB2A="}},"ZXU194TPbpDyN5uYpUI9UFxsEw7orc1ykvGtxMUfzuw=":{"valueMac":{"type":"Buffer","data":"/VkOjLXeIjDg54H6y4JHMqu4Q2/JzpTM82SBq3tdp58="}},"d3tm/GkZXrZ3Cbnemo9+ObpeadyqEGxJ2UPhKVwCMMo=":{"valueMac":{"type":"Buffer","data":"8TzggBw0ydU6UGR7dQZyE4nJu4KPHZl5NQgALlZ6l30="}},"eJyJd0a3fLAMkeX9PCVKHxwzFQ8LLBynPPoIBDOpuf8=":{"valueMac":{"type":"Buffer","data":"mrPwli/UOHKRoLzKfj0OFUyQznXNp0LGwYkfGT/+qvk="}},"k5OPhozw4hxVxz05REvJJ5v0loWiGkzFHaG+TknWh6o=":{"valueMac":{"type":"Buffer","data":"O0lwYFdMpfhfxvM12xvHA+9/5uMaIXh5HLf/LTjjVWg="}},"wcQJ19PfKmzSvDqg042wHq2rAgl1piZwR6Beg4umszE=":{"valueMac":{"type":"Buffer","data":"dGAC/mY8krdqzYYqaZ47uob3JO9KUX4l+eH4++9PLRc="}},"x7IeC5wWo3Cgamb0L1E08HZUs5tVKMwP0LHK9MPcpJw=":{"valueMac":{"type":"Buffer","data":"bAvym9nD7KrRe9/bfM7a+qQAALN1/hW9uL0c8Fff7uk="}},"0kLwVqWQoc2zHyZ7JrL16HY7/2LqEZMpr7CXQHis4Ws=":{"valueMac":{"type":"Buffer","data":"Wu0IXsTL7Bf4Ak/QU4xt0wi3q2qaTcAbmYUMND2YW70="}},"4A4Gnku3FjBJNv2J6o8yJJc0R5N6xW1AYwvvyF9v8ZA=":{"valueMac":{"type":"Buffer","data":"piOAXl/4HS53K7iah3+hxWLUmLQhrpbJwzvs3zVqCiE="}},"8mOzR2MWTCKmiWyafXsRIZ7galvhazWOa/2fWX4ViPA=":{"valueMac":{"type":"Buffer","data":"bCU6iKedc5GQQwJOLwEDu1TQBCwQ/OKalVYg0eMe8zI="}},"8zml1EnCbzr7t1NY4SJaGCK+ieLH+ZdAsfipxDh86rU=":{"valueMac":{"type":"Buffer","data":"PCklr6krJHtxKWTMYpEj5orqLX03PzFhpdnvIYHQkjc="}},"r7/GN+gImxXPKcIP0PbBEhFMxj47KT8PDN15zmCqUIY=":{"valueMac":{"type":"Buffer","data":"NBdXreWInWAzQbZIe/7dCUqZC/c7zpch5dVaeSlFgu4="}},"Xk6ZQIBjBERzzjUXwFtjanVR66YbsIAEtZVC4fBPZvA=":{"valueMac":{"type":"Buffer","data":"loTsAle9uGm/Fqw1NZKj6U60gG+V9CFcNlQ7EVt/1EI="}},"c85+45dN1/DmQOMJdcIhNL73PsBpG+JzU2fECR08AK0=":{"valueMac":{"type":"Buffer","data":"RE7msezUqQPLSpVOHJs+Yn110T10Scg+s1LWbXd9F8s="}}}}