{"version":9,"hash":{"type":"Buffer","data":"yU6HzZGy8aenni/BH99NoKbb55rCx6HAYloy05gjNvWe1OV+zzcBsTFMakNueHvoC8VOBZG6lDEmwFpde1NqTUE2iXFhiO8691iLX5ogG4y+xkgyhS0DOjhXcOPXSh21+z3peeJ3KzhmTIxbksUvnZXHIs39Q0kFJla4iMvFK2I="},"indexValueMap":{"CoLxwsEV1BThiUcFXO3EPDbdOfBfTEehci6YXfXpDMw=":{"valueMac":{"type":"Buffer","data":"GAoyWxs7K1XRc8SohnBR/ruERK3nP+hvg3pDWUnsnx0="}},"JkK2MBP8Jz6T5PGYy4F//Tp8oemSz2tY5n6RSq390ew=":{"valueMac":{"type":"Buffer","data":"oC0U9+ZU7gm6cTRAp2wnfSnhYq72qf8n55pTfDvVW7c="}},"Me4v1PVtuipbpv1RwBAj4RWsNc8ECPsFAfUufqi7NCw=":{"valueMac":{"type":"Buffer","data":"GYdTL5srgL7tCyoPVmdXCf52jD4OXwxgBAIfyeqfaWU="}},"TuzZ+e/6/bPqytlT2NRIeYr0paCtvXBsnVJw2y1YFLg=":{"valueMac":{"type":"Buffer","data":"iKmXYFCEz/6qtOhdFHG+PKFQkN6HugMsZQid1B2Uohk="}},"V0bfKCIazcd9hDZn0G8uhZgZt0FvaC4TloaG13vVoNA=":{"valueMac":{"type":"Buffer","data":"iWqHk+F92EI4OeRuOjYlom6rp1zHy5AesbfsspIL1ZY="}},"YuIXyul72m8AryBJAnqW49ITXHolqpaUMgRMYHCNZ9g=":{"valueMac":{"type":"Buffer","data":"VaONoiBvZ0z8mur0r3lt996Ml9Y9PnFAr8dUlUkPahE="}},"f01l9gjH8HZat9ezfXjI4/FK0ESGJ9vOYT3wL3CLFlY=":{"valueMac":{"type":"Buffer","data":"lgiaA6IFm5BtbACy21+Fjj9XISRSy5hGJckmFlD9YIQ="}},"l5CuPCHV2bfcanuRBKBzad0BrLkCaGwyeHEGMwzP7/4=":{"valueMac":{"type":"Buffer","data":"XLtQHp4CUk0kCwYmmtF5cIWkF86z6QnPGnEWlqc0t6s="}},"4Jps7F6ZcUCxRCvkMUjv9JdkevCGmQyCspsIuzzDwAE=":{"valueMac":{"type":"Buffer","data":"iGiDa3Ixu1kpMuqv+yeEk24833d8za8pFnY17WOSyHc="}},"7KN/OU9b4E7zqdOV8S/W4Rsis+xQmsHTw4fKk4EIkpY=":{"valueMac":{"type":"Buffer","data":"3INXf47qorkc/EzUMSWY4zyhwNdlJVvkntmuf2i8yec="}}}}