{"version":15,"hash":{"type":"Buffer","data":"GbDedA5phTSZSrbWC5Z53wgzqCY9jkwqR+lNaAgtgw3qcGX90gqTE95M/vtbtKd+lugObmzyQ5L4CpAk4HnCP2CMan+46Mw1N3al2VuR3UbYEg4n9KYgT290Z3LpLBZ3PBHES9JFP/zJnBA8HlCV2qRXVwkz15HAUb6WXRbHZvo="},"indexValueMap":{"pf9sIXWucVcfY1K/0HrGvxvFxJjr68ZeOhJ5GchoTGA=":{"valueMac":{"type":"Buffer","data":"DTkA1DIgffSn01+bFVeaKM6xDVvzGkxvlYMNAHy+RFI="}},"n2McSEObtE7F6OC1pDGNJ37OsBklvCLBB3njB/PQE90=":{"valueMac":{"type":"Buffer","data":"1RdS+w4jXklnBUOEM1KZBLJ/80acBihZaYTwTo/Samw="}},"p5LmuuYsZqJWzhP0EuAWLwa5ZO7zJfqiMnnNS4zQBoM=":{"valueMac":{"type":"Buffer","data":"aOw+yt0XnWlTwH4yrdMiPO6UgEcVe8kL7Y3NLvnP4cU="}},"eMQL1hwTUFsFzzphejs7/wdlwo66K0pfo0fYKnmUNQ8=":{"valueMac":{"type":"Buffer","data":"c++BOYRr8JMYiHxpRnVxe7GnZFTlQv2b5Oa7eKpq188="}},"dK/sXY8jczKpJZDVvd7smo7H69mRO2ns5Opm/3XfS3c=":{"valueMac":{"type":"Buffer","data":"1lOx1KiI1t0tT1axxuYZuIb7NI6DnBRTm7zpl57ZbL4="}},"E0MfVjmjpQleqOO1HD3xSBgV1bJRxVCZGViOeU2vaVc=":{"valueMac":{"type":"Buffer","data":"/+2Q2cg71GetMgw63CJEbA5+7UkVE8ezqVnjpRu86Ik="}},"mFfhvm1nbsV9GREo6RZ9wQS7SuB8x1YMwa/xIcvp44A=":{"valueMac":{"type":"Buffer","data":"4awF4WPON0wY/A+SXwb1NatfE25xWIy7EUMVr4GFdJg="}},"JYKDdUhLGDYLZ2+y2CdAdPwAQR0sIjYYwl72j0bOrg4=":{"valueMac":{"type":"Buffer","data":"+ztpf3Nvkj4Yt97Vqdh15RAJgz427D1KwAu613EdWJk="}},"jS422l6twcOvWXngeBdZ97xlO+bwMgxgarNmScWGwq8=":{"valueMac":{"type":"Buffer","data":"gP9xPG62OnK+BEoXidrymu9oPBaFujgWvmaLHUq4cVI="}},"M3SeXTJIg4KXfhBtGVyEl3RAwPSPf+EK695UnNJY5io=":{"valueMac":{"type":"Buffer","data":"kOdY3H0ReD4eGkxFqHG/9IC3tU4Rvl50tgC0AKUTiIA="}},"FcCQqltb/0DgsP0EzoMxj1n7OFpeQ3uJaEPkgzFd7I4=":{"valueMac":{"type":"Buffer","data":"1dCEgh1WG5hnJP8Pwsp+SnUgINvn/TIZ7qVNWBRfjYw="}},"i6m02RosoacbYdLBhAIqa65NozAvkoHSv/UgbgbkC04=":{"valueMac":{"type":"Buffer","data":"nJrNIBLEOcW1I5DerrjN86CbwyA3JZFXm9W4jtafexs="}},"nlnx2uP+e5JzM38r2wg/NDgLdf0iLE8ZUuw72SIbfsg=":{"valueMac":{"type":"Buffer","data":"jFgPVNSIs6ZOPZjkGRqz0hjkoDiKWQ/XqaWs1fRtHwI="}},"j7uXHsIxn1uCiPlhdsJejLKKqFxLpwjrCg3U/SNUTe4=":{"valueMac":{"type":"Buffer","data":"9YAby1fk7igXe0i9pOw5F1BQ5QDHg6bsQ5yd9iysMzc="}}}}