[{"senderKeyId":1399004253,"senderChainKey":{"iteration":2,"seed":"3DlIWFzRxpvvHxBqglHex4nB1IIiODv4cKteC7EThsE="},"senderSigningKey":{"public":"BSIvD/PuDbG1wC4Fs+REdAK1rVmALUY5q22wbbAFxlVx"},"senderMessageKeys":[]},{"senderKeyId":1399004253,"senderChainKey":{"iteration":1,"seed":"0zqFuKI9evM/LcA9pi8a4208Zjlpn1zfRbfGMEww8yo="},"senderSigningKey":{"public":"BSIvD/PuDbG1wC4Fs+REdAK1rVmALUY5q22wbbAFxlVx"},"senderMessageKeys":[]},{"senderKeyId":1418916196,"senderChainKey":{"iteration":1,"seed":"qGjYA2aClRndKKxS5+AyjLlHS3gAJnojJAZ3xVEfOPI="},"senderSigningKey":{"public":"BaREV0eAKtXiOiCSWXTLrB6fQVvw+Fq2M7FU/tBzuksT"},"senderMessageKeys":[]},{"senderKeyId":2095730263,"senderChainKey":{"iteration":1,"seed":"qi4tDIPjaSc0Ce2X9aUShAyZCt6lGbyER/V/8ljf81U="},"senderSigningKey":{"public":"BdP2b46EgIt0zesF/tEDoCrhsntL23M923jF12T/hnUq"},"senderMessageKeys":[]},{"senderKeyId":2082418762,"senderChainKey":{"iteration":1,"seed":"fToo+0EfqK+US1Pb+mD/VQidPt5dy9Q2ooPh9YGS4OE="},"senderSigningKey":{"public":"BTNaIM2Yh/Q3KMGsOxfgbIFTSNrlZ58fSpeSW/CrOSoZ"},"senderMessageKeys":[]}]