{"18287979270@s.whatsapp.net":true,"51917600715@s.whatsapp.net":true,"51917600715:3@s.whatsapp.net":true,"5511966591823@s.whatsapp.net":true,"5511984291732@s.whatsapp.net":true,"553496741592@s.whatsapp.net":true,"553496741592:3@s.whatsapp.net":true,"553496741592:4@s.whatsapp.net":true,"554188487695@s.whatsapp.net":true,"554188487695:10@s.whatsapp.net":true,"554784172951@s.whatsapp.net":true,"554988267474@s.whatsapp.net":true,"555597200360@s.whatsapp.net":true,"555597200360:69@s.whatsapp.net":true,"556596614191@s.whatsapp.net":true,"559291814474@s.whatsapp.net":true}