{"_sessions":{"BRJwnlkNUcrCHZjq/Ri0GdWC61zWxlOns42jf6QWpHlY":{"registrationId":2135764507,"currentRatchet":{"ephemeralKeyPair":{"pubKey":"Bc/1MqH39JyFVJ9ZuJ+uRItoo9sYg7zgrHLB0dSyupxE","privKey":"MNKmIEMfeD2wMWN8o0N7qNUaGyC54ZtWQkfQLx967Gg="},"lastRemoteEphemeralKey":"Ba2YSxijf9WvJVLHVs61/JXxvLzrrqzvPz4sWSS4wzNQ","previousCounter":0,"rootKey":"4N0aNwH3H1jVNQk7+FfaaAndG+GIWHGTUr9+Qx66RTQ="},"indexInfo":{"baseKey":"BRJwnlkNUcrCHZjq/Ri0GdWC61zWxlOns42jf6QWpHlY","baseKeyType":1,"closed":-1,"used":1755720109979,"created":1755720109979,"remoteIdentityKey":"BaekJ6W7nTbmo7KQsLf2ievvN+UO8w7qbvSGMT94gPhn"},"_chains":{"Bc/1MqH39JyFVJ9ZuJ+uRItoo9sYg7zgrHLB0dSyupxE":{"chainKey":{"counter":12,"key":"8Akln7xBg0dvy2P0PsjhMB8qDqa4jF+fKo1Vuh3ReYI="},"chainType":1,"messageKeys":{}}},"pendingPreKey":{"signedKeyId":8,"baseKey":"BRJwnlkNUcrCHZjq/Ri0GdWC61zWxlOns42jf6QWpHlY","preKeyId":5861348}}},"version":"v1"}