{"_sessions":{"BdTQ7hpH53iYVNmQxBnl3lsxherofm9wxo3VcDisISde":{"registrationId":1838317398,"currentRatchet":{"ephemeralKeyPair":{"pubKey":"BTQNaCa1ULMDDMlYEdWySRCxgTK1YlD/KMWH8NrIbdBE","privKey":"mHewex/zMir/gUFmcCLx1y+kGpXQg5GhDmRbPzJPelw="},"lastRemoteEphemeralKey":"BW8DauzVcpu6lWeVQqPb5e+Z4ZNOoUwa0jwKuFAvhJ9L","previousCounter":0,"rootKey":"3aB5V1PoWngnQzAaW1B4CVu1yRBeIaVw7vhyjYQ+p6k="},"indexInfo":{"baseKey":"BdTQ7hpH53iYVNmQxBnl3lsxherofm9wxo3VcDisISde","baseKeyType":1,"closed":-1,"used":1755720110001,"created":1755720110001,"remoteIdentityKey":"BYpUPtNIOUiuUi9f3g2GTUbeIkm4MtCa+OL6KIyFUNRW"},"_chains":{"BTQNaCa1ULMDDMlYEdWySRCxgTK1YlD/KMWH8NrIbdBE":{"chainKey":{"counter":12,"key":"KDqQgXlA/QbWdj9xYN26JG1nQMVIL9/1a3ndNDvmYm4="},"chainType":1,"messageKeys":{}}},"pendingPreKey":{"signedKeyId":49,"baseKey":"BdTQ7hpH53iYVNmQxBnl3lsxherofm9wxo3VcDisISde","preKeyId":10178218}}},"version":"v1"}