{"_sessions":{"BRLslw4HdqVMqVg0MbwdQ9u4CKtF6jzO3mkPSfEQdyEE":{"registrationId":326779973,"currentRatchet":{"ephemeralKeyPair":{"pubKey":"BaPgS7L2hZalTA2KCswJa2Ya4e91s/YTUxy5XNN5fepd","privKey":"AGhcD2eACL5Uo8fQhIZ3Ahv+qRF3NHEMd5TM7HgqaWc="},"lastRemoteEphemeralKey":"BU2BZhmMUKWVRkhaNVsSrc/5j8SbUbr+P/j5mOc6iRgz","previousCounter":0,"rootKey":"sPjSu2o2m2LN8qoSM4xzT9qR6eQDbgE1O8K4ph6b8VU="},"indexInfo":{"baseKey":"BRLslw4HdqVMqVg0MbwdQ9u4CKtF6jzO3mkPSfEQdyEE","baseKeyType":1,"closed":-1,"used":1755720110029,"created":1755720110029,"remoteIdentityKey":"BaaD0OGurtqS1a8M9gzJas2DJZUAjc/nKtpBVL4TomFZ"},"_chains":{"BaPgS7L2hZalTA2KCswJa2Ya4e91s/YTUxy5XNN5fepd":{"chainKey":{"counter":12,"key":"nN5fxXZcKygPuNvWblFQ+H7JHPf39RnqIEX2rnY9EAM="},"chainType":1,"messageKeys":{}}},"pendingPreKey":{"signedKeyId":18,"baseKey":"BRLslw4HdqVMqVg0MbwdQ9u4CKtF6jzO3mkPSfEQdyEE","preKeyId":7309413}}},"version":"v1"}