{"_sessions":{"BVI6nztb1/sPlM57uPNaljnHZlorh22OkfPEK43UtLJ/":{"registrationId":13247,"currentRatchet":{"ephemeralKeyPair":{"pubKey":"BUKzFOX6EMi7x4AVPNuY2Vqgr8M2tpOuYSq9Fizul3wn","privKey":"gGk8S6Y6x9hORm3FTahjJLNWlqfh7hyaI0XPwExuzWg="},"lastRemoteEphemeralKey":"BRy4NuffQPfood9qRnbIfjL42Z57xCrVIhmnm+cXThts","previousCounter":0,"rootKey":"x48vn9g/agOyIsXVUTppVy/uswH5aI9DBD0m9dpAgTg="},"indexInfo":{"baseKey":"BVI6nztb1/sPlM57uPNaljnHZlorh22OkfPEK43UtLJ/","baseKeyType":1,"closed":-1,"used":1755720109912,"created":1755720109912,"remoteIdentityKey":"BViqMj8QiyjehDOUMbn2htE3IgLlOoPEwxSVWEU14rdQ"},"_chains":{"BUKzFOX6EMi7x4AVPNuY2Vqgr8M2tpOuYSq9Fizul3wn":{"chainKey":{"counter":12,"key":"gpjO/DFbddi9/lRrslYDAFJfQBuz+lut0xHu6mBpIhA="},"chainType":1,"messageKeys":{}}},"pendingPreKey":{"signedKeyId":2,"baseKey":"BVI6nztb1/sPlM57uPNaljnHZlorh22OkfPEK43UtLJ/"}}},"version":"v1"}