{"_sessions":{"BZ/4viOTNs/h80EUkH6cBDuzxzPnNn0MYNHKXSQe0RBk":{"registrationId":1438521886,"currentRatchet":{"ephemeralKeyPair":{"pubKey":"BV9Wue2G4AnPngrO5o3cwqc0eVjAzNYKVacRHmUvpzRQ","privKey":"CAUj3utne7+8HS1ISsLfOvr6+vN/uG3ZCZol4rFAUFc="},"lastRemoteEphemeralKey":"Bd4+9sPA/jZqRUKCEgWXRecH3lkm7GmxFv9f1lftaZEm","previousCounter":0,"rootKey":"8Cjz/yvoT2zeTyhfghnlj2JJgWPWryzC3dQjD6N1bDA="},"indexInfo":{"baseKey":"BZ/4viOTNs/h80EUkH6cBDuzxzPnNn0MYNHKXSQe0RBk","baseKeyType":1,"closed":-1,"used":1755720110037,"created":1755720110037,"remoteIdentityKey":"BXUGObt36sVpHjeqCFAYywfjhRskAiYHPtvSRIktlkds"},"_chains":{"BV9Wue2G4AnPngrO5o3cwqc0eVjAzNYKVacRHmUvpzRQ":{"chainKey":{"counter":12,"key":"cTwUVmnfPp6+UutA4mOecc8W0alkkVMed3kSVgySxEQ="},"chainType":1,"messageKeys":{}}},"pendingPreKey":{"signedKeyId":13,"baseKey":"BZ/4viOTNs/h80EUkH6cBDuzxzPnNn0MYNHKXSQe0RBk","preKeyId":4815195}}},"version":"v1"}