{"_sessions":{"BU04c62OiSyjpFVAf4iM1PiMGG7/KfRLPAETTfYBLwYj":{"registrationId":860085581,"currentRatchet":{"ephemeralKeyPair":{"pubKey":"BQ9JUs13PcxDYMmpNnKTBrbmyZpejiHXosYYsNcjTa4E","privKey":"iNraPfBb7G7GsH9BB1IjiSUQkFs31jCcQSQqBZZDwWU="},"lastRemoteEphemeralKey":"BfSS3fWlVnyC55oaWcRK78Zaf+B9EdguyKcKAqXwC0EK","previousCounter":0,"rootKey":"INgUAHXanzlD4f0qzCZ2XzSWKjEGIbSd5t5ksLZ0wC8="},"indexInfo":{"baseKey":"BU04c62OiSyjpFVAf4iM1PiMGG7/KfRLPAETTfYBLwYj","baseKeyType":1,"closed":-1,"used":1755720109964,"created":1755720109964,"remoteIdentityKey":"BX3ST3fRw6GREv//VjXjvTk3w+Ej6ow6uNRfFDhg0aQI"},"_chains":{"BQ9JUs13PcxDYMmpNnKTBrbmyZpejiHXosYYsNcjTa4E":{"chainKey":{"counter":12,"key":"0/mFW4Ts3HCJ03ON3i1qxo7d2Chn8aZcyl03HRAaSV0="},"chainType":1,"messageKeys":{}}},"pendingPreKey":{"signedKeyId":55,"baseKey":"BU04c62OiSyjpFVAf4iM1PiMGG7/KfRLPAETTfYBLwYj","preKeyId":11025427}}},"version":"v1"}