{"_sessions":{"BXaC4sZF4Fcq3ng5CoU7+FqwYJpshmIyMWeiNUFQ0xlQ":{"registrationId":1876211821,"currentRatchet":{"ephemeralKeyPair":{"pubKey":"BdYX9hvnGBDGCYCgmgkpy45oz6Ulz//+cVaiuWyhpBM4","privKey":"eO23JLHmyeWdco/+xhH8re+Vo0y6UogI7TsBodA8mFU="},"lastRemoteEphemeralKey":"BQG22UPV+pXYPaPv82T6cJegeWxiC+ytaJqTTZmTCRsJ","previousCounter":0,"rootKey":"piPQW4s/VzWi0260Vpn9YkRXjU8j920DCaULh8yA3Bk="},"indexInfo":{"baseKey":"BXaC4sZF4Fcq3ng5CoU7+FqwYJpshmIyMWeiNUFQ0xlQ","baseKeyType":1,"closed":-1,"used":1755720109968,"created":1755720109968,"remoteIdentityKey":"BbMjHR3Zk5zNKIl6+DCT5iNYcim7OPmUBYKF978lnmlt"},"_chains":{"BdYX9hvnGBDGCYCgmgkpy45oz6Ulz//+cVaiuWyhpBM4":{"chainKey":{"counter":12,"key":"W5YVcwVcqyvZsy7nvP5xbeH3X6MZMNk6GvjPNZnTGxI="},"chainType":1,"messageKeys":{}}},"pendingPreKey":{"signedKeyId":36,"baseKey":"BXaC4sZF4Fcq3ng5CoU7+FqwYJpshmIyMWeiNUFQ0xlQ","preKeyId":16696540}}},"version":"v1"}