{"_sessions":{"Ba6xOAv5D0cNgEvUngB8x4QdbgrNuYXBnOe1jVtn/Bli":{"registrationId":1413693365,"currentRatchet":{"ephemeralKeyPair":{"pubKey":"BcC7GqGDlyHI+vguDv/Wk6wNlxanVxFKv4m4Na1QgZlL","privKey":"WLHlq4SGNYaM3Zb0txIzk7tbZR8X0zl9qwxOfv7Ga3E="},"lastRemoteEphemeralKey":"BZnahwvMWUa7F/dZFRKap+PeeVnYHoaLEw7sgzebTIFf","previousCounter":0,"rootKey":"7SH9IlDFmTvzmGI2DJVDAup/jKY2N0iD4mWesVBLJyY="},"indexInfo":{"baseKey":"Ba6xOAv5D0cNgEvUngB8x4QdbgrNuYXBnOe1jVtn/Bli","baseKeyType":2,"closed":1755995453571,"used":1755721191920,"created":1755043505288,"remoteIdentityKey":"BXLAacj4ZzmZ3OQrtMSCdDPYrs2j/ZgZ/pmL+egeo6g7"},"_chains":{"BWi39MbuB5qYMca72SU1pvh7Z0X3k/H1oTDiZVJe9yFg":{"chainKey":{"counter":18},"chainType":2,"messageKeys":{"10":"H/Jly50dmb/EOrcJGDLu8lVxkwQKAPkkwVz/J4+Oslw=","11":"1DqC+HTvQtvgy2Wpom6JhC4E29jZJ5Ui+4YFlebiElY=","12":"y3tD21bbJS+j6H/YNHL6//4jg45WW0J/8uIk0hS3mKg=","13":"1wJYJSOYFdLY4iKRyWXH7MnIvJUSg6Jd75nfiVAoyzM=","14":"oOxSfvzhAF8cDE8r4ad1AJtNQAfB6CBLUm81L+HR/pU="}},"BcddjkzBZ7yQABnHTW4JbRy+K1P9Jy83S3ZztU2xZwgN":{"chainKey":{"counter":0},"chainType":2,"messageKeys":{}},"BexHG+eso8lhl2QxQBTqUArOzE7q0negbOZ1TBA3ZchN":{"chainKey":{"counter":0},"chainType":2,"messageKeys":{}},"BfXa2prqn8JitRuxqK9F7WAszyvziDhxKdmRVIdACVVr":{"chainKey":{"counter":3},"chainType":2,"messageKeys":{}},"Bc4gCcYKPoPKnmanp9ygAfIQqEqYQCAg7pOrhRU8L1dx":{"chainKey":{"counter":1},"chainType":2,"messageKeys":{}},"Beptg0Ry4VAKdunO7wE+Kp03288yRC3TQImFNJvbb4FW":{"chainKey":{"counter":0},"chainType":2,"messageKeys":{}},"BXAVv+1FBPlbTyP3V2NWX15M8MdRTpSvDjwS05wEKFQ+":{"chainKey":{"counter":0},"chainType":2,"messageKeys":{}},"BV/MytRSZyXi8bnX9jHsHmIbbcncXes4gxTfWegdwm45":{"chainKey":{"counter":0},"chainType":2,"messageKeys":{}},"BVxDxO6qv9eUa/IJGJsQkTFWQdj3kpkB6BCYwM8bxEMp":{"chainKey":{"counter":0},"chainType":2,"messageKeys":{}},"BVoXmJXtjwdb5jp0QH8giS0vUsgGuly/WKIln5+S+f53":{"chainKey":{"counter":0},"chainType":2,"messageKeys":{}},"BfZc6lJ+hDENvKdQWBfpZ+RZVEn7H3KaONXUmt5vbLI3":{"chainKey":{"counter":37},"chainType":2,"messageKeys":{}},"BUyovNHYeKlAMVr97tPI0tLdM16SZBeH1aAUBKjhh3RG":{"chainKey":{"counter":0},"chainType":2,"messageKeys":{}},"BU9R5i2fPI8HI/OJtla+ob/WAfrj4S5noCnWDY0IGDMD":{"chainKey":{"counter":0},"chainType":2,"messageKeys":{}},"BS11fQgPVf+CpjWALYvRBr9H/8IZyQ+AMl6IOh728+8D":{"chainKey":{"counter":0},"chainType":2,"messageKeys":{}},"BS6Ix68iYnJ2gArIq+7AcUE05FM0+GVL/h5f5s/YvFtG":{"chainKey":{"counter":0},"chainType":2,"messageKeys":{}},"BTQz6JS7CF5OGhkcHBoN7rOdgp2iGK/UVTV/ScyOgwgV":{"chainKey":{"counter":0},"chainType":2,"messageKeys":{}},"BSK2FQxjjSI20tGxkYhKlO7K+QVaT9aCWuaLrz/0Xrpo":{"chainKey":{"counter":0},"chainType":2,"messageKeys":{}},"BQlgnsE4lg59XCUD+rpHxCGj5Qh0Ml/I3eNVChw/ghp5":{"chainKey":{"counter":0},"chainType":2,"messageKeys":{}},"BcV4Tx5w1EZYsS4Muusu23k3xgRLzsBluD7o/Ao1z6ta":{"chainKey":{"counter":0},"chainType":2,"messageKeys":{}},"BdH7FnmAlbsdoxnzusm4Rar8YwvpYEHtfgPoT6kB36lM":{"chainKey":{"counter":0},"chainType":2,"messageKeys":{}},"BSrvhxDX0ZVExTlUeytDmOoDdn/d2/IdBAEz2axudL9p":{"chainKey":{"counter":0},"chainType":2,"messageKeys":{}},"BZHrBm3uesUOKSKqOqQk1iS490I05PkpqQygBy5dOfpo":{"chainKey":{"counter":0},"chainType":2,"messageKeys":{}},"BQa9LJm/k3mjjZF64yGpV2agjKPRJRcKId4PccrssoIf":{"chainKey":{"counter":0},"chainType":2,"messageKeys":{}},"BUvMlvh+Zr4YzAPjI+CJHEurYt/Nb7w9o/99QjFipc5q":{"chainKey":{"counter":0},"chainType":2,"messageKeys":{}},"BUcw5/uBRoGeNyXBCYJYGLnxYd08zNP/2d8LcF60HYxG":{"chainKey":{"counter":0},"chainType":2,"messageKeys":{}},"BbL3aCapComqBnkgbtConNRi7yKHf46gcJtNpVKmtQVI":{"chainKey":{"counter":0},"chainType":2,"messageKeys":{}},"BaHeYRirwAcMzu6ZmWF9Hz47GpIf3AFFZ08Vg5QBkSJW":{"chainKey":{"counter":0},"chainType":2,"messageKeys":{}},"BSm4wqSJYZ0fLCLpk+6gwyFeRPXOs5xb477upBKJ36hq":{"chainKey":{"counter":0},"chainType":2,"messageKeys":{}},"BcP8LthNt/tDiyH6JOomPnoY9BUKgl72U14PAlVxORsP":{"chainKey":{"counter":0},"chainType":2,"messageKeys":{}},"BefSE8OI5yYXCxXuWIElnkvd0FGrh42m3pNR7RRIlxNU":{"chainKey":{"counter":0},"chainType":2,"messageKeys":{}},"BSE/Vvut3pq5srqpK6VNMzuwcIz4v1ayzujSOv30VZk9":{"chainKey":{"counter":10},"chainType":2,"messageKeys":{}},"Bd55GgHSXZ23Mkz06WvoWs0LsDtBmtv9uVbWtxWZwCx2":{"chainKey":{"counter":3},"chainType":2,"messageKeys":{}},"BZQs8AXupHuI7zBwdhVtBWp6N+Fn/FsPk1BzFeDfpO4h":{"chainKey":{"counter":0},"chainType":2,"messageKeys":{}},"BXDeopTAZOdYnaR/u/b2LYwgTW6liPCAktqoGxDlgIYO":{"chainKey":{"counter":0},"chainType":2,"messageKeys":{}},"BdRyL+IDPIynqcCtaf5QjHpJelew/KFlv2+uMDMPM7s7":{"chainKey":{"counter":0},"chainType":2,"messageKeys":{}},"Bd51R18IPNxRvkazoDeI4BlxVxmaVzHAUGT12ufUFw8y":{"chainKey":{"counter":0},"chainType":2,"messageKeys":{}},"BT21c2O5cOv3k5N75w4VpT5JhlwSFnxV9YlKJV1LBKpd":{"chainKey":{"counter":0},"chainType":2,"messageKeys":{}},"BU7GfeHpLrh2IfhcTnLLUY+T2ektkPH5p8QmaTAt4tkC":{"chainKey":{"counter":0},"chainType":2,"messageKeys":{}},"Bc4T725On1EKl0QVqqA2gHADs3YzwUn6v2eHhQVLVLpx":{"chainKey":{"counter":0},"chainType":2,"messageKeys":{}},"BbupIEDgeO8hjD1kqQyA7Y3hobRp275chQdWnUjhKgw7":{"chainKey":{"counter":0},"chainType":2,"messageKeys":{}},"BQalplL4rPfGqF4RryB5Ocul64jwFI6MCPouKl/Py+NP":{"chainKey":{"counter":0},"chainType":2,"messageKeys":{}},"BdTOQpCEfA5eI8Z+e/GncKTe2xsH9kF+7fSgEyBYeHQS":{"chainKey":{"counter":0},"chainType":2,"messageKeys":{}},"BbvSPf8IBIbIa0lY6T4xug8S7OfylNwWcR3xbMhBcyxc":{"chainKey":{"counter":0},"chainType":2,"messageKeys":{}},"BSza5e3O/M3JocA0g6xF3iDO2LTXQ9E7iSMuspNDyqhD":{"chainKey":{"counter":0},"chainType":2,"messageKeys":{}},"BTpoabzBvqfhwyKFkAWL6nO34j58+OpbDMlQrwlMKgtP":{"chainKey":{"counter":2},"chainType":2,"messageKeys":{}},"BW8HFs7KlqdCzr+i15YwtSuI6ehyevrIalQtWtWW5ncM":{"chainKey":{"counter":0},"chainType":2,"messageKeys":{}},"BfNsxxVg0M+PTisLZ7gfniYewE7nTkxXS40glOV8WqIM":{"chainKey":{"counter":0},"chainType":2,"messageKeys":{}},"BS/Cvx3M0ktbDNm2Ly6ZGJtrbVaJBLlaE6Y1WOz9ZGJM":{"chainKey":{"counter":0},"chainType":2,"messageKeys":{}},"BVkmgfVQSfY3yP1N89eTfEiT4YI9p+dQXhCcYbEATZ42":{"chainKey":{"counter":3},"chainType":2,"messageKeys":{}},"BXOMJJhB7z9eWfSrYUZnX9JnDO0dN3skxQFtLx3BR6Zt":{"chainKey":{"counter":0},"chainType":2,"messageKeys":{}},"BVJmV96DnetsrVNHeZ6/s4jjtLHIWBOcjA2GoZDvf3wO":{"chainKey":{"counter":0},"chainType":2,"messageKeys":{}},"BfGazhtz52ENYaGEIHyKYv0WJgwE7OjKIbrsHFu8SBMl":{"chainKey":{"counter":0},"chainType":2,"messageKeys":{}},"BY+uhsAmd43MXpajI9o1uOmnUNtGASs+sCSZCh0lWggz":{"chainKey":{"counter":2},"chainType":2,"messageKeys":{}},"BZunAskPIhitzjH4OrFdPkAvUlG0InhbrpTatCNSIDNA":{"chainKey":{"counter":1},"chainType":2,"messageKeys":{}},"BTTjk2OyRhPeCFYX7gkdvtSfi3yk2AAJ+BEdntfNEc8/":{"chainKey":{"counter":0},"chainType":2,"messageKeys":{}},"BRvqHr3jTw0UefQf7xfKW2cDJ5WtJUbplUAHJK9IBKAu":{"chainKey":{"counter":0},"chainType":2,"messageKeys":{}},"BUnFySVe4DyFDQobyMIimP43y91kecrhdksoC2WbPi5S":{"chainKey":{"counter":0},"chainType":2,"messageKeys":{}},"BSTyhoQC7MYpFK8hYvTIwppwYjfgORmRHsmR0bYEzMNH":{"chainKey":{"counter":0},"chainType":2,"messageKeys":{}},"BQKHPfNH4yTxbiVEvdrQF6t7n4/pMjsK0qUu/RH3MDpt":{"chainKey":{"counter":0},"chainType":2,"messageKeys":{}},"BVp1J8aUjFhePD9hW59KTv+VGrc4JhRGqMkx6J7Lkjt6":{"chainKey":{"counter":0},"chainType":2,"messageKeys":{}},"BbTubPdZXWMA1KtThM5oLMXk8r+IXvWE1wJsb4Y5TIZK":{"chainKey":{"counter":2},"chainType":2,"messageKeys":{}},"Bd624lqWSQTZsmoJ0mpZzCc3xHLGGf5RcwE/a0k5CrkK":{"chainKey":{"counter":1},"chainType":2,"messageKeys":{}},"BY6fOkfVCwog6ZB4xeSUH8EV/gJ6opAHDty1evyWuctb":{"chainKey":{"counter":0},"chainType":2,"messageKeys":{}},"BVJsaZ5NNIqBq0hFBc8YrIZx2KjgZ3ojMTGhbmYapbRt":{"chainKey":{"counter":0},"chainType":2,"messageKeys":{}},"BcdQV7cTwH1G3ouxPnhs8136ifQq/vDQsmgWLJ4ShjJw":{"chainKey":{"counter":0},"chainType":2,"messageKeys":{}},"BelULFJqUxmt/BO7tYY7asjxdbDnUNe6qwBoPtqI/W9c":{"chainKey":{"counter":12},"chainType":2,"messageKeys":{}},"BSC8ZfCOX9oHNW46L8h5z4mlWGV1GiuB1COg8OLFMjVf":{"chainKey":{"counter":0},"chainType":2,"messageKeys":{}},"BSUlh9Iu68qSOFf20eODoaAShQuSUTfD8bV75NV5u11x":{"chainKey":{"counter":0},"chainType":2,"messageKeys":{}},"BUemML9ejtMdRxB6j9eBa71ysINru50ZZ+QQpmz42yJv":{"chainKey":{"counter":0},"chainType":2,"messageKeys":{}},"BR9zri8rGGoMJCdWy2b0SFbz+0WCKD/pebk7vKkfM48l":{"chainKey":{"counter":0},"chainType":2,"messageKeys":{}},"BViaIFNbbuys2KgFMlcT1qxsjNbxBVrN71uRuQkqtoFq":{"chainKey":{"counter":0},"chainType":2,"messageKeys":{}},"BZnahwvMWUa7F/dZFRKap+PeeVnYHoaLEw7sgzebTIFf":{"chainKey":{"counter":0,"key":"GTliWKqw0XKVK5p8lh0MH03VzCVmssaalV6yLvpSKsw="},"chainType":2,"messageKeys":{}},"BcC7GqGDlyHI+vguDv/Wk6wNlxanVxFKv4m4Na1QgZlL":{"chainKey":{"counter":1,"key":"3sXoVOyRMcmT9I7sa7f72XxKCJNqwM76ISkIdr0Yugo="},"chainType":1,"messageKeys":{}}}},"BZxhiePllEG7q5i44rIwYQR4cTa6244Bk1mIOic6wn4Q":{"registrationId":1633115122,"currentRatchet":{"ephemeralKeyPair":{"pubKey":"BfcAntRUFRDv+WLjNrPrblHpzN7rFAxvtdk5PJtoa5tM","privKey":"mECqTT5IG3eZzaR3FYKjtK+zIm3zxkiI5ZpZmeU14UU="},"lastRemoteEphemeralKey":"BRwCFXYypT4s4LzCEgh1DkhMbyQGKat9pgDCUzxSW2Vq","previousCounter":0,"rootKey":"u7MhkVnMc43AoBl2d3pFrAxnH9KOJ/cTOk63KYiuy6Q="},"indexInfo":{"baseKey":"BZxhiePllEG7q5i44rIwYQR4cTa6244Bk1mIOic6wn4Q","baseKeyType":1,"closed":1756723383242,"used":1755995453568,"created":1755995453568,"remoteIdentityKey":"BRQjFt06bFOSWXUY+5+6URqW9cwC15DLPy90K2nyqmcL"},"_chains":{"BfcAntRUFRDv+WLjNrPrblHpzN7rFAxvtdk5PJtoa5tM":{"chainKey":{"counter":-1,"key":"7VZCRpHrkxAOwxhuIM+DD6346VfurX3X56pfiGsmPCk="},"chainType":1,"messageKeys":{}}},"pendingPreKey":{"signedKeyId":12405505,"baseKey":"BZxhiePllEG7q5i44rIwYQR4cTa6244Bk1mIOic6wn4Q","preKeyId":39}},"BXKDcIBcyQPR4NqsZ0blKaoa37VPvPoT/9kjwlClVThv":{"registrationId":1633115122,"currentRatchet":{"ephemeralKeyPair":{"pubKey":"BYOCT8FhJzl/3ojDqJzBKxfBxXFpIadWlkYcVpmWg45J","privKey":"sPrH2wJHJrOgmJa1PQXf+KXSe7oK7OKGW9TTu/wg3WY="},"lastRemoteEphemeralKey":"BRwCFXYypT4s4LzCEgh1DkhMbyQGKat9pgDCUzxSW2Vq","previousCounter":0,"rootKey":"WTX/PSDvdsM2KRSWENh+6SDOaEsZRNLPfeezv3DXfAk="},"indexInfo":{"baseKey":"BXKDcIBcyQPR4NqsZ0blKaoa37VPvPoT/9kjwlClVThv","baseKeyType":1,"closed":-1,"used":1756723383239,"created":1756723383239,"remoteIdentityKey":"BRQjFt06bFOSWXUY+5+6URqW9cwC15DLPy90K2nyqmcL"},"_chains":{"BYOCT8FhJzl/3ojDqJzBKxfBxXFpIadWlkYcVpmWg45J":{"chainKey":{"counter":-1,"key":"8iQ/B5cDjukF4ZYQVSdTp828ZUwCOKaGs4dESu2P4v8="},"chainType":1,"messageKeys":{}}},"pendingPreKey":{"signedKeyId":12405505,"baseKey":"BXKDcIBcyQPR4NqsZ0blKaoa37VPvPoT/9kjwlClVThv","preKeyId":703}}},"version":"v1"}