{"_sessions":{"BZRYH9nkDtTUIV1ZmrLKZT/ThPkZCqUobnHCjF1MBGx7":{"registrationId":1675201770,"currentRatchet":{"ephemeralKeyPair":{"pubKey":"BeVNZEccqHBvlxH0t8k559nJHmzxRpNhtfUGbJCIoutP","privKey":"aOHgPXb+tYX9YBYdcfrmvYvw2flb7kfxTg2riM5Uc3k="},"lastRemoteEphemeralKey":"BaR/1HISY64bm3E1k1oFiG20nm07P4XTgyqEGYIOdAIM","previousCounter":0,"rootKey":"Jplra9L7F7y8zRefKGODDuH1YVilKDDsUTiy/c7UiOA="},"indexInfo":{"baseKey":"BZRYH9nkDtTUIV1ZmrLKZT/ThPkZCqUobnHCjF1MBGx7","baseKeyType":1,"closed":-1,"used":1755720109916,"created":1755720109916,"remoteIdentityKey":"BaeWAQtSTSqsD8t4BYtvtU20DBkfz9os2+A1fcjFJAgC"},"_chains":{"BeVNZEccqHBvlxH0t8k559nJHmzxRpNhtfUGbJCIoutP":{"chainKey":{"counter":12,"key":"uVGtNCEPfmhYt1kTwnr2Nsko4vCxleGhNBBkQhBSabM="},"chainType":1,"messageKeys":{}}},"pendingPreKey":{"signedKeyId":17,"baseKey":"BZRYH9nkDtTUIV1ZmrLKZT/ThPkZCqUobnHCjF1MBGx7","preKeyId":5235439}}},"version":"v1"}