{"_sessions":{"BZYh5bA+YHLHG1xu7VXIjs2MZGm0XDGNZQOnvzLgpz1k":{"registrationId":1272092649,"currentRatchet":{"ephemeralKeyPair":{"pubKey":"BdftPuPuFWQD5Fh7ZV4kxchywdy4DJDV+OIUrZDTzEci","privKey":"OHu+ODrbeNVSd5gBO2H12qGrw3US6xZ1OAI/xkmYeXc="},"lastRemoteEphemeralKey":"BWAHa/1kv2G3IXIOv0CWnWbrXVoZbFKvQUK64JiVO1Al","previousCounter":5,"rootKey":"41boCRQTSidoZf5AO3uKKn5yOpx7Lree25+EFD/Qu+k="},"indexInfo":{"baseKey":"BZYh5bA+YHLHG1xu7VXIjs2MZGm0XDGNZQOnvzLgpz1k","baseKeyType":2,"closed":-1,"used":1755720351075,"created":1755720101888,"remoteIdentityKey":"BfR8hvCIi1Ru5Hb3VuxcL70fv1OALYOVVvHJ400QofdZ"},"_chains":{"BcTjKC/Y+a50dJmUngpwhgcp3eYKp5zgPkldyFOgRnxL":{"chainKey":{"counter":1},"chainType":2,"messageKeys":{}},"BWAHa/1kv2G3IXIOv0CWnWbrXVoZbFKvQUK64JiVO1Al":{"chainKey":{"counter":0,"key":"LTXdLE5+4FwVt4IKz/dtBIiE5yDbzR6dtnRab7QslMI="},"chainType":2,"messageKeys":{}},"BdftPuPuFWQD5Fh7ZV4kxchywdy4DJDV+OIUrZDTzEci":{"chainKey":{"counter":6,"key":"eseIq5b2POBmaOVXcibJFs/kSWT+LCa7fn5kxR6TyHo="},"chainType":1,"messageKeys":{}}}}},"version":"v1"}