{"_sessions":{"BcSoj67q69Tj6gho0zel6t54miOojN57eFgbvVMs6gBd":{"registrationId":815691594,"currentRatchet":{"ephemeralKeyPair":{"pubKey":"BXi7b7ikzaFdI3un/VzgTvAX7c0rAfpVwwLGRfDth5Fx","privKey":"qHZuJl2sCHI6G25db3yLu68lNLmt5Gvsd8SMnXY4mmI="},"lastRemoteEphemeralKey":"BYdNa+6oyR09jBfLykCs6DGqQCeK9T/pZnGLGngKbhg5","previousCounter":0,"rootKey":"TXqHM7z26vaP1u7Og/OemoTivAr7pzAr7Lu/Lb4zT/4="},"indexInfo":{"baseKey":"BcSoj67q69Tj6gho0zel6t54miOojN57eFgbvVMs6gBd","baseKeyType":1,"closed":-1,"used":1755720109987,"created":1755720109987,"remoteIdentityKey":"BYRN717cNrh2kTMY06PmH1/4ByZQ5YzIy/xxqjsjmSx9"},"_chains":{"BXi7b7ikzaFdI3un/VzgTvAX7c0rAfpVwwLGRfDth5Fx":{"chainKey":{"counter":12,"key":"3vf89MILnBXjfZZo3TZHq782bVEn23I7coKohJqjjF0="},"chainType":1,"messageKeys":{}}},"pendingPreKey":{"signedKeyId":9,"baseKey":"BcSoj67q69Tj6gho0zel6t54miOojN57eFgbvVMs6gBd","preKeyId":16697883}}},"version":"v1"}