{"_sessions":{"Bbuv8yne6SOvDSeOBuGxSpQFOPEe6SzA+riiqY6wOfhF":{"registrationId":895416352,"currentRatchet":{"ephemeralKeyPair":{"pubKey":"BeUldruems5YjKJu65bQPSVJMjttY8kM6YXyrBGAX1Ze","privKey":"wAX+WaA9CXy5E0pVZjL44Ke/gNn7qfdHSqYCUcSsr1I="},"lastRemoteEphemeralKey":"BVW6p+RxGSy3GOTptnhiAZ1mC0gCz8EQGBs3zMvkN5lH","previousCounter":0,"rootKey":"j5y4HaL/lbST7ZHcVDJT98glUvO+jBWqLpKc4yn2Ne4="},"indexInfo":{"baseKey":"Bbuv8yne6SOvDSeOBuGxSpQFOPEe6SzA+riiqY6wOfhF","baseKeyType":1,"closed":-1,"used":1755720109997,"created":1755720109997,"remoteIdentityKey":"BTm4U4nHectVykHJfDts14EOTuAC34RQ8LJe/Xgq5D9h"},"_chains":{"BeUldruems5YjKJu65bQPSVJMjttY8kM6YXyrBGAX1Ze":{"chainKey":{"counter":12,"key":"oDGh4AkLUjYaijOSa/id6LKexVRgYtX5ElG4dGIQ5UI="},"chainType":1,"messageKeys":{}}},"pendingPreKey":{"signedKeyId":21,"baseKey":"Bbuv8yne6SOvDSeOBuGxSpQFOPEe6SzA+riiqY6wOfhF","preKeyId":8842065}}},"version":"v1"}