{"_sessions":{"Bb7JTX8J6iyxlOgJBxSJbGCGXsTtHZBPHCna4lwN2nsD":{"registrationId":1562039712,"currentRatchet":{"ephemeralKeyPair":{"pubKey":"BXnYuxoLS44/SpKV3uuUtl3fjQ8dkc0oHo9q2V1/qUZs","privKey":"oOU7a4sd8sIZUfIp90CKOyTSY7WLFiIlAJeXlaHXKEU="},"lastRemoteEphemeralKey":"BTMgui7t+Sb4qaELYYE/N6HsDgtrKSynxjuT02d4Q9l0","previousCounter":0,"rootKey":"g+maF57/LuvYTdJ8UaYhZ7/wqHmpzFvNp2IobWY2dG8="},"indexInfo":{"baseKey":"Bb7JTX8J6iyxlOgJBxSJbGCGXsTtHZBPHCna4lwN2nsD","baseKeyType":1,"closed":-1,"used":1755720109953,"created":1755720109953,"remoteIdentityKey":"BbCttvtVeGHVefJbGoF7SKKCYffLOsPzYcJClrf7h+cs"},"_chains":{"BXnYuxoLS44/SpKV3uuUtl3fjQ8dkc0oHo9q2V1/qUZs":{"chainKey":{"counter":12,"key":"A7Al9UzChNGJPSSbw3slMOxK0szdugtgkM7mSqEMLrg="},"chainType":1,"messageKeys":{}}},"pendingPreKey":{"signedKeyId":18,"baseKey":"Bb7JTX8J6iyxlOgJBxSJbGCGXsTtHZBPHCna4lwN2nsD","preKeyId":7028997}}},"version":"v1"}