{"_sessions":{"BdHHdpgHRgtweYeBui/sVikaI+oPkXjs/P9L/XWSLMlp":{"registrationId":64588384,"currentRatchet":{"ephemeralKeyPair":{"pubKey":"BYuCM8aVjdNf4yNzECE9rTnvu4aF20FIllRjqE2G5it0","privKey":"8CzRhVCwtgQYhdfeV/0lXeUNOzTDLpaG501WPg8lLHQ="},"lastRemoteEphemeralKey":"BR57ZGPQ523zg4zjxW/diOaHk373s+uu9rseBtk4SOAY","previousCounter":0,"rootKey":"WUjvp9kDWsL2vfMKXcUHsdnhAaOFjIy455DAkE6HnN4="},"indexInfo":{"baseKey":"BdHHdpgHRgtweYeBui/sVikaI+oPkXjs/P9L/XWSLMlp","baseKeyType":1,"closed":-1,"used":1755720109983,"created":1755720109983,"remoteIdentityKey":"BWN9Y04w9faBCDgvzW6vn13A42IGDhr0knaNSHn9340N"},"_chains":{"BYuCM8aVjdNf4yNzECE9rTnvu4aF20FIllRjqE2G5it0":{"chainKey":{"counter":12,"key":"Ms156QnIwlao1G5rPLeevC4+SwRPT7QCl2Z+pm16JmU="},"chainType":1,"messageKeys":{}}},"pendingPreKey":{"signedKeyId":0,"baseKey":"BdHHdpgHRgtweYeBui/sVikaI+oPkXjs/P9L/XWSLMlp","preKeyId":12879979}}},"version":"v1"}