{"_sessions":{"BQ+/5ENQ/EvDbX/hk9fjk2BmbBdXqKnVOj117H9cRgoL":{"registrationId":813845849,"currentRatchet":{"ephemeralKeyPair":{"pubKey":"BWGhFskz9B9N5w+UcnBi9RkLyOuKUwNvWehmkkhCXA8C","privKey":"OFmSa00HkIDF+9krH1EF7dafBjUbppswoUlFsLcW60I="},"lastRemoteEphemeralKey":"BUGEHCa9NT4EaVYyL4sgi0GhLvcMSzUlxUQtPnrJRhtL","previousCounter":0,"rootKey":"nvRdKtMymIemCvac68IsqCfAA4cTTHPDaNTjwE4YsWo="},"indexInfo":{"baseKey":"BQ+/5ENQ/EvDbX/hk9fjk2BmbBdXqKnVOj117H9cRgoL","baseKeyType":2,"closed":-1,"used":1755720102082,"created":1755720102082,"remoteIdentityKey":"BYVSFj/FaP6QiyQ6g4YZn09rUtfSMjtcVgzcVpT3HMxO"},"_chains":{"BUGEHCa9NT4EaVYyL4sgi0GhLvcMSzUlxUQtPnrJRhtL":{"chainKey":{"counter":2,"key":"0VtS/cvunZU7q4UOlvOqGklKSOapnDSMnd0DEMmLEU4="},"chainType":2,"messageKeys":{}},"BWGhFskz9B9N5w+UcnBi9RkLyOuKUwNvWehmkkhCXA8C":{"chainKey":{"counter":12,"key":"+2DYc6VcFOhFpOIIlZYTJpvOZ15k2PEH7fLnnNiZvFQ="},"chainType":1,"messageKeys":{}}}}},"version":"v1"}