{"_sessions":{"Bb7T2AIinEKzHojvEF9Xthi7HmbJCwQs/46J6ZMi5eta":{"registrationId":257313982,"currentRatchet":{"ephemeralKeyPair":{"pubKey":"BaQP91DcLv/IqpLpZ225ySMHtht4jIsC7JhyPeQr+p4k","privKey":"IKpG2Myh7g1+ghlLg06r1eJKIncvKpMOrrByGh1PJEA="},"lastRemoteEphemeralKey":"BdsSVcxM5nKX8wtWnSVps5PCLcFa1cX+24c3qBcynyg0","previousCounter":0,"rootKey":"LGWdRLPBHkaGm/cswJhLLBVL/0yLYdcCcedElobxn8w="},"indexInfo":{"baseKey":"Bb7T2AIinEKzHojvEF9Xthi7HmbJCwQs/46J6ZMi5eta","baseKeyType":1,"closed":-1,"used":1755720110038,"created":1755720110038,"remoteIdentityKey":"BbrgIAS8pfq25qIAPLM0TDMhPin9/aJOmgRVECOmMhsH"},"_chains":{"BaQP91DcLv/IqpLpZ225ySMHtht4jIsC7JhyPeQr+p4k":{"chainKey":{"counter":12,"key":"IlxD/aOfhFa9lrjDZDjXe3Vgo2fBOriVS0DoFvfOkGw="},"chainType":1,"messageKeys":{}}},"pendingPreKey":{"signedKeyId":31,"baseKey":"Bb7T2AIinEKzHojvEF9Xthi7HmbJCwQs/46J6ZMi5eta","preKeyId":9225755}}},"version":"v1"}