{"_sessions":{"BfMWNwo/dWA4ZscI/W9vCr6Zscz7YTP2YBERoAfujm8L":{"registrationId":7074,"currentRatchet":{"ephemeralKeyPair":{"pubKey":"BW1D/sUOMl+FOZEm1Vo2WhtV7HOgnRNY95065g217rxK","privKey":"+C6pKhSzjyG5Xekz7JSdq6K+iAf0+guIYM4Y7CtlG2o="},"lastRemoteEphemeralKey":"BXbwnXrmWMlNdiFdkEEteFEeZNBnAY62AiyumvYBnSAt","previousCounter":0,"rootKey":"8R7my33pqvUQwy8xJBD2Y8C2Gb/gk24l8CBuCRomS8g="},"indexInfo":{"baseKey":"BfMWNwo/dWA4ZscI/W9vCr6Zscz7YTP2YBERoAfujm8L","baseKeyType":1,"closed":-1,"used":1755720109892,"created":1755720109892,"remoteIdentityKey":"BaqMUEEUkEQjlXg2RG/tDV/Honqj1GjE4Pe3mS+u2Gsu"},"_chains":{"BW1D/sUOMl+FOZEm1Vo2WhtV7HOgnRNY95065g217rxK":{"chainKey":{"counter":12,"key":"cb1LFHlzYUZ8APD7AX7Nmzkbttyl2iyd1CuKgxihhn0="},"chainType":1,"messageKeys":{}}},"pendingPreKey":{"signedKeyId":1,"baseKey":"BfMWNwo/dWA4ZscI/W9vCr6Zscz7YTP2YBERoAfujm8L","preKeyId":647}}},"version":"v1"}