{"_sessions":{"BcVCI4BQkPCSqUxkXN94sX31yWM3q3aUFp9vVHgbH7tz":{"registrationId":524200561,"currentRatchet":{"ephemeralKeyPair":{"pubKey":"BWmPg1SMjRc1a8c/+zDyh/CpZo+VNKwQcuA3FcDIqGRk","privKey":"+KQTE/u/dG12biCfKk/ef5I2tLng716qVbZwovEY8mo="},"lastRemoteEphemeralKey":"BdMczYNDx9bT1Z5vJiCkvRJBhx28pI8FFlLShzIurRNI","previousCounter":0,"rootKey":"pVIlUvtbwtE21vlkD10MeGC1tgThc/T5mPMJ1MbLhs0="},"indexInfo":{"baseKey":"BcVCI4BQkPCSqUxkXN94sX31yWM3q3aUFp9vVHgbH7tz","baseKeyType":1,"closed":-1,"used":1755720110026,"created":1755720110026,"remoteIdentityKey":"BVeg/GFLmU22nPRDgMkx3NxkwC+2g4kvpM2iMukDRzBu"},"_chains":{"BWmPg1SMjRc1a8c/+zDyh/CpZo+VNKwQcuA3FcDIqGRk":{"chainKey":{"counter":12,"key":"13fkxFlRWcL6QoYKIiXEuhwd1mBHX+AsUaEP2X+XEJA="},"chainType":1,"messageKeys":{}}},"pendingPreKey":{"signedKeyId":10,"baseKey":"BcVCI4BQkPCSqUxkXN94sX31yWM3q3aUFp9vVHgbH7tz","preKeyId":12766059}}},"version":"v1"}