{"_sessions":{"BXSupGzQM8lS1LXMjSpcTRR0CPbCoxOY6hipntWEVbto":{"registrationId":2035744097,"currentRatchet":{"ephemeralKeyPair":{"pubKey":"BRivuOIfkFejobUMXvlQvrQ130ne1NiOX8KFoYdOfZc1","privKey":"2CJeGCD4886exzcXIkQA1W3DfCv9ykWK+J+AEpbK2Xg="},"lastRemoteEphemeralKey":"BV7evw7MPMSiSafv3FK1tX0OddXlcEnGGyh+2Qkm/yUv","previousCounter":0,"rootKey":"iYtdcCx9BL14M6y9CRjq/LMl0G6dobr0hdht0iwYUiA="},"indexInfo":{"baseKey":"BXSupGzQM8lS1LXMjSpcTRR0CPbCoxOY6hipntWEVbto","baseKeyType":1,"closed":-1,"used":1755720109933,"created":1755720109933,"remoteIdentityKey":"BQz/ElCVAMy3pBB5Z8XWXCZnT0b7zu86a9oPQt9vkyFH"},"_chains":{"BRivuOIfkFejobUMXvlQvrQ130ne1NiOX8KFoYdOfZc1":{"chainKey":{"counter":12,"key":"E6wGFfbPb+PBjBnwTLzO9/RGCjpJDpgDSMzOIDCRRYA="},"chainType":1,"messageKeys":{}}},"pendingPreKey":{"signedKeyId":10,"baseKey":"BXSupGzQM8lS1LXMjSpcTRR0CPbCoxOY6hipntWEVbto","preKeyId":2328800}}},"version":"v1"}