{"_sessions":{"BaF2+9ooboEVZbjMnk4yiFEKxoelUxr+n1Y2KHA/IykO":{"registrationId":1933550292,"currentRatchet":{"ephemeralKeyPair":{"pubKey":"BWwoDcZupfZELeqev0DVp13sFfRmkdvWyZRdxsZx24Nb","privKey":"qF7d5psA8AwhaErayvvoo2SGH3fEmxIvPRZ0C2UyrVU="},"lastRemoteEphemeralKey":"Belt1h4L13bgaZCuxLMpX5upFwADDsjGtnpdRUUJ+MgD","previousCounter":0,"rootKey":"piRJBe0rT6pfoMEn8MAnFnRdZ26fx9FsASpBhmgYoQI="},"indexInfo":{"baseKey":"BaF2+9ooboEVZbjMnk4yiFEKxoelUxr+n1Y2KHA/IykO","baseKeyType":1,"closed":-1,"used":1755720109977,"created":1755720109977,"remoteIdentityKey":"Benxx66o+Ks/fFA9CDRmudd8wOZi36+hih0M9mnLv38E"},"_chains":{"BWwoDcZupfZELeqev0DVp13sFfRmkdvWyZRdxsZx24Nb":{"chainKey":{"counter":12,"key":"YuMHceZDTzdscwdISOhgABfiP7P38o/CZrXFltGVok8="},"chainType":1,"messageKeys":{}}},"pendingPreKey":{"signedKeyId":6,"baseKey":"BaF2+9ooboEVZbjMnk4yiFEKxoelUxr+n1Y2KHA/IykO","preKeyId":13311023}}},"version":"v1"}