{"_sessions":{"BfZHMDU9i4Dgp8R0YlboGIhLtjkbkdYRipJVjOfi/IRs":{"registrationId":504422557,"currentRatchet":{"ephemeralKeyPair":{"pubKey":"Bd/2QqZn+hUIgQ7dB+wKZcQGgVZ/+cIu25ZP/Uxkl5pu","privKey":"KPuSlunYxIX3RALnAHn6SleMgWdKT03jGsTo1/UtGVM="},"lastRemoteEphemeralKey":"BRysqPLA/howntPWriMRmlvkOcYh3nLzw7T5Skue7tof","previousCounter":0,"rootKey":"8NmHyPRPa/bFgnbfjXzNf5UWgIrHBU+XdrwTipfWf/w="},"indexInfo":{"baseKey":"BfZHMDU9i4Dgp8R0YlboGIhLtjkbkdYRipJVjOfi/IRs","baseKeyType":1,"closed":-1,"used":1755720110067,"created":1755720110067,"remoteIdentityKey":"BVtHfXkTHTEIOIwpKeZU/G0ioGSPafzX5igQ5Io+UqZt"},"_chains":{"Bd/2QqZn+hUIgQ7dB+wKZcQGgVZ/+cIu25ZP/Uxkl5pu":{"chainKey":{"counter":12,"key":"5Wckt2ZQEkWlGXZDz+L6CpDMUbzsmASZ4Kz0DHd3aQ4="},"chainType":1,"messageKeys":{}}},"pendingPreKey":{"signedKeyId":3028679,"baseKey":"BfZHMDU9i4Dgp8R0YlboGIhLtjkbkdYRipJVjOfi/IRs","preKeyId":8132}}},"version":"v1"}