{"_sessions":{"BYNTijMxxa/CDLcnRCo/hfNuDq2dVf4l+SNGTEDDv0pC":{"registrationId":156558983,"currentRatchet":{"ephemeralKeyPair":{"pubKey":"BeDYT9O5YBJCXRmwbEaA0fYe4l1mcGuW9SRhPEQmDDpJ","privKey":"MDko4qifOc661gN4EVIpfjcUb23Ha+JgmWlBMnzNGWA="},"lastRemoteEphemeralKey":"BXjgDO8HtvZ9blLufbO9coVyTJivtrm64QQCqZtIKY4G","previousCounter":0,"rootKey":"spaRyvlM8tcVBzaKllaqB2fTUPsZnGnlVPlACu0xCsw="},"indexInfo":{"baseKey":"BYNTijMxxa/CDLcnRCo/hfNuDq2dVf4l+SNGTEDDv0pC","baseKeyType":1,"closed":-1,"used":1755720109961,"created":1755720109961,"remoteIdentityKey":"BXnJGL8A3qFADmuuzCEQwshHgxoFJX/IJSCh5ioBx4V4"},"_chains":{"BeDYT9O5YBJCXRmwbEaA0fYe4l1mcGuW9SRhPEQmDDpJ":{"chainKey":{"counter":12,"key":"EfMRDjNU5Sg359UoDQ1kEmkcDE1wY8DidzcaBz4CB6w="},"chainType":1,"messageKeys":{}}},"pendingPreKey":{"signedKeyId":19,"baseKey":"BYNTijMxxa/CDLcnRCo/hfNuDq2dVf4l+SNGTEDDv0pC","preKeyId":5755545}}},"version":"v1"}