{"_sessions":{"BQR1nN06r/vNyjNBm00tNfOhlRGOuCtMsLCXEwqk7Rdt":{"registrationId":10039,"currentRatchet":{"ephemeralKeyPair":{"pubKey":"BURb1m5Ca5Bdj9Zi0zGlSMlGxICGMUks8iqxjQNfc4RQ","privKey":"yNUziejFg9LnBYR9Tco40+74qd2vMPijfq1C5AgKpkI="},"lastRemoteEphemeralKey":"Bc0kO9omFcpkh0+GRYmfLK0MB4I9uMdnno950V/rETht","previousCounter":0,"rootKey":"8/8xY6s0K3e7Z96V8X6ZfPZpZXsJHDt/hlXS6Xt8O9I="},"indexInfo":{"baseKey":"BQR1nN06r/vNyjNBm00tNfOhlRGOuCtMsLCXEwqk7Rdt","baseKeyType":1,"closed":-1,"used":1755720109910,"created":1755720109910,"remoteIdentityKey":"Bcyq7iDT5jttbOKkIE+zCvr9J67UaMl27TIWC1AZmuQX"},"_chains":{"BURb1m5Ca5Bdj9Zi0zGlSMlGxICGMUks8iqxjQNfc4RQ":{"chainKey":{"counter":12,"key":"mJafvTjrfOubyNyOXYUjfq2aHOb1dMKfdAgYFvhxfvs="},"chainType":1,"messageKeys":{}}},"pendingPreKey":{"signedKeyId":3,"baseKey":"BQR1nN06r/vNyjNBm00tNfOhlRGOuCtMsLCXEwqk7Rdt","preKeyId":6438}}},"version":"v1"}