{"_sessions":{"BW5D/UCPqmy+s9C6kSCtcxp0PZ7sbJSnZSQipvljZLxy":{"registrationId":1021964733,"currentRatchet":{"ephemeralKeyPair":{"pubKey":"BUgu6gkTuUith2iYZNjqGqAdQj1Syw6Jyqgxbo7QbW8C","privKey":"GFIsKN6w585JfmbY3ToUQwdekov+BbRfqJEl5E0dnXc="},"lastRemoteEphemeralKey":"BRN4j/RRcPfpVi8Ver2i3/ij4vbhfof2WtTg/dDZGpY1","previousCounter":0,"rootKey":"T9XZiVeiVPgO0P2ozk5PZZucfbCsVYg9Hm3kGqqPEmY="},"indexInfo":{"baseKey":"BW5D/UCPqmy+s9C6kSCtcxp0PZ7sbJSnZSQipvljZLxy","baseKeyType":1,"closed":-1,"used":1755720110034,"created":1755720110034,"remoteIdentityKey":"BV4Xc4j9oY9ih0x1NEHoyCONPPCi9Tdp5KyQCV7Tm9oJ"},"_chains":{"BUgu6gkTuUith2iYZNjqGqAdQj1Syw6Jyqgxbo7QbW8C":{"chainKey":{"counter":12,"key":"PLWl+JhWRVuYIkP1m54A4dm0mZy/iCXIxGRjX5yh0Tc="},"chainType":1,"messageKeys":{}}},"pendingPreKey":{"signedKeyId":10,"baseKey":"BW5D/UCPqmy+s9C6kSCtcxp0PZ7sbJSnZSQipvljZLxy","preKeyId":572452}}},"version":"v1"}