{"_sessions":{"Bb02fvij3+sM5HDEtAV0q3SiXjSLlSfmC8UvUNMdus4q":{"registrationId":660235367,"currentRatchet":{"ephemeralKeyPair":{"pubKey":"BTXO9nNuA1znSeBLusQrf0bakupQNSiO2YTgCoGrKI1f","privKey":"oDcFnVyxpKwkXMKd6TxaFLLEhOlrIKkmRpJh67qfCUQ="},"lastRemoteEphemeralKey":"BaTmXc8JysxjljZFWPMPdzm3FYAtw0RG62QLKVjy/mhH","previousCounter":0,"rootKey":"jN9gR0kf9zWzXW6XG/5t1xp+Wq7ln7A1LQJfPWRSa6k="},"indexInfo":{"baseKey":"Bb02fvij3+sM5HDEtAV0q3SiXjSLlSfmC8UvUNMdus4q","baseKeyType":1,"closed":-1,"used":1755720109921,"created":1755720109921,"remoteIdentityKey":"BQOAMu0IGKJxDSxIV1edsoVHfk65npX+oqqHtrPKA3w/"},"_chains":{"BTXO9nNuA1znSeBLusQrf0bakupQNSiO2YTgCoGrKI1f":{"chainKey":{"counter":12,"key":"ReNcwJUyKygvGni91QBatdrW499gDWDUSJg7WyBi6W0="},"chainType":1,"messageKeys":{}}},"pendingPreKey":{"signedKeyId":8327068,"baseKey":"Bb02fvij3+sM5HDEtAV0q3SiXjSLlSfmC8UvUNMdus4q","preKeyId":4792}}},"version":"v1"}