{"_sessions":{"BW96LKu4IawYSKlrUfYgH9B/HlTeUHoz71U+moNFAXYJ":{"registrationId":7532,"currentRatchet":{"ephemeralKeyPair":{"pubKey":"BbIumP4c2TVpPtmMU3KgJr96R9fmyS0O9cFowXOkSP07","privKey":"SACU+qPGISZ5YfHXVbMrEzbd8SgfIlPLmORu8QKkN28="},"lastRemoteEphemeralKey":"Bc06O2eiPAqG0VBgDuyvVXJaSvpKyO5RWd9ebBwzqTxT","previousCounter":0,"rootKey":"vhGJ3aGkeJpO+EE6UdlpCUNzDXw4awNmjmIwZboLNMc="},"indexInfo":{"baseKey":"BW96LKu4IawYSKlrUfYgH9B/HlTeUHoz71U+moNFAXYJ","baseKeyType":1,"closed":-1,"used":1755720109907,"created":1755720109907,"remoteIdentityKey":"BfyeZ8PXO6Fe+wi8nfMxnKidD0WX4Ct6p+CICLP6GTkw"},"_chains":{"BbIumP4c2TVpPtmMU3KgJr96R9fmyS0O9cFowXOkSP07":{"chainKey":{"counter":12,"key":"9KiJ4xJkUXBgbuCjmC8gmJolkLpT7VCo4s5qtqMiP0I="},"chainType":1,"messageKeys":{}}},"pendingPreKey":{"signedKeyId":4,"baseKey":"BW96LKu4IawYSKlrUfYgH9B/HlTeUHoz71U+moNFAXYJ","preKeyId":2945}}},"version":"v1"}