{"_sessions":{"BUmFqLliAeitVCYR7TppCqPhYwWeB092idupEutz+ZAG":{"registrationId":1540653511,"currentRatchet":{"ephemeralKeyPair":{"pubKey":"BewFF2ahDarxgOOI7wjdV3x9xbpS5yof2+UrTzRbI75D","privKey":"AOFiO6+x4Y6UjKoDrMAlBB/WnZaTsaGGWgbfTa6+aWE="},"lastRemoteEphemeralKey":"BaMV8zMoIaYDf9Rgvu3f6md7ZbnHmkj5BFpAUP1AVw5i","previousCounter":0,"rootKey":"5z9tluIdaa4O1APekf64bp0HTyrUrL5R5JCjW3dK+YY="},"indexInfo":{"baseKey":"BUmFqLliAeitVCYR7TppCqPhYwWeB092idupEutz+ZAG","baseKeyType":1,"closed":-1,"used":1755720110010,"created":1755720110010,"remoteIdentityKey":"BYFT1j1Y7hrlFkJ5ScxhC6agsdC/ZvE9hwYMRSfAitcA"},"_chains":{"BewFF2ahDarxgOOI7wjdV3x9xbpS5yof2+UrTzRbI75D":{"chainKey":{"counter":12,"key":"UuxjQK80Z3xCI4ErSzQskmbfxDP/cdhlKXKKfNHh688="},"chainType":1,"messageKeys":{}}},"pendingPreKey":{"signedKeyId":9,"baseKey":"BUmFqLliAeitVCYR7TppCqPhYwWeB092idupEutz+ZAG","preKeyId":2409054}}},"version":"v1"}