{"_sessions":{"BXbecSZqy3kPhNonZsZiLIzalQYQsKHnOi3IV2x5a/Mn":{"registrationId":502189149,"currentRatchet":{"ephemeralKeyPair":{"pubKey":"Bcnhx+FcCk2rRwLiNY5pb6ujkuyZenjMLhi6jwrNbKIv","privKey":"oHDHFOFRCyu91QebaSRfl/NrZp7Avu7hCHcqwdkLZnA="},"lastRemoteEphemeralKey":"Bf6OURCw+4SdbHXrOJlybsh6evMFWZBOiwqQLpz53DAE","previousCounter":0,"rootKey":"vLER5X2UlC2w9YLipTwo8PGtH2nOYzusxlq9Fp0euT8="},"indexInfo":{"baseKey":"BXbecSZqy3kPhNonZsZiLIzalQYQsKHnOi3IV2x5a/Mn","baseKeyType":1,"closed":-1,"used":1755720110061,"created":1755720110061,"remoteIdentityKey":"BdG39HIZOxjZHeB+zawLhlGY8pKlnPujrCtg4iTMJd4b"},"_chains":{"Bcnhx+FcCk2rRwLiNY5pb6ujkuyZenjMLhi6jwrNbKIv":{"chainKey":{"counter":1,"key":"h9rzVGaN7hq5Y8VKJqibV7BEEJf+dYseo9Mnlw+A7L0="},"chainType":1,"messageKeys":{}}},"pendingPreKey":{"signedKeyId":5,"baseKey":"BXbecSZqy3kPhNonZsZiLIzalQYQsKHnOi3IV2x5a/Mn","preKeyId":6675989}}},"version":"v1"}