{"_sessions":{"BUsS8P+cfFRwhKBWjMKHy/qsQcGTurkKnFjkNaKH2j5+":{"registrationId":1001470043,"currentRatchet":{"ephemeralKeyPair":{"pubKey":"BVCGNrdiHpVA/kbROhVoIlOGD+NSKGxZHhoPmqAFGhxV","privKey":"+Ibsd7O7dTlCSp//39ZN7zJEDQ6Od9Lmg++OpPF7W0Q="},"lastRemoteEphemeralKey":"Bd4nn70YWUWOrcc4KrUpuEWp2Ln51x/RaCeMtUItephh","previousCounter":0,"rootKey":"WIKQjXUqjKHBi3ykZpIxNMdhWeD3JL7LZVRx8ZcBj78="},"indexInfo":{"baseKey":"BUsS8P+cfFRwhKBWjMKHy/qsQcGTurkKnFjkNaKH2j5+","baseKeyType":1,"closed":-1,"used":1755720110012,"created":1755720110012,"remoteIdentityKey":"BVqirKibA1BHA8XhwGxbkk+qTYz1R6gAPu/uWu3avwsk"},"_chains":{"BVCGNrdiHpVA/kbROhVoIlOGD+NSKGxZHhoPmqAFGhxV":{"chainKey":{"counter":12,"key":"Za4WXtmMf7DMEP7kMZbd+nGx2sL2xm06scrQU56ky2g="},"chainType":1,"messageKeys":{}}},"pendingPreKey":{"signedKeyId":4,"baseKey":"BUsS8P+cfFRwhKBWjMKHy/qsQcGTurkKnFjkNaKH2j5+","preKeyId":14963910}}},"version":"v1"}