{"_sessions":{"Ba929U/LbeVaf+bFuk8HtPSK7UwyNFAArvq94gM3lvJm":{"registrationId":160651074,"currentRatchet":{"ephemeralKeyPair":{"pubKey":"BQV2JTzbLqNpsoScGMGjO1Zb9YHAqRR0yWdnC399K8Ul","privKey":"OMMhOMmyzBRPYX3enF/48KHwQ5hsWKD+VuJp7aAXkXE="},"lastRemoteEphemeralKey":"BfbeWfnp2kadw4udxPix5LQxEtfpWK7aW3llN333Fng4","previousCounter":0,"rootKey":"ZEJJxVCpcJmxrvszWkaAIdVQmZrHuMXk1ZqhKmpencc="},"indexInfo":{"baseKey":"Ba929U/LbeVaf+bFuk8HtPSK7UwyNFAArvq94gM3lvJm","baseKeyType":1,"closed":-1,"used":1755720110048,"created":1755720110048,"remoteIdentityKey":"BTWXhWRvME5RYPwrFqA+s8PpkSZcAOa7637EBFvr7sFC"},"_chains":{"BQV2JTzbLqNpsoScGMGjO1Zb9YHAqRR0yWdnC399K8Ul":{"chainKey":{"counter":12,"key":"s9vRECBW0/VD7rkvF9/obbBbNkrPFyNgiPR2wus9ET0="},"chainType":1,"messageKeys":{}}},"pendingPreKey":{"signedKeyId":5,"baseKey":"Ba929U/LbeVaf+bFuk8HtPSK7UwyNFAArvq94gM3lvJm","preKeyId":16323535}}},"version":"v1"}