{"_sessions":{"BWdAGJ5+8HJRpA9v2wB5C6rGE8CSyMg/QAnTDLgyrqMa":{"registrationId":154824208,"currentRatchet":{"ephemeralKeyPair":{"pubKey":"BWAMF7aiJGbRtlZDxrzDx7z2Iamdl2+DG70VrNcKl0oY","privKey":"QAJAF6YypqxNDJeTCjHBIufGF6offMC1iSTJQTDAr1E="},"lastRemoteEphemeralKey":"BQvCBnQXm4fYF4dea5nr78WWNyIiEBkcyPy4biu0fetO","previousCounter":0,"rootKey":"b82r+8VZQt6xXCqTx1bSkQt3YLieY5sfEGWDqN/PRko="},"indexInfo":{"baseKey":"BWdAGJ5+8HJRpA9v2wB5C6rGE8CSyMg/QAnTDLgyrqMa","baseKeyType":1,"closed":-1,"used":1755720110020,"created":1755720110020,"remoteIdentityKey":"BcsKEY8uLcBneVDLxTW0p8PlWNNlkVzgCWbU8v7OvFFM"},"_chains":{"BWAMF7aiJGbRtlZDxrzDx7z2Iamdl2+DG70VrNcKl0oY":{"chainKey":{"counter":12,"key":"Us7kbQGb6MmcNSxnVaexc3yTW9JDwuLli+dUCxappD4="},"chainType":1,"messageKeys":{}}},"pendingPreKey":{"signedKeyId":29,"baseKey":"BWdAGJ5+8HJRpA9v2wB5C6rGE8CSyMg/QAnTDLgyrqMa","preKeyId":3581454}}},"version":"v1"}