{"_sessions":{"BbiRSOIcNIjnfOQ9kMVOMQqb9DvXKrKpFpP9ahg7UR0v":{"registrationId":9470,"currentRatchet":{"ephemeralKeyPair":{"pubKey":"BdY8BQULQJBliDDcfIqusEsC9IWc/EBebDpZuELmUDdD","privKey":"INC1oxUbRzsEkxGqqVIiOxPQwEMV4x+wMKqUdE1XuHQ="},"lastRemoteEphemeralKey":"BQCgG23CVOC4zuo+isA7w8U4Qu+nR96nDzii++Dt3Tg7","previousCounter":0,"rootKey":"TsJeBJfGpwjvrOCUBJs6FnpCUW63spEnE3szlnvWwps="},"indexInfo":{"baseKey":"BbiRSOIcNIjnfOQ9kMVOMQqb9DvXKrKpFpP9ahg7UR0v","baseKeyType":1,"closed":-1,"used":1755720109882,"created":1755720109882,"remoteIdentityKey":"BRwxdpXu8672HsUsZdX3cx7eBnF16p7MpcoTAIunbGFt"},"_chains":{"BdY8BQULQJBliDDcfIqusEsC9IWc/EBebDpZuELmUDdD":{"chainKey":{"counter":12,"key":"I/Uy/zT/ERjpAlOArUyBW3tJCxDi8ZOU7LjKoRKe7UY="},"chainType":1,"messageKeys":{}}},"pendingPreKey":{"signedKeyId":1,"baseKey":"BbiRSOIcNIjnfOQ9kMVOMQqb9DvXKrKpFpP9ahg7UR0v"}}},"version":"v1"}