{"_sessions":{"BS3CQDREvqQ5n6xdZlsNlLp1CRZhIBCB1ZnLmsJ46nBv":{"registrationId":1009011842,"currentRatchet":{"ephemeralKeyPair":{"pubKey":"BXpiORWNc+NvwkVu0qOBWeGRrbtqkibtLi+32oBkZ3ka","privKey":"SOOAt4oI7f1F/bnnj9YsTMo3q+xCsdC1jU4pSO5d2Fg="},"lastRemoteEphemeralKey":"BV77jW26U2sJZ3EwoviJPR7x1dzsJ43a32nC/q8Ioccy","previousCounter":0,"rootKey":"tXmV5GgC5cI135KArIYd2LWjc++jAKQbIsVXFm/biRw="},"indexInfo":{"baseKey":"BS3CQDREvqQ5n6xdZlsNlLp1CRZhIBCB1ZnLmsJ46nBv","baseKeyType":1,"closed":-1,"used":1755720110019,"created":1755720110019,"remoteIdentityKey":"BQLVHAUTWdTyseJt7toQHe4EF7/UteAwsSBENK1rKVEo"},"_chains":{"BXpiORWNc+NvwkVu0qOBWeGRrbtqkibtLi+32oBkZ3ka":{"chainKey":{"counter":12,"key":"nOI7GrBoBlFgv8wcszaPtqrJ6SKPCkXeyagPxmBKD34="},"chainType":1,"messageKeys":{}}},"pendingPreKey":{"signedKeyId":14,"baseKey":"BS3CQDREvqQ5n6xdZlsNlLp1CRZhIBCB1ZnLmsJ46nBv","preKeyId":523919}}},"version":"v1"}