{"_sessions":{"BekKPNU3eQP86Rq0qcIpAPWWnPAsMoY5+BOCBc7+1bE8":{"registrationId":7083,"currentRatchet":{"ephemeralKeyPair":{"pubKey":"BaxQYIft7ZVuvtjy+Z+4S4cNHr6KxnvZPftUGiCux14V","privKey":"UF5KVE+4TKOAKLWu/xMe5Uo2NOtanwExqHfafDsXtn0="},"lastRemoteEphemeralKey":"BfWh0BqZIAByl0wrK4kBwoyhzrbIuJnaf5oBX+ewaJBt","previousCounter":0,"rootKey":"NOqHWKN/PMSENgCZCl7eb/1eoxFFr+Yz+3VNJdwSBRc="},"indexInfo":{"baseKey":"BekKPNU3eQP86Rq0qcIpAPWWnPAsMoY5+BOCBc7+1bE8","baseKeyType":2,"closed":-1,"used":1755068775002,"created":1755068775002,"remoteIdentityKey":"BX624LDHNy4cfde6j9nmKyu5Iz71eO+aP9W4x+uh/Nsv"},"_chains":{"BfWh0BqZIAByl0wrK4kBwoyhzrbIuJnaf5oBX+ewaJBt":{"chainKey":{"counter":1,"key":"yTI8z21XKJwtMz0LzGmU9DcvRdOOfG2dxCpiqg5D/xU="},"chainType":2,"messageKeys":{}},"BaxQYIft7ZVuvtjy+Z+4S4cNHr6KxnvZPftUGiCux14V":{"chainKey":{"counter":238,"key":"gH08Hw8t2OmUbKzrl0EVkQrZthiDv3SvdmU1O/vt9+8="},"chainType":1,"messageKeys":{}}}}},"version":"v1"}