{"_sessions":{"Bc0byWtiC3OwQA8cBuw+lBaxIG2YM06IbMmM+zLuCfUL":{"registrationId":505042077,"currentRatchet":{"ephemeralKeyPair":{"pubKey":"BXIK3GT3w2xmthfBol1pg7MohdWwVght5v9S1jRgZX96","privKey":"wD1E46jh5V8FykCv2fKbYIjEI4SO7lKe7hQIglJ9VU8="},"lastRemoteEphemeralKey":"BR6CC+SMN7kR1L3kt/OIoLHW5OpimtUUdOdEXt5ENeoh","previousCounter":0,"rootKey":"aMU0ipK0dk5GZ4sUGIWThJraumtsl+1T81JUdfDyfgo="},"indexInfo":{"baseKey":"Bc0byWtiC3OwQA8cBuw+lBaxIG2YM06IbMmM+zLuCfUL","baseKeyType":1,"closed":-1,"used":1755720110021,"created":1755720110021,"remoteIdentityKey":"BX0AaW4e01AxGMBAYxj2an+eWeMBoQOWWQNpnSXztcpN"},"_chains":{"BXIK3GT3w2xmthfBol1pg7MohdWwVght5v9S1jRgZX96":{"chainKey":{"counter":12,"key":"MB6vhaXt0BUwj90bHnJy5Vpg0syG97tnO30z5kCFIZ4="},"chainType":1,"messageKeys":{}}},"pendingPreKey":{"signedKeyId":32,"baseKey":"Bc0byWtiC3OwQA8cBuw+lBaxIG2YM06IbMmM+zLuCfUL","preKeyId":8289113}}},"version":"v1"}