{"_sessions":{"Bfffx3ycLzcE2WXLSjjEDvW64b7ZvWLXYA7pPeJRo/pG":{"registrationId":443019318,"currentRatchet":{"ephemeralKeyPair":{"pubKey":"Be+LoyQyrZhXKe7jalspYKp/pJOoATBloavswwilyWp6","privKey":"QJ6JdQ5ThVmwZRIl97r143thrmOkgv479R/MswGT9GY="},"lastRemoteEphemeralKey":"BafAAvyJIBf+clyGYmglfJWDONh5qo/gzRVsWBtFYI0P","previousCounter":0,"rootKey":"iK/CYymID/iYNKmedOlrg1RmaZonyI3eqtk+y+0QsuY="},"indexInfo":{"baseKey":"Bfffx3ycLzcE2WXLSjjEDvW64b7ZvWLXYA7pPeJRo/pG","baseKeyType":1,"closed":-1,"used":1755280711375,"created":1755280711375,"remoteIdentityKey":"BXFr6FHSWkIraDQq+GribqeuvNRp3vpeTx1XPNwGEl99"},"_chains":{"Be+LoyQyrZhXKe7jalspYKp/pJOoATBloavswwilyWp6":{"chainKey":{"counter":4,"key":"Pr6MBKEe0Pa2BeOt+KPZsPSkI6OEs2QaZStq5zNGSTY="},"chainType":1,"messageKeys":{}}},"pendingPreKey":{"signedKeyId":8,"baseKey":"Bfffx3ycLzcE2WXLSjjEDvW64b7ZvWLXYA7pPeJRo/pG","preKeyId":11849327}}},"version":"v1"}