{"_sessions":{"BXpEZ8MpASmMWUgUjtdWGg/qUm4kDN8n8WP7hJeOUip+":{"registrationId":627230649,"currentRatchet":{"ephemeralKeyPair":{"pubKey":"BflLAdQv5+jnO4PQel7o+8aa+aDQyTOenFDQK2/33Bg3","privKey":"cPi9zV+EynbGMU2N4IsGfcSxoJTGa+cn/lpxZyx9tVE="},"lastRemoteEphemeralKey":"BVOyA6WZeY+NnAzDUIb8FoYfdSJLnPTEXW7klcJSZyRZ","previousCounter":0,"rootKey":"fsFJviSrOjpfJRO+obVG8DFEQ97taE5pxPcf4llM8Bo="},"indexInfo":{"baseKey":"BXpEZ8MpASmMWUgUjtdWGg/qUm4kDN8n8WP7hJeOUip+","baseKeyType":1,"closed":-1,"used":1755720109941,"created":1755720109941,"remoteIdentityKey":"BS3MsEGpA0TZa2COt59aZjTOmgT/z3nzovjG5X1n7Up+"},"_chains":{"BflLAdQv5+jnO4PQel7o+8aa+aDQyTOenFDQK2/33Bg3":{"chainKey":{"counter":12,"key":"cjcP+mOAt4ehbzDGqqeW/FMNH5WgmWd6dTz8q5XOgpg="},"chainType":1,"messageKeys":{}}},"pendingPreKey":{"signedKeyId":2,"baseKey":"BXpEZ8MpASmMWUgUjtdWGg/qUm4kDN8n8WP7hJeOUip+","preKeyId":12720557}}},"version":"v1"}