{"_sessions":{"BTdz9BzswhSPaSKraOCmdeuIAIV1eYJ2S1wPt9a1p7hG":{"registrationId":937673150,"currentRatchet":{"ephemeralKeyPair":{"pubKey":"BXePeNrZ3Jq6Jt1iC5p2a/HaFTZkuAE1FvQ3kHCAcSEq","privKey":"yDhHAAMf31buZ3c7Y4hINz50VNBHwXPrO4GPP+VkU08="},"lastRemoteEphemeralKey":"BbV9ZEDEShvMa1UoZfi8mfoGEjGWvaXs73Vb9o8i7ZEl","previousCounter":0,"rootKey":"cGplj5ChyrDhevEPGn9rOKVoNylKDZ+W12oB0fM80Ik="},"indexInfo":{"baseKey":"BTdz9BzswhSPaSKraOCmdeuIAIV1eYJ2S1wPt9a1p7hG","baseKeyType":1,"closed":-1,"used":1755720109951,"created":1755720109951,"remoteIdentityKey":"BTppwTewQl5C1pf1NgPydqS7qcO4TGqfdxztBYByKfB/"},"_chains":{"BXePeNrZ3Jq6Jt1iC5p2a/HaFTZkuAE1FvQ3kHCAcSEq":{"chainKey":{"counter":12,"key":"N63HK0I7KBu+29SFhFRY6ja7lLNrjGCjJMZMf4uwNZU="},"chainType":1,"messageKeys":{}}},"pendingPreKey":{"signedKeyId":10396814,"baseKey":"BTdz9BzswhSPaSKraOCmdeuIAIV1eYJ2S1wPt9a1p7hG","preKeyId":11162}}},"version":"v1"}