{"_sessions":{"BdSbSdEkAwD7VZMVcXjFnlh7UcDOTKk9OQesqq7IqsdC":{"registrationId":722486156,"currentRatchet":{"ephemeralKeyPair":{"pubKey":"BbQXYzX4Hzi2TAUIpeeV/7zgVN0QF/2VQxUGF8icet99","privKey":"CCwmDcsXnPLaCSspaRjdr8AFAzn1wBrDJXfhSWYsrXE="},"lastRemoteEphemeralKey":"BaliknAeBZfGgpYDJnQYRe5uTVpQnRZpaLf7GBGclv4t","previousCounter":0,"rootKey":"TTjHUBmOjzoLb3dL+16wnVS9MAw1tNk1+i5S3YypUcw="},"indexInfo":{"baseKey":"BdSbSdEkAwD7VZMVcXjFnlh7UcDOTKk9OQesqq7IqsdC","baseKeyType":1,"closed":-1,"used":1755280711372,"created":1755280711372,"remoteIdentityKey":"BfoEHkz+e6Nk9UlY+8Kp4+x92lIY7vPVToPqQsMe15ZR"},"_chains":{"BbQXYzX4Hzi2TAUIpeeV/7zgVN0QF/2VQxUGF8icet99":{"chainKey":{"counter":4,"key":"c0RbCGIHPRGT8A2kwK84/YOhrl80JbIFImtM9GYrYMM="},"chainType":1,"messageKeys":{}}},"pendingPreKey":{"signedKeyId":0,"baseKey":"BdSbSdEkAwD7VZMVcXjFnlh7UcDOTKk9OQesqq7IqsdC","preKeyId":15969994}}},"version":"v1"}