{"_sessions":{"Be11JJlgLZxkB2ELqxxY17CDGodrGqaZgtat1PUl9pgP":{"registrationId":8427,"currentRatchet":{"ephemeralKeyPair":{"pubKey":"BW75VXLGuGBja3q9qyFnq9DS7d9slR9oOELAqk2S5PAq","privKey":"IBfKVqwmdg0CXccL8T2yDW3UEziDtsikqTPqK8LTlU0="},"lastRemoteEphemeralKey":"BVYiWWCD7PNkeDR6PUbgg17XvDd2/xqJbvj1q5gEhH07","previousCounter":0,"rootKey":"eMzaADePcKe5V5msi+j0i/O7Q/ZScrOlVQ2UfWe65dM="},"indexInfo":{"baseKey":"Be11JJlgLZxkB2ELqxxY17CDGodrGqaZgtat1PUl9pgP","baseKeyType":1,"closed":-1,"used":1755720109886,"created":1755720109886,"remoteIdentityKey":"BZrAM/mdwEHCIYqIzUoNuAAl1goBQal/3pnIJICSQ8gP"},"_chains":{"BW75VXLGuGBja3q9qyFnq9DS7d9slR9oOELAqk2S5PAq":{"chainKey":{"counter":12,"key":"Kah3qrFFyfC9tKhc0mPJyr8FxH6dOMQ6sZtmo5nWHhU="},"chainType":1,"messageKeys":{}}},"pendingPreKey":{"signedKeyId":1,"baseKey":"Be11JJlgLZxkB2ELqxxY17CDGodrGqaZgtat1PUl9pgP"}}},"version":"v1"}