{"_sessions":{"BWjYP0bFN1PhKvoAaimr7EroYDJtyomOQTK1nCw4Qv86":{"registrationId":1859520956,"currentRatchet":{"ephemeralKeyPair":{"pubKey":"BTqwxk4l63lFECoPLMsWtBJ9uiTOLrZ1YRlav1tvxyVj","privKey":"mKTA4qdW6Z3RFpWHAZrEMhCz5HhfGeNDRucixyv08Vo="},"lastRemoteEphemeralKey":"BVo5IQJCiJOEB0IVB/WMIwa1eu5CZvcK9l/M5F+izThE","previousCounter":0,"rootKey":"mfawiY6gP2VQQeyhb/TWsUz7ZI27RwVtORK/F3LVtfs="},"indexInfo":{"baseKey":"BWjYP0bFN1PhKvoAaimr7EroYDJtyomOQTK1nCw4Qv86","baseKeyType":2,"closed":-1,"used":1755995230937,"created":1755720107597,"remoteIdentityKey":"BevszzspAXiN4wXxhT34JKcOy4Y9p9yCEZEjr+VlGS1W"},"_chains":{"BXtEkpN0s895G/YMlA8Zr9Sfg3anCN7/UdphHM2EbuMy":{"chainKey":{"counter":2},"chainType":2,"messageKeys":{}},"BeA8AVbXk9vXFEzwYc7Ko52nSYFg5hYe2uCMc38Gt3Nt":{"chainKey":{"counter":0},"chainType":2,"messageKeys":{}},"BUCfkFwHy9SI5+PSNyxJDpSpdcRc5GtNFoqzPtrVhoV9":{"chainKey":{"counter":1},"chainType":2,"messageKeys":{}},"BdDjycl1qP/MIx/0x+XtqoZU3/qB1PPDBgXIJntkm9YY":{"chainKey":{"counter":0},"chainType":2,"messageKeys":{}},"BScwqAKUDBdNwYAcMCqIkeDT2pL9zMHa3do+wzNkw2E6":{"chainKey":{"counter":0},"chainType":2,"messageKeys":{}},"BVMwm1/iypeobnHQ7WswoodzQTsZiNvieqJWLzsTjFMI":{"chainKey":{"counter":0},"chainType":2,"messageKeys":{}},"BQfUPkdYvkNUaX7QVZhoTOB2sOvJr/N+YM+7BlEhwsJC":{"chainKey":{"counter":0},"chainType":2,"messageKeys":{}},"BVo5IQJCiJOEB0IVB/WMIwa1eu5CZvcK9l/M5F+izThE":{"chainKey":{"counter":9,"key":"mfEURbnp6fck84TQ7IV1o/+8BUnMM6dzTudmmTVuTVU="},"chainType":2,"messageKeys":{}},"BTqwxk4l63lFECoPLMsWtBJ9uiTOLrZ1YRlav1tvxyVj":{"chainKey":{"counter":0,"key":"IDjU9WnbZJbE/IF09mDSrDl4tKYtGKTiZKtJyloKh8E="},"chainType":1,"messageKeys":{}}}}},"version":"v1"}