{"_sessions":{"Bb3Tojo05+LIEFkGJVyzkxaV+aemb2EhAIWOiquAXGxo":{"registrationId":1430889566,"currentRatchet":{"ephemeralKeyPair":{"pubKey":"Bc3aaOxU4pGtmy8W1f1llmu5121jnMN2BK2QAETy2G9C","privKey":"UOFBaj8IDcVBhMBCgI0QJhcXfKpvF1gj1BKb6odHgVU="},"lastRemoteEphemeralKey":"BZQROY+xE1K6/JB9TjVI4dCqSMfWhhHS+HBqUKL6HogV","previousCounter":0,"rootKey":"9vmeh01Ilv2k9/DlCagU3wisFCqwrVn4CCEAvnCQyXI="},"indexInfo":{"baseKey":"Bb3Tojo05+LIEFkGJVyzkxaV+aemb2EhAIWOiquAXGxo","baseKeyType":1,"closed":-1,"used":1755720110050,"created":1755720110050,"remoteIdentityKey":"BfdueD9iuXC6wfGS8UoFO/rNio+0SfREAV2elF/LyBRM"},"_chains":{"Bc3aaOxU4pGtmy8W1f1llmu5121jnMN2BK2QAETy2G9C":{"chainKey":{"counter":12,"key":"fEzL5BNluDSzXDiB6kX9s+SfyZUvZofgWKz+kpSZuMQ="},"chainType":1,"messageKeys":{}}},"pendingPreKey":{"signedKeyId":3,"baseKey":"Bb3Tojo05+LIEFkGJVyzkxaV+aemb2EhAIWOiquAXGxo","preKeyId":14032268}}},"version":"v1"}