{"_sessions":{"BVEq1lBNoMjX3QELMPzL+mJzvQRBSvcf2fhKYBv8KDtQ":{"registrationId":711164006,"currentRatchet":{"ephemeralKeyPair":{"pubKey":"Bf2igQ8MskNBLaKf8vf6IjS8D84AX0WckUUM6eoe+bVC","privKey":"6BULLr+UZSq1hjA5g6QoJmMYQjwf3KK2yq77oekrHmA="},"lastRemoteEphemeralKey":"BXxpvAoOcYToEuHG8GPBGXf1RjqhapX7m21i1kWrNIRu","previousCounter":0,"rootKey":"m97HcPdzGspAl4TNPl8EV4V8UV8k1vqM8lbqkXsb+oA="},"indexInfo":{"baseKey":"BVEq1lBNoMjX3QELMPzL+mJzvQRBSvcf2fhKYBv8KDtQ","baseKeyType":1,"closed":-1,"used":1755720109947,"created":1755720109947,"remoteIdentityKey":"Ba9LwR60Aqnhy4orHrdyzmgc1jp5r7N4JLK4xbudSz1K"},"_chains":{"Bf2igQ8MskNBLaKf8vf6IjS8D84AX0WckUUM6eoe+bVC":{"chainKey":{"counter":12,"key":"huaIjGp0iPZU30dnKJJAEPqQhMdehsMnTtV5oDu7/fU="},"chainType":1,"messageKeys":{}}},"pendingPreKey":{"signedKeyId":2,"baseKey":"BVEq1lBNoMjX3QELMPzL+mJzvQRBSvcf2fhKYBv8KDtQ","preKeyId":2922658}}},"version":"v1"}