{"_sessions":{"BeyqEo+Sb+Zpib6O5jqYB+T1SZroslM9BHE+WsU5obI4":{"registrationId":524092590,"currentRatchet":{"ephemeralKeyPair":{"pubKey":"BfvqgG0wCKWXUSGzudtG9lg6wjMNYvKVa6x4wYEWwFdV","privKey":"AGqDjh6vs/5hXcX/7d0Y8sylg7rH+sXsVbhuCmzAQlo="},"lastRemoteEphemeralKey":"BYIZ18Hy7ZsWedYuTiIekz7FL2y1U40nsNmpg9JsnVB1","previousCounter":0,"rootKey":"2QC91+EQ8jHYS3LlMbxcP71EZ2tZP4Db0O7VRGBUxmU="},"indexInfo":{"baseKey":"BeyqEo+Sb+Zpib6O5jqYB+T1SZroslM9BHE+WsU5obI4","baseKeyType":1,"closed":-1,"used":1755720110058,"created":1755720110058,"remoteIdentityKey":"BREqVYGM/VKSejJag0T1KGliHV5QbfqDMHmzrlApi3JG"},"_chains":{"BfvqgG0wCKWXUSGzudtG9lg6wjMNYvKVa6x4wYEWwFdV":{"chainKey":{"counter":12,"key":"cJ4Ady61O8JHQ8N9dmKifo6JI8gMwN35ICTeCNz+NJQ="},"chainType":1,"messageKeys":{}}},"pendingPreKey":{"signedKeyId":21,"baseKey":"BeyqEo+Sb+Zpib6O5jqYB+T1SZroslM9BHE+WsU5obI4","preKeyId":1579200}}},"version":"v1"}