{"_sessions":{"BQhXrrMfwaU5IvTSEeuXTD0GmZH12vvwHwqXwPkvWG9O":{"registrationId":1277695861,"currentRatchet":{"ephemeralKeyPair":{"pubKey":"BRUKhKaRUM6cEBUY+iq06Z7lcH8VF3X12ickzlH+UYFh","privKey":"MDAAPUZ1RXmRXi4LEKorCTZT7vj45Favvg+TCA2HKH0="},"lastRemoteEphemeralKey":"BTEKV1d2Tk+VGoFUZez/pZpXvL90djDj1yS1fJFiGi8d","previousCounter":0,"rootKey":"5XhiAm6YUkYyl0Nk22sdwqZvAegY6k3zdJ7b8tZona0="},"indexInfo":{"baseKey":"BQhXrrMfwaU5IvTSEeuXTD0GmZH12vvwHwqXwPkvWG9O","baseKeyType":1,"closed":-1,"used":1755720109963,"created":1755720109963,"remoteIdentityKey":"BW5r26bzznRjCFYebii9J9NYK/SIYZZaTuKJu594gJx0"},"_chains":{"BRUKhKaRUM6cEBUY+iq06Z7lcH8VF3X12ickzlH+UYFh":{"chainKey":{"counter":12,"key":"LP5XEvLAZ+2HTLSy/ZJTuaKGDN/8NzOmT6By/1d3vOE="},"chainType":1,"messageKeys":{}}},"pendingPreKey":{"signedKeyId":28,"baseKey":"BQhXrrMfwaU5IvTSEeuXTD0GmZH12vvwHwqXwPkvWG9O","preKeyId":10879509}}},"version":"v1"}