{"_sessions":{"BQaJpzaYFy7NqYsBBgaveqJlaMw1G01uEHzB1hIEh4w2":{"registrationId":206731092,"currentRatchet":{"ephemeralKeyPair":{"pubKey":"BVLQmPCyDeK0xu+LdZ3n7TW2remjiwyskgeoSMoo0I5w","privKey":"wE+/PLq3zpm8jKPAytwsuD4i6J2fSbfvNCIafJzAplM="},"lastRemoteEphemeralKey":"BVSq7jpJIpq1O0aym2/QITdUu78+PJ1jVqdUILmYWIEr","previousCounter":0,"rootKey":"VG4zlW6PwOa2eKqlgCNEEO1EQhOLlza3lelQG0l1WI4="},"indexInfo":{"baseKey":"BQaJpzaYFy7NqYsBBgaveqJlaMw1G01uEHzB1hIEh4w2","baseKeyType":1,"closed":-1,"used":1755720110065,"created":1755720110065,"remoteIdentityKey":"BWX51JWelL9GyxblhKtC+QcY/w0y/ouyYlaYBbvVXZMA"},"_chains":{"BVLQmPCyDeK0xu+LdZ3n7TW2remjiwyskgeoSMoo0I5w":{"chainKey":{"counter":12,"key":"q0fvoG1UH9JIHheAfwG3c8UdywN9QuCDm2Nw9UKLKN8="},"chainType":1,"messageKeys":{}}},"pendingPreKey":{"signedKeyId":26,"baseKey":"BQaJpzaYFy7NqYsBBgaveqJlaMw1G01uEHzB1hIEh4w2","preKeyId":2740334}}},"version":"v1"}