{"_sessions":{"BfwdfHMkD97FdvROcHfl+hMW6OjX6otyh7aC29NuzPIe":{"registrationId":1563805125,"currentRatchet":{"ephemeralKeyPair":{"pubKey":"BcWunyMgihHfHOHUmoZDTc0rqVxxK3Jh82kRzh2oXXhN","privKey":"aCp/UKAhOOMftkjIB8RSF3d4vBOKmoNFio2pd8NbpUg="},"lastRemoteEphemeralKey":"BToZ6OyKsJksIj7M6LIDEx9OnfKvIbxUcizuELl0hRQm","previousCounter":0,"rootKey":"XY4tA8FbGboAdEcHahDVt42lKAOhrrNIm0XafaxF3ME="},"indexInfo":{"baseKey":"BfwdfHMkD97FdvROcHfl+hMW6OjX6otyh7aC29NuzPIe","baseKeyType":1,"closed":-1,"used":1755720110055,"created":1755720110055,"remoteIdentityKey":"BRw/+wal3+1/V4GSTYaHYX/KIToewRxjOh2Ja9D73PoU"},"_chains":{"BcWunyMgihHfHOHUmoZDTc0rqVxxK3Jh82kRzh2oXXhN":{"chainKey":{"counter":12,"key":"zau56V9KMhFnxcZsRTF3e9dqCC9ec7BH4z2jHEzm30c="},"chainType":1,"messageKeys":{}}},"pendingPreKey":{"signedKeyId":13,"baseKey":"BfwdfHMkD97FdvROcHfl+hMW6OjX6otyh7aC29NuzPIe","preKeyId":15842743}}},"version":"v1"}