{"_sessions":{"BYqsrbWBrDO8yGFzQyn8JgdFq8JCbLn2z6h0X9bGGep4":{"registrationId":1311423074,"currentRatchet":{"ephemeralKeyPair":{"pubKey":"BZYfD9Cv0H5wI2kn7bv4P9pJ1ZUfXrzYEg8zvMwH1Eda","privKey":"qMQOmbCD3B35d/eYdGQQY3p5RCHhqxjsw02zYITvX3o="},"lastRemoteEphemeralKey":"BT0sUCRR06WYzbWECchxcC7Q68SWyKkpKJ0+WFn/nrIx","previousCounter":0,"rootKey":"IQntW3aFdP+RLMdyqwqHrz558MOjgb7dGsMdjj2Th+c="},"indexInfo":{"baseKey":"BYqsrbWBrDO8yGFzQyn8JgdFq8JCbLn2z6h0X9bGGep4","baseKeyType":1,"closed":-1,"used":1755720110028,"created":1755720110028,"remoteIdentityKey":"BZ35ucYBUnfELpEvmi2Te9+AonMuU6r68WzehOq/u54Z"},"_chains":{"BZYfD9Cv0H5wI2kn7bv4P9pJ1ZUfXrzYEg8zvMwH1Eda":{"chainKey":{"counter":12,"key":"+8bIjNMM6CF2UKdTh/9ise5jcE07A6d9SsesKuJF5yQ="},"chainType":1,"messageKeys":{}}},"pendingPreKey":{"signedKeyId":3,"baseKey":"BYqsrbWBrDO8yGFzQyn8JgdFq8JCbLn2z6h0X9bGGep4","preKeyId":14211349}}},"version":"v1"}