{"_sessions":{"Bc6lW60ilA5Bsl8A7xEzIIe7ZT9LO9dUM/3JdkfUhe9a":{"registrationId":206219243,"currentRatchet":{"ephemeralKeyPair":{"pubKey":"BVsdPirTdKvKQbSCseh7JCOJxTBDxqTN+zwksHWSok8q","privKey":"wEsaGdexZy7ILHbwzQ7jzobvcPvYXrfdd36d7pQo304="},"lastRemoteEphemeralKey":"BVjaz0HTRIebf7GXS4TSG5mtD/bY7DeQ1Cn/Quj/c9we","previousCounter":1,"rootKey":"DwbSw3s534xPGD0WG2etrLExSjB29kHBcrmd4x7EL+Y="},"indexInfo":{"baseKey":"Bc6lW60ilA5Bsl8A7xEzIIe7ZT9LO9dUM/3JdkfUhe9a","baseKeyType":1,"closed":-1,"used":1755543224834,"created":1755541495177,"remoteIdentityKey":"BbbzNfTJLGEQSx7v7QZyQXbo3kpSejPtAYB+MOuzeqQG"},"_chains":{"BVjaz0HTRIebf7GXS4TSG5mtD/bY7DeQ1Cn/Quj/c9we":{"chainKey":{"counter":1,"key":"oM5VG+mWq7pEbEjQo5qUuE2EWdiYuo/kVI3X4YShh5U="},"chainType":2,"messageKeys":{}},"BVsdPirTdKvKQbSCseh7JCOJxTBDxqTN+zwksHWSok8q":{"chainKey":{"counter":-1,"key":"YVJxjeJ+CC6ae7lYOEh9M//JwdNCNHxmPokBdw0st/c="},"chainType":1,"messageKeys":{}}}}},"version":"v1"}