{"_sessions":{"BQbmP7cM41VqvSzZbXyL0p8f7e0oGJhT4kNixjzMlBk1":{"registrationId":707231906,"currentRatchet":{"ephemeralKeyPair":{"pubKey":"BbY90VxfEA35ZZPLhA4t2REz9RigaqgD9bAgyqBwj59R","privKey":"OAsIlTM0whhRcLu8RtVGN7H6CdHMa/LWJpiDd9TbYWo="},"lastRemoteEphemeralKey":"Ba9b8g3z4J7lVVfgGiVssYLFD78gURFDY4PV55GTelU7","previousCounter":0,"rootKey":"rsz1FexvmK0mZ36OARCsmi8Ln+W3t7DLSyatfOWOAX0="},"indexInfo":{"baseKey":"BQbmP7cM41VqvSzZbXyL0p8f7e0oGJhT4kNixjzMlBk1","baseKeyType":1,"closed":-1,"used":1755720109937,"created":1755720109937,"remoteIdentityKey":"Ba9X/02K8goU2vPlnXxY7q0QB0BKYFwLi57nmYgzyfBy"},"_chains":{"BbY90VxfEA35ZZPLhA4t2REz9RigaqgD9bAgyqBwj59R":{"chainKey":{"counter":12,"key":"UfVUrBKpQAnOw29ooAQxBUZ2QCXPmeTtsTO7EImBgHk="},"chainType":1,"messageKeys":{}}},"pendingPreKey":{"signedKeyId":1,"baseKey":"BQbmP7cM41VqvSzZbXyL0p8f7e0oGJhT4kNixjzMlBk1","preKeyId":792249}}},"version":"v1"}