{"_sessions":{"BcT36zLZoCwl0x009Whx/xFSbfO21Dpis9ixpSSdtJ5e":{"registrationId":2848,"currentRatchet":{"ephemeralKeyPair":{"pubKey":"BYZULWVHaB2RWF2w388b1HveJQXtZOLtjTs7s2X9q6gJ","privKey":"0OL+5JzaxyNT96JUR769O64GKC/Sk8s5HYqbSWOezl8="},"lastRemoteEphemeralKey":"BU6jQLfKFs2LSDLn6YwH/xCMmkAlks6kBkrYydi56iQh","previousCounter":0,"rootKey":"HJW+utg5qb02sBgLae9YCvcGq1g0cesniSplT4P/8Ws="},"indexInfo":{"baseKey":"BcT36zLZoCwl0x009Whx/xFSbfO21Dpis9ixpSSdtJ5e","baseKeyType":1,"closed":-1,"used":1755720109895,"created":1755720109895,"remoteIdentityKey":"BT5yVCnu7OfBmr76NCzm2OMVfnraM692uMYL278kBY9B"},"_chains":{"BYZULWVHaB2RWF2w388b1HveJQXtZOLtjTs7s2X9q6gJ":{"chainKey":{"counter":12,"key":"M5bn3RcH6sLmjjWUxu+6u5pj3fqiKtdlnDOHOH4jWQU="},"chainType":1,"messageKeys":{}}},"pendingPreKey":{"signedKeyId":1,"baseKey":"BcT36zLZoCwl0x009Whx/xFSbfO21Dpis9ixpSSdtJ5e","preKeyId":276}}},"version":"v1"}