{"_sessions":{"Ba3zCpo5ccm5hxzJ6AwO35Na5FAm2s2nPPdSLWcqT7UG":{"registrationId":994105251,"currentRatchet":{"ephemeralKeyPair":{"pubKey":"BRqjNdUpwKgOpXIERWVAW7Od7PfRHP8RP63nIQ2X709P","privKey":"aLO1oUD5+jHLXZ5NgmR+bls9RAa00I6E5Ps2mhzZL1M="},"lastRemoteEphemeralKey":"BazhotptWttuP+Hn4G79OYuPlt7U0VNS/eLsJZoGM0RI","previousCounter":0,"rootKey":"UYDAm3+xTZtYpUHCgdwvine782SSQdM91ckei8v1qko="},"indexInfo":{"baseKey":"Ba3zCpo5ccm5hxzJ6AwO35Na5FAm2s2nPPdSLWcqT7UG","baseKeyType":1,"closed":-1,"used":1755720110007,"created":1755720110007,"remoteIdentityKey":"BdBeol9OqLIGo9faJKJpccSsVcOqjln2tNwyh4L2psgy"},"_chains":{"BRqjNdUpwKgOpXIERWVAW7Od7PfRHP8RP63nIQ2X709P":{"chainKey":{"counter":12,"key":"Uj0m/6PZJRhPgsjLhReVj/+uDSp7cyVdN9NqdmojFdI="},"chainType":1,"messageKeys":{}}},"pendingPreKey":{"signedKeyId":11,"baseKey":"Ba3zCpo5ccm5hxzJ6AwO35Na5FAm2s2nPPdSLWcqT7UG","preKeyId":6164453}}},"version":"v1"}