{"_sessions":{"BSxcJfeFgx5+t/beqD9zxDtl6cdCbemCzVZkqKEeSPBW":{"registrationId":1879757336,"currentRatchet":{"ephemeralKeyPair":{"pubKey":"BWv1cHVT6D3PBbtYHg8TuGL+ke91038eab1nJF+tEu1D","privKey":"6FqKHSrv5AvutDDrIIFKSF18KAW1mNnmkFDte2o1plM="},"lastRemoteEphemeralKey":"BfnwP8g6JNDgWUCqq9dq7r8hC9vvk8Z7TgoSWrB4Rf8d","previousCounter":0,"rootKey":"wxifCm0Tyck1b8sDcl4vYX6Z023nS1mruQnNHOQCm2Q="},"indexInfo":{"baseKey":"BSxcJfeFgx5+t/beqD9zxDtl6cdCbemCzVZkqKEeSPBW","baseKeyType":1,"closed":-1,"used":1755720109975,"created":1755720109975,"remoteIdentityKey":"BUFjvUCVDHZw07I3yYnW6vJcL8XLuE8yw/9vbw1JPosC"},"_chains":{"BWv1cHVT6D3PBbtYHg8TuGL+ke91038eab1nJF+tEu1D":{"chainKey":{"counter":12,"key":"GtEe8O6JGEnL8AfzPw4MNZP4gCwAmRBXp8gCal1qjS4="},"chainType":1,"messageKeys":{}}},"pendingPreKey":{"signedKeyId":9,"baseKey":"BSxcJfeFgx5+t/beqD9zxDtl6cdCbemCzVZkqKEeSPBW","preKeyId":9545804}}},"version":"v1"}