{"_sessions":{"BboPp9aFoysRoKcRWrI8ynYAil6XS/R6whztfCrPE9Un":{"registrationId":1668821770,"currentRatchet":{"ephemeralKeyPair":{"pubKey":"BfkCwD65vBGaFiWwiG7im4bT6mHkxxeQlO/KBbfEg5NN","privKey":"SKgEpEn6/tgRizThZvzpcSBnwV/buOtHh0OWcUsePlA="},"lastRemoteEphemeralKey":"BcODDaKtpdH38RC5CEpaA27Qqlsptwknm3LErzK6DxkB","previousCounter":0,"rootKey":"aHMk4ZkWf4x31nPAy8enDsvb0l6byKNryrYln2tcwG0="},"indexInfo":{"baseKey":"BboPp9aFoysRoKcRWrI8ynYAil6XS/R6whztfCrPE9Un","baseKeyType":1,"closed":-1,"used":1755720109966,"created":1755720109966,"remoteIdentityKey":"BSYaNoGIgONc6fupqN41pZ887QcKb/1k0MPBmeui6bMF"},"_chains":{"BfkCwD65vBGaFiWwiG7im4bT6mHkxxeQlO/KBbfEg5NN":{"chainKey":{"counter":12,"key":"wHyMl6sqOtOrIT2VXVvM8ibd+kLUD0oCh9bI76CC0w8="},"chainType":1,"messageKeys":{}}},"pendingPreKey":{"signedKeyId":21,"baseKey":"BboPp9aFoysRoKcRWrI8ynYAil6XS/R6whztfCrPE9Un","preKeyId":517031}}},"version":"v1"}