{"_sessions":{"BWbEFCSX5jpm0FCCFAV9z/zWmqI1SKvSFTOleL4/qD48":{"registrationId":1404804911,"currentRatchet":{"ephemeralKeyPair":{"pubKey":"BWBbkRgDW1IQE8MsQsy/Fnk3S5w91kiNwuJAZ1GlKjxD","privKey":"+HkGd4pTz8PsGSzWrnMZ+4D6Ma7cKY1++KwTEQFAzFc="},"lastRemoteEphemeralKey":"BZqTmp9OsyYG4/OCEJ3j5qN+oez5T2Bb4l1avTM2wsQG","previousCounter":0,"rootKey":"yjXExFdEVXfxIP9w5Q3IUd1jvjG/U99BTjO0IrOpbH0="},"indexInfo":{"baseKey":"BWbEFCSX5jpm0FCCFAV9z/zWmqI1SKvSFTOleL4/qD48","baseKeyType":1,"closed":-1,"used":1755720110039,"created":1755720110039,"remoteIdentityKey":"BTsiWsFY0tFF+DXw5roD8LPGc072aL7PzbUWIHiDo7tT"},"_chains":{"BWBbkRgDW1IQE8MsQsy/Fnk3S5w91kiNwuJAZ1GlKjxD":{"chainKey":{"counter":12,"key":"+R9NC7xyEDnkmbwbWLRcmhjsbi6eBvxlTJnNfD+eZx0="},"chainType":1,"messageKeys":{}}},"pendingPreKey":{"signedKeyId":4568277,"baseKey":"BWbEFCSX5jpm0FCCFAV9z/zWmqI1SKvSFTOleL4/qD48","preKeyId":19490}}},"version":"v1"}