{"noiseKey":{"private":{"type":"Buffer","data":"uGk7BqTw1DUOwNuILO7q856ws8Y+kt0SgqjP9Ws/zlc="},"public":{"type":"Buffer","data":"A4gfZC/lorixjIJydJfNebqH8uLXSgCgnYJfXNqPDGU="}},"pairingEphemeralKeyPair":{"private":{"type":"Buffer","data":"oPwBdgCK7PviW1jVmbHi/yy31hysUMXKmM6GcL2pH2g="},"public":{"type":"Buffer","data":"ZrTjdZPEeC1b22eW9pAlizMdK5mtF7Ld92qGuyGIpFk="}},"signedIdentityKey":{"private":{"type":"Buffer","data":"2FLXOveuS+myRECW+dkDNGS80hKTppKbRVB+yh+0uW4="},"public":{"type":"Buffer","data":"1mTFTLQNO3I/Abp+WdAZRrfoUggi4xwHkAFWvIJ+mlM="}},"signedPreKey":{"keyPair":{"private":{"type":"Buffer","data":"YMs6O7jKvHp2RS/aLh5BR9jvaeZFw0p7lI3NoUlAeX8="},"public":{"type":"Buffer","data":"lpE1hRDyM8kiSjwRVQN/3nfLftFnp3TpVHNcIvMII0U="}},"signature":{"type":"Buffer","data":"zypZ1WpBAininz/yGK5x6NeuJ2YjVXtOphYCGy8sPapacymdJGYW8RCQbndnNUs8GGKAYMcMpfy5iRq2jpogBQ=="},"keyId":1},"registrationId":176,"advSecretKey":"PoCRJ8UNWvUv5HRV3e2x/U+N+Hs2PTs7E1QhvEWK8sQ=","processedHistoryMessages":[{"key":{"remoteJid":"553496741592@s.whatsapp.net","fromMe":true,"id":"354A0AE74B4A9C0149F71B9EFB8750A8"},"messageTimestamp":1755043474},{"key":{"remoteJid":"553496741592@s.whatsapp.net","fromMe":true,"id":"E190CB6C265F8DE1D612AE63EE45EF80"},"messageTimestamp":1755043475},{"key":{"remoteJid":"553496741592@s.whatsapp.net","fromMe":true,"id":"A4A40307D518414E6BBD1085EAA84A8B"},"messageTimestamp":1755043476}],"nextPreKeyId":211,"firstUnuploadedPreKeyId":211,"accountSyncCounter":1,"accountSettings":{"unarchiveChats":false},"registered":false,"account":{"details":"CPGw2JcHEI+t78QGGAEgACgA","accountSignatureKey":"T17D+3BkSwqZVpSHf8DfjU4DJ3vTnNPuXwhF/lHjei4=","accountSignature":"43JtmAyHCiJqwQ1Lci9Xsbsj0StbMgv0LWUGSmAfP4YZhXZwzKhYSQ2JDdBdTS0P6auCw5wn76UxdOOpGmhiCg==","deviceSignature":"W0Xe3L32/zRNYOE4Hoql9D54DF4qpwNMQBweQ+SDJbICLm7uzmrL0bEmZQKYUeS6jilZo6sF6XkkGM3jP4VlAw=="},"me":{"id":"553496741592:2@s.whatsapp.net","name":"Dark Star Agency","lid":"9385124298875:2@lid"},"signalIdentities":[{"identifier":{"name":"553496741592:2@s.whatsapp.net","deviceId":0},"identifierKey":{"type":"Buffer","data":"BU9ew/twZEsKmVaUh3/A341OAyd705zT7l8IRf5R43ou"}}],"platform":"smba","routingInfo":{"type":"Buffer","data":"CAUIDQ=="},"lastAccountSyncTimestamp":1758033468,"lastPropHash":"2DlyAg","myAppStateKeyId":"AAAAAOvM"}