[{"senderKeyId":1379207268,"senderChainKey":{"iteration":3,"seed":"gcPny+yWuQwoN1c34XeNboFrZERukzspGBx6CvGe+6E="},"senderSigningKey":{"public":"BdFyHzFDvyhcRaNpePFj/0gsyhd6ylzlC0SXC9OejgYm"},"senderMessageKeys":[]},{"senderKeyId":535034927,"senderChainKey":{"iteration":1,"seed":"oFRQtOIaj+BmDg+rswR2MQ7bv68RoaKdq6VlKQndu1U="},"senderSigningKey":{"public":"BQ6I5z2Wuad6cEx1QmB3X/Y5SRfxSqGII47S97bZIg5c"},"senderMessageKeys":[]},{"senderKeyId":1955838436,"senderChainKey":{"iteration":2,"seed":"zhaa1Ykun7577E7sn4djXBSiQv9wURhS8LzcWikEu18="},"senderSigningKey":{"public":"BXYudgy7ws0yEB7hA+u4hz4Vpt2vHUHZc9uNpIVPKKQs"},"senderMessageKeys":[]},{"senderKeyId":801275608,"senderChainKey":{"iteration":8,"seed":"I7wrybZefm/YqaNrh/EE0SRaSW2Q6JZ/s2qnFiqGuzs="},"senderSigningKey":{"public":"BabQr1AWdMO/JL6ivTRo6C+mI/JulbpENNlzAA1X/iR8"},"senderMessageKeys":[]},{"senderKeyId":1893931494,"senderChainKey":{"iteration":4,"seed":"S6QcC7Na5eOplvAZsaXqNW+M1YyIhe/dm9BkFpWj/cU="},"senderSigningKey":{"public":"BZaQSjAZFLA8b/KOSypJRasjNd/h2UTSoHS+TYm0Qz0p"},"senderMessageKeys":[]}]