[{"senderKeyId":2061464931,"senderChainKey":{"iteration":1,"seed":"9Z/Di8eTyd6l82FTQ4BGkxtgg5vsGkvGkidRodTqL+U="},"senderSigningKey":{"public":"BXLZl71DRTCY706Df0oSFlQCPYSlaltvj5NJq1TLj6R5"},"senderMessageKeys":[]},{"senderKeyId":2085561926,"senderChainKey":{"iteration":1,"seed":"i3vNVwIGH0fjg/CKORZLqmXnRGon7MRpYGpmmTboKnQ="},"senderSigningKey":{"public":"BaIb8oO4NXdZUIKA3M3o8bKzocKhNGEPtht2c9hVDpAb"},"senderMessageKeys":[]},{"senderKeyId":2005612013,"senderChainKey":{"iteration":3,"seed":"+goszFoU/aMXkP1L98GFsPgFWH9ey0P0p2Xgg6h4QfI="},"senderSigningKey":{"public":"BTgAcDi2pxzfgk2UzDbJOUMmKIGb0AiWxm98uJThwxYG"},"senderMessageKeys":[]}]