{"553499449969@s.whatsapp.net":true,"553499449969:89@s.whatsapp.net":true,"553491364260@s.whatsapp.net":true,"553499910018@s.whatsapp.net":true,"553497629738@s.whatsapp.net":true,"553498874248@s.whatsapp.net":true,"553498408730@s.whatsapp.net":true,"553499371345@s.whatsapp.net":true,"553491978117@s.whatsapp.net":true,"553498017502@s.whatsapp.net":true,"553498089272@s.whatsapp.net":true,"553498854205@s.whatsapp.net":true,"553497794827@s.whatsapp.net":true,"553498750834@s.whatsapp.net":true,"553496963092@s.whatsapp.net":true,"553491767573@s.whatsapp.net":true,"553491767573:10@s.whatsapp.net":true,"553493229094@s.whatsapp.net":true,"553496506070@s.whatsapp.net":true,"553497773764@s.whatsapp.net":true,"553496358946@s.whatsapp.net":true,"553499074410@s.whatsapp.net":true,"553496393229@s.whatsapp.net":true,"553498076430@s.whatsapp.net":true,"553497771091@s.whatsapp.net":true,"553496415161@s.whatsapp.net":true,"553497641927@s.whatsapp.net":true,"553498822116@s.whatsapp.net":true,"553496454281@s.whatsapp.net":true,"553497677281@s.whatsapp.net":true,"553484137529@s.whatsapp.net":true,"553496475554@s.whatsapp.net":true,"553491376287@s.whatsapp.net":true,"553491711002@s.whatsapp.net":true,"553496531300@s.whatsapp.net":true,"553498891265@s.whatsapp.net":true,"553496926472@s.whatsapp.net":true,"553498989578@s.whatsapp.net":true,"553491650489@s.whatsapp.net":true,"553496306183@s.whatsapp.net":true,"553492442743@s.whatsapp.net":true,"553488212765@s.whatsapp.net":true,"553492727667@s.whatsapp.net":true,"553498198820@s.whatsapp.net":true,"553497760266@s.whatsapp.net":true,"553498935824@s.whatsapp.net":true,"553497970215@s.whatsapp.net":true,"553498335808@s.whatsapp.net":true,"553496796769@s.whatsapp.net":true,"553498130585@s.whatsapp.net":true,"553491502137@s.whatsapp.net":true,"553492052933@s.whatsapp.net":true,"553497774563@s.whatsapp.net":true,"553492216475@s.whatsapp.net":true,"553496967037@s.whatsapp.net":true,"553496445032@s.whatsapp.net":true,"553496445032:10@s.whatsapp.net":true,"553496720640@s.whatsapp.net":true,"553498922440@s.whatsapp.net":true,"553498679687@s.whatsapp.net":true,"553498871089@s.whatsapp.net":true,"553498871089:88@s.whatsapp.net":true,"553499745336@s.whatsapp.net":true,"553499745336:21@s.whatsapp.net":true,"553499745336:22@s.whatsapp.net":true,"553499745336:23@s.whatsapp.net":true,"553497726380@s.whatsapp.net":true,"553498286050@s.whatsapp.net":true,"553496741592@s.whatsapp.net":true,"553496741592:3@s.whatsapp.net":true,"553496741592:5@s.whatsapp.net":true,"553496741592:6@s.whatsapp.net":true,"553497957912@s.whatsapp.net":true,"553497655124@s.whatsapp.net":true,"553484211079@s.whatsapp.net":true,"553496506931@s.whatsapp.net":true,"553496403390@s.whatsapp.net":true,"553496742953@s.whatsapp.net":true,"553499079091@s.whatsapp.net":true,"553499079091:2@s.whatsapp.net":true,"553498872358@s.whatsapp.net":true,"553492428258@s.whatsapp.net":true,"553492428258:12@s.whatsapp.net":true,"553498944816@s.whatsapp.net":true,"553499716524@s.whatsapp.net":true,"553491709505@s.whatsapp.net":true,"553491709505:59@s.whatsapp.net":true,"553499649161@s.whatsapp.net":true,"553499355055@s.whatsapp.net":true,"553498870564@s.whatsapp.net":true,"553484119808@s.whatsapp.net":true,"553496485816@s.whatsapp.net":true,"553496485816:1@s.whatsapp.net":true,"553499619091@s.whatsapp.net":true,"553496778470@s.whatsapp.net":true,"553497998376@s.whatsapp.net":true,"553492765740@s.whatsapp.net":true,"553488359005@s.whatsapp.net":true,"553498760342@s.whatsapp.net":true,"553498691552@s.whatsapp.net":true,"553496661728@s.whatsapp.net":true,"553496862608@s.whatsapp.net":true,"553488089279@s.whatsapp.net":true,"553499920454@s.whatsapp.net":true,"553496617822@s.whatsapp.net":true,"553491977637@s.whatsapp.net":true,"553499773659@s.whatsapp.net":true,"553499822717@s.whatsapp.net":true,"553499649000@s.whatsapp.net":true,"553499649000:77@s.whatsapp.net":true,"553499649000:78@s.whatsapp.net":true,"553488185569@s.whatsapp.net":true,"553488185569:72@s.whatsapp.net":true,"553496567486@s.whatsapp.net":true,"553497787088@s.whatsapp.net":true,"553497650262@s.whatsapp.net":true,"553491755362@s.whatsapp.net":true,"553491755362:3@s.whatsapp.net":true,"553484208095@s.whatsapp.net":true,"553496574101@s.whatsapp.net":true,"553497744505@s.whatsapp.net":true,"553498784306@s.whatsapp.net":true,"553496646234@s.whatsapp.net":true,"553499661580@s.whatsapp.net":true,"553498746884@s.whatsapp.net":true,"553488789392@s.whatsapp.net":true,"553488789392:87@s.whatsapp.net":true,"553488789392:88@s.whatsapp.net":true,"553488789392:89@s.whatsapp.net":true,"553498078795@s.whatsapp.net":true,"553488390625@s.whatsapp.net":true,"553497755949@s.whatsapp.net":true}