{"_sessions":{"BQ/w1TtJa41PItKmwFpy+EoGgB5tGTsK0ERJKtAP1igb":{"registrationId":1774544377,"currentRatchet":{"ephemeralKeyPair":{"pubKey":"BWYyDgD5lPBdiadAIFI3Vnbu5rQShJNheiI53eQD7NAd","privKey":"KJSdLp5ftHkrCPlMhbwG1SFHi+BR9KbndmYVkh+Ufmo="},"lastRemoteEphemeralKey":"Bdo5zGRdQ+NNpdEbpYrfmf/l/JVqQdBiKuSR5y1/HBsV","previousCounter":0,"rootKey":"TjwkCMs2rttbP/6HW8gmaHvX+qXCqlKFPdRqO7766N4="},"indexInfo":{"baseKey":"BQ/w1TtJa41PItKmwFpy+EoGgB5tGTsK0ERJKtAP1igb","baseKeyType":1,"closed":-1,"used":1755720109884,"created":1755720109884,"remoteIdentityKey":"BaWHNVV42YGfIROQsqABmbSHT/+Xp4Dz+vjyCTiiEXxL"},"_chains":{"BWYyDgD5lPBdiadAIFI3Vnbu5rQShJNheiI53eQD7NAd":{"chainKey":{"counter":12,"key":"5aRmOBXj5ppkCX+NdGS/uljvlpMwtZ/8Pi+/fo/Hdio="},"chainType":1,"messageKeys":{}}},"pendingPreKey":{"signedKeyId":1,"baseKey":"BQ/w1TtJa41PItKmwFpy+EoGgB5tGTsK0ERJKtAP1igb","preKeyId":746}}},"version":"v1"}