{"_sessions":{"Bbf+nyKbkE9IllCpLB3UrL+T6SQ6203dv6106GZrZ0km":{"registrationId":1997982598,"currentRatchet":{"ephemeralKeyPair":{"pubKey":"BWOBHwhd6OPZbO69kdiT6aHDhoHbCZC56q2I+XZ8RokW","privKey":"cKAgpFco3bpFxyuuzydMhBFzx4C5fT2gnnUZGeLoC2Q="},"lastRemoteEphemeralKey":"BbaHEeHclE1jR1XYa1zF1fEXjFyr3ooaCY6PidbX45te","previousCounter":0,"rootKey":"smIPLYVyq/y6reQ3TplxWpcBi8f95xGDjz/47mKYfNw="},"indexInfo":{"baseKey":"Bbf+nyKbkE9IllCpLB3UrL+T6SQ6203dv6106GZrZ0km","baseKeyType":1,"closed":-1,"used":1755720110033,"created":1755720110033,"remoteIdentityKey":"BeuFNwPYxc42m4FEBrw8UeCeYuGAWcVrNPeHn4QnCmhK"},"_chains":{"BWOBHwhd6OPZbO69kdiT6aHDhoHbCZC56q2I+XZ8RokW":{"chainKey":{"counter":12,"key":"CxLo927OeFWkiEdJJtPBmH02xHaNrzdmTIFJZf7a0Qs="},"chainType":1,"messageKeys":{}}},"pendingPreKey":{"signedKeyId":3,"baseKey":"Bbf+nyKbkE9IllCpLB3UrL+T6SQ6203dv6106GZrZ0km","preKeyId":14075467}}},"version":"v1"}