{"_sessions":{"Bdzf+eYjpxXKh4MoEfUFKtUGy+Vn0L2AgrfKFqSp/pJe":{"registrationId":1460615551,"currentRatchet":{"ephemeralKeyPair":{"pubKey":"BS7GzhjZgXiUzWu1ChDLeftjpyABNQ4Wo5yUmtITz7gJ","privKey":"+H1oQ3odJcpaOa3cUcXDTyqURo+mIsSKLaM9Xk4YxUc="},"lastRemoteEphemeralKey":"BSZi8GbtNAGJ1jatJyvS0toUGKEBtArBPgI213XOdgle","previousCounter":0,"rootKey":"2ldKrcmPN+1/8kfJkyFKJoWYDrTanVJy5hM/43cmKkA="},"indexInfo":{"baseKey":"Bdzf+eYjpxXKh4MoEfUFKtUGy+Vn0L2AgrfKFqSp/pJe","baseKeyType":1,"closed":-1,"used":1755720109948,"created":1755720109948,"remoteIdentityKey":"BQzQzHi5LxNNixB0m3y4YTQyOtXGyr7ta4NYkGaBiHJD"},"_chains":{"BS7GzhjZgXiUzWu1ChDLeftjpyABNQ4Wo5yUmtITz7gJ":{"chainKey":{"counter":12,"key":"PTQemA3+kVlgq5VV6KMddIEUnkhimRRk89Za+Ok8/wY="},"chainType":1,"messageKeys":{}}},"pendingPreKey":{"signedKeyId":3,"baseKey":"Bdzf+eYjpxXKh4MoEfUFKtUGy+Vn0L2AgrfKFqSp/pJe","preKeyId":3242193}}},"version":"v1"}