{"_sessions":{"BXQfOlJAv8/sQq+ot5sT+vi7H3IWeCMso8OuAz/4DB0N":{"registrationId":1012924055,"currentRatchet":{"ephemeralKeyPair":{"pubKey":"BeucdMDJM3dDFlniyW7JtoSsSgVYKofNejXaEkeG2zw/","privKey":"MB9jeV5k9WMjs4AQDE/jP7eR5s7hAr2mWsqo9tLs8lw="},"lastRemoteEphemeralKey":"BYgdxx4UdbrgzgUzCcOTYzPBBM4v1M0v5QPk1noc4WMS","previousCounter":0,"rootKey":"Gf67Fqk0kK1J5smvTQxnlGhfgRUaBfh0NWKB4PsMWVQ="},"indexInfo":{"baseKey":"BXQfOlJAv8/sQq+ot5sT+vi7H3IWeCMso8OuAz/4DB0N","baseKeyType":1,"closed":-1,"used":1755720110024,"created":1755720110024,"remoteIdentityKey":"BVBtJSu8yCDEmh7PB/B+j+dz0soA0QefcrXhXHBIAO8h"},"_chains":{"BeucdMDJM3dDFlniyW7JtoSsSgVYKofNejXaEkeG2zw/":{"chainKey":{"counter":12,"key":"kkoHvhUomWTlIdJ8nd+k8Rzac5RCQf8zLGZFHHMet5k="},"chainType":1,"messageKeys":{}}},"pendingPreKey":{"signedKeyId":5,"baseKey":"BXQfOlJAv8/sQq+ot5sT+vi7H3IWeCMso8OuAz/4DB0N","preKeyId":15926141}}},"version":"v1"}