{"_sessions":{"BZbOoVNzDTMbhLcFresaElRIFYiHfmcBBPPa/GRfTrgN":{"registrationId":13875,"currentRatchet":{"ephemeralKeyPair":{"pubKey":"BSbPr8EasZBDkNwSIirGYeNss/e6dQmZBKB+X6wFBpYD","privKey":"4JYhdwJAF8mgQ0GFpCdIagrwn+Gfr5vnv5g/+JjhQ0Q="},"lastRemoteEphemeralKey":"BXcYgb24aeqbQKuXe0kaG/HD/pjJjwgUsh/HFO8Lja0+","previousCounter":0,"rootKey":"LZ61oNphJ6sYD8f8SOZLNTZsUjo6Vk4pu2nxXB1KS7E="},"indexInfo":{"baseKey":"BZbOoVNzDTMbhLcFresaElRIFYiHfmcBBPPa/GRfTrgN","baseKeyType":1,"closed":-1,"used":1755720109894,"created":1755720109894,"remoteIdentityKey":"Ba/v9fkrlKu1reomuKcxzlo4Z6YrOazcHH0NM/X6OxxV"},"_chains":{"BSbPr8EasZBDkNwSIirGYeNss/e6dQmZBKB+X6wFBpYD":{"chainKey":{"counter":12,"key":"UzQM4JWU5lkGx2voIvWW8MjvEhH51JTuMlU5iOurA98="},"chainType":1,"messageKeys":{}}},"pendingPreKey":{"signedKeyId":1,"baseKey":"BZbOoVNzDTMbhLcFresaElRIFYiHfmcBBPPa/GRfTrgN","preKeyId":262}}},"version":"v1"}