{"_sessions":{"BRyEM27Fflm3Bi7axwSYAWJHgBaLMmlghYB1D6IWiBVI":{"registrationId":122104673,"currentRatchet":{"ephemeralKeyPair":{"pubKey":"BU4hvWrgT4kUhIBtVzpRK0P10nYNAmKyEE3EUCas/V0F","privKey":"SM7rTeYFE0napfbh6N3hm8aF2OBK91wrAOr5UMP702c="},"lastRemoteEphemeralKey":"BXREvBFe0izF33IvtlUH8D1TlOAutcWx/qXjSusopPUp","previousCounter":0,"rootKey":"GIX73ARjnWea+xeqzn65IqYCu0u49zABN2uRhSgph7Y="},"indexInfo":{"baseKey":"BRyEM27Fflm3Bi7axwSYAWJHgBaLMmlghYB1D6IWiBVI","baseKeyType":1,"closed":-1,"used":1755280711373,"created":1755280711373,"remoteIdentityKey":"Baj6TYsLixAN5EARcVFZGuLewBnYyhJyTr5baOmPzrgn"},"_chains":{"BU4hvWrgT4kUhIBtVzpRK0P10nYNAmKyEE3EUCas/V0F":{"chainKey":{"counter":4,"key":"ZQH6JBmZtZo9FNC1pDlsBtsiPGtBfm0FT3aJEfEXe4M="},"chainType":1,"messageKeys":{}}},"pendingPreKey":{"signedKeyId":1,"baseKey":"BRyEM27Fflm3Bi7axwSYAWJHgBaLMmlghYB1D6IWiBVI","preKeyId":4460300}}},"version":"v1"}