{"_sessions":{"BbaOnMAvGfMicuawUD0Z3XWws8SsgA7dkiLfcbOlMXk5":{"registrationId":162570056,"currentRatchet":{"ephemeralKeyPair":{"pubKey":"Ba1DbzfwVw7hhCtYnM876LQwoaUwDo6oTWmsSYkDHGx5","privKey":"MEQ4ZkSE+k39Ay5s2ycR0jkZNd6YgTGAluonOQYSrk0="},"lastRemoteEphemeralKey":"BfbhZSZOs7d5gJD3fDVN4mAws0zeRCMuSVOHg6FGw/9Q","previousCounter":0,"rootKey":"zCa7HgOxNBJ0Yk3i4ErZDUBPSAQwZmB19teHECOGwHw="},"indexInfo":{"baseKey":"BbaOnMAvGfMicuawUD0Z3XWws8SsgA7dkiLfcbOlMXk5","baseKeyType":1,"closed":-1,"used":1755720110013,"created":1755720110013,"remoteIdentityKey":"BZ498EE2Vtm/OXtaL7TPxQlj8I61RxfH8Sme/k5WPaZz"},"_chains":{"Ba1DbzfwVw7hhCtYnM876LQwoaUwDo6oTWmsSYkDHGx5":{"chainKey":{"counter":12,"key":"wj3NCL9e7mWMRRQIkiVW2eyL8FLi1gAuPbOK2h7RAJI="},"chainType":1,"messageKeys":{}}},"pendingPreKey":{"signedKeyId":26,"baseKey":"BbaOnMAvGfMicuawUD0Z3XWws8SsgA7dkiLfcbOlMXk5","preKeyId":2000181}}},"version":"v1"}