{"_sessions":{"Bfl/Ckoquld33EG0Xv5jqOvPKrRxoJirNF1+U+RhZZ5l":{"registrationId":1990342200,"currentRatchet":{"ephemeralKeyPair":{"pubKey":"BUtTlZJY/1Wb0whsmTypK4AyU8iezK259USnKwVVgchD","privKey":"0OdCh7gB6CWILmBQGkkKtnhXr1NF7/ubL9UKU5G4ZkY="},"lastRemoteEphemeralKey":"BZpNqBxsO4ixdyF9wML+WPHOXAdaoTlVbKmfnnmX+3Im","previousCounter":0,"rootKey":"p3gnRJMge9mtopj2AfDrYyUzxGFEVa7DpuxiIkBnUE8="},"indexInfo":{"baseKey":"Bfl/Ckoquld33EG0Xv5jqOvPKrRxoJirNF1+U+RhZZ5l","baseKeyType":1,"closed":-1,"used":1755720110005,"created":1755720110005,"remoteIdentityKey":"BUv9ne4z+c0yqmUm5fOrwTL0oin6tKj3E/4v/oMf6wYe"},"_chains":{"BUtTlZJY/1Wb0whsmTypK4AyU8iezK259USnKwVVgchD":{"chainKey":{"counter":12,"key":"TaPfXjY3vfmxi9a968BEMvctAcGHm/RHLoAoWId3FDg="},"chainType":1,"messageKeys":{}}},"pendingPreKey":{"signedKeyId":39,"baseKey":"Bfl/Ckoquld33EG0Xv5jqOvPKrRxoJirNF1+U+RhZZ5l","preKeyId":16160626}}},"version":"v1"}