{"_sessions":{"BSbQVC10qwSKovg06QE7k3VISO6WlY1I+rHcRgdtHHVC":{"registrationId":251716614,"currentRatchet":{"ephemeralKeyPair":{"pubKey":"BQ+SE2ipTNCWXvf0TaSl16ByTkpcK6sxMfpOIN523vUv","privKey":"cP/rZJBBcHAM2Cswhm20lefKC8zb/cgFXut6dQ9G0Fw="},"lastRemoteEphemeralKey":"BRhlxaS2EzJHCJadjJq3eW1qgPEYNPTIc9CxxwYUuN9C","previousCounter":0,"rootKey":"0I/ke1w4cdNws8SFOooKCBlzfsT+N50Ecqu21v5D6ZU="},"indexInfo":{"baseKey":"BSbQVC10qwSKovg06QE7k3VISO6WlY1I+rHcRgdtHHVC","baseKeyType":1,"closed":-1,"used":1755720109994,"created":1755720109994,"remoteIdentityKey":"BbsHkgp18leOKO7TQoqfbWqhfjeHcqaVLNq+jQwcYnUc"},"_chains":{"BQ+SE2ipTNCWXvf0TaSl16ByTkpcK6sxMfpOIN523vUv":{"chainKey":{"counter":12,"key":"7TNlXz0vm1uzfY3RmaNs3RT5n6qXNvIfIzbzUu9JVO8="},"chainType":1,"messageKeys":{}}},"pendingPreKey":{"signedKeyId":9,"baseKey":"BSbQVC10qwSKovg06QE7k3VISO6WlY1I+rHcRgdtHHVC","preKeyId":1363987}}},"version":"v1"}