{"_sessions":{"BeP8UpvpYxBrjIoH6JL0isMxplWH8NSjMfe/Vd+vWeVC":{"registrationId":1914818231,"currentRatchet":{"ephemeralKeyPair":{"pubKey":"BTbdXad1BGoh+HqTIA7MRS0OjyqRMwHs3tSMRBLLRBUE","privKey":"yPf09/sa8rPEw8ovWIZNPEEEmPmKHPznfrnxsKbyl38="},"lastRemoteEphemeralKey":"BVDi2aEkqbOxGDN3eehshxxrr83VsolC6dg+Jw22p3Uv","previousCounter":11,"rootKey":"TjRAtXhR36dWQSp3o5mtM/uz+8db4NieAomt3TNS/ko="},"indexInfo":{"baseKey":"BeP8UpvpYxBrjIoH6JL0isMxplWH8NSjMfe/Vd+vWeVC","baseKeyType":2,"closed":-1,"used":1756723384498,"created":1755073314099,"remoteIdentityKey":"Be+7OfHjOgGbhwbDM9NcVRTIDa1G7Z82yr69plST9ZIX"},"_chains":{"BTC0g36VWk4WXxlmvnusS+ymuhZ7ND/uWzKMABvA891A":{"chainKey":{"counter":0},"chainType":2,"messageKeys":{}},"BbZJ1ssy/6cJ537zUGefLM4YV51lsbhjwQal/13soeRl":{"chainKey":{"counter":0},"chainType":2,"messageKeys":{}},"BajeXZc5N68GCYDS5MH6eTG8Dl9AlLXPtOqLxvTCVztP":{"chainKey":{"counter":0},"chainType":2,"messageKeys":{}},"BZhma2bJoxm/z3zg2/bYYg2pm3B4/+712imPG7qLZxcn":{"chainKey":{"counter":2},"chainType":2,"messageKeys":{}},"BbH2ibW6rEIMGvAaG2shPppowwlZMLsZ44BA2z3nR5dG":{"chainKey":{"counter":0},"chainType":2,"messageKeys":{}},"BeDZ9xylwClcHWCEEpfBLmLbyYlbpEyztC0ZmCfJIedz":{"chainKey":{"counter":0},"chainType":2,"messageKeys":{}},"BQPcx3Yg/agHnJQ9iHHBrghzuED4tvzjQ44oprA+qGd4":{"chainKey":{"counter":0},"chainType":2,"messageKeys":{}},"BZ5gXn8GDM4bvpEMpbiFpAjUpewt5zXLhTKWnZtB9OIY":{"chainKey":{"counter":0},"chainType":2,"messageKeys":{}},"BVDi2aEkqbOxGDN3eehshxxrr83VsolC6dg+Jw22p3Uv":{"chainKey":{"counter":10,"key":"b6JCLY/z8/vsR88sBY4uDTior27unSdpNH+gbcyoJJk="},"chainType":2,"messageKeys":{}},"BTbdXad1BGoh+HqTIA7MRS0OjyqRMwHs3tSMRBLLRBUE":{"chainKey":{"counter":-1,"key":"WmSBS6t19pvpROdI3hzBm1tZlGE0Cuhznt24+PZcGvU="},"chainType":1,"messageKeys":{}}}}},"version":"v1"}