{"_sessions":{"BZBIVKCh7X1vzl49PbqdbIl6Yg3QHXNAxzOGBoctVzY1":{"registrationId":311301314,"currentRatchet":{"ephemeralKeyPair":{"pubKey":"BcgIT6RlAN4ZRDizOp4hCyHzsOO0H4/wcF5GQ/xaV8x1","privKey":"0OfG/uPgTVxnJM7jihZnrNEEFVwDdG6LX0trOC7iakI="},"lastRemoteEphemeralKey":"BV+L1DOXk+qGVFIQ66EGM/bELwqdUTdZmOMpxltn1uUP","previousCounter":0,"rootKey":"7nDjSQF+gk1vQ6xCDEXjXhwN7vDgSS6WBU0CxidfmOs="},"indexInfo":{"baseKey":"BZBIVKCh7X1vzl49PbqdbIl6Yg3QHXNAxzOGBoctVzY1","baseKeyType":1,"closed":-1,"used":1755720110062,"created":1755720110062,"remoteIdentityKey":"BRs37ypvgk+p2RW+WaeI2H7Mvdd9rcircGFOTCSkpH50"},"_chains":{"BcgIT6RlAN4ZRDizOp4hCyHzsOO0H4/wcF5GQ/xaV8x1":{"chainKey":{"counter":12,"key":"Qx0ziLnpQOojvZ2LA3JqHW5r38WUHfffIHC7g+kyy/M="},"chainType":1,"messageKeys":{}}},"pendingPreKey":{"signedKeyId":6,"baseKey":"BZBIVKCh7X1vzl49PbqdbIl6Yg3QHXNAxzOGBoctVzY1","preKeyId":8656302}}},"version":"v1"}