{"_sessions":{"BcStzTOkGD1g8ELO/AWPY5+WcZZMx8c0zBePNCCzQWtn":{"registrationId":1039333842,"currentRatchet":{"ephemeralKeyPair":{"pubKey":"BSY4zE3010L34l52yG7ea6U5AnTmfbwk8Jlv55Wtsa9F","privKey":"KPM4jBJaNpMHlGUoJ42rXd9Mla+9F6/X5ecdkUCtKk4="},"lastRemoteEphemeralKey":"BWDiAxq372wWiQGqoj81YRdfSY/FJ5xaKmAPm24d1tQo","previousCounter":0,"rootKey":"NURKirw3AyuTnW9EDVWIgtiaN4HD/bb/MT7c3NELLvY="},"indexInfo":{"baseKey":"BcStzTOkGD1g8ELO/AWPY5+WcZZMx8c0zBePNCCzQWtn","baseKeyType":1,"closed":-1,"used":1755720110006,"created":1755720110006,"remoteIdentityKey":"BdrdvMVn9Z+YHoi31yJndD0+HtfgCkjwLCho2vrfKFNC"},"_chains":{"BSY4zE3010L34l52yG7ea6U5AnTmfbwk8Jlv55Wtsa9F":{"chainKey":{"counter":12,"key":"n3Uxo2ZXgUydyQ0IomrQHCSfnLDI4qtHxjI6sNSCP94="},"chainType":1,"messageKeys":{}}},"pendingPreKey":{"signedKeyId":60278,"baseKey":"BcStzTOkGD1g8ELO/AWPY5+WcZZMx8c0zBePNCCzQWtn","preKeyId":1385}}},"version":"v1"}