{"_sessions":{"BYJZgMnBu3HnAeulP+zvYisdN2tMG+CrrOWaaY9jr8Qi":{"registrationId":42940282,"currentRatchet":{"ephemeralKeyPair":{"pubKey":"BUfItzTAS1pCyuX1HgLAOdWYmcQrcMvHNz8mjjy2DZc3","privKey":"gL6SER+hbkpPM0qvo0gxITgYvnlFzGn+aYCLR6D3SWI="},"lastRemoteEphemeralKey":"BUI8G83FfMDKd/ugZqVC4lfmg5rXwd0LRp2ALZM84IdI","previousCounter":0,"rootKey":"+NIUPPwUY76LRYVFTZBS5T9FNm78VdjSSaDLvXnI6iY="},"indexInfo":{"baseKey":"BYJZgMnBu3HnAeulP+zvYisdN2tMG+CrrOWaaY9jr8Qi","baseKeyType":1,"closed":-1,"used":1756723570447,"created":1756723570447,"remoteIdentityKey":"BbVA/2eVTW6RG8g/FtsOj+NSOw/X6ZlYp0hvZlt48rd8"},"_chains":{"BUfItzTAS1pCyuX1HgLAOdWYmcQrcMvHNz8mjjy2DZc3":{"chainKey":{"counter":1,"key":"KutiWQascmNsU83Mbl7rKN8sHVwK8rdRAi84Rv1hsfQ="},"chainType":1,"messageKeys":{}}},"pendingPreKey":{"signedKeyId":9385850,"baseKey":"BYJZgMnBu3HnAeulP+zvYisdN2tMG+CrrOWaaY9jr8Qi"}}},"version":"v1"}