{"_sessions":{"BbsQmri7McHLBXi7W7ZinHzPYtWKRLvhNcIjCt//bSF/":{"registrationId":1036709647,"currentRatchet":{"ephemeralKeyPair":{"pubKey":"BQzoMUempnyQPoAKTrVcsLHfLJxwI1SIhGrrqkw1LdUC","privKey":"ALxX1CmWdt1g7Uy17DLuPQbxcZBIom+9Q38s1OcFaGw="},"lastRemoteEphemeralKey":"BcLGeNAwC3NbpDZScyoUFRnhdzmG3AosgyByrwfm+Vh/","previousCounter":0,"rootKey":"H5OQyT8PCyXINTEJXZtvxc6vMmaEVdCPsawBioYM5cA="},"indexInfo":{"baseKey":"BbsQmri7McHLBXi7W7ZinHzPYtWKRLvhNcIjCt//bSF/","baseKeyType":2,"closed":-1,"used":1755720102180,"created":1755720102180,"remoteIdentityKey":"BYbFDpHYVKTMBs7MZu9XS3ySPT1E3VlQJ1Hd1MjD4yQ4"},"_chains":{"BcLGeNAwC3NbpDZScyoUFRnhdzmG3AosgyByrwfm+Vh/":{"chainKey":{"counter":0,"key":"eVKFISkLiMhOKuRbNNVrR73SYgI2d/ypFaDU5Yxw5ZQ="},"chainType":2,"messageKeys":{}},"BQzoMUempnyQPoAKTrVcsLHfLJxwI1SIhGrrqkw1LdUC":{"chainKey":{"counter":12,"key":"ImCJNvZSQOnRz1FZasVyqi/ypeo7eTUsfjSLAo5cU44="},"chainType":1,"messageKeys":{}}}}},"version":"v1"}