{"_sessions":{"Bd76n24S+invkL0mH9Y28oKJczF8s+tPzh25DTnnqvwz":{"registrationId":1850229998,"currentRatchet":{"ephemeralKeyPair":{"pubKey":"BYOo/p7rxbjY+F5I6D+M5HK0fINBfZBa0JqckC71Ux8Z","privKey":"oGY5APXWm4KkUemW47j7HZOWTqLkzUTXS7GG0N42fVo="},"lastRemoteEphemeralKey":"BSuAkVWDoykJp1H4kogTgYOaObKjDwq2hXEtHoqS/35u","previousCounter":0,"rootKey":"dnSA3+RO6KhEutBS1WBYpvKF+JDLa3NH4pGaSk3rhB8="},"indexInfo":{"baseKey":"Bd76n24S+invkL0mH9Y28oKJczF8s+tPzh25DTnnqvwz","baseKeyType":1,"closed":-1,"used":1755720110032,"created":1755720110032,"remoteIdentityKey":"Be1ThfRxEZVcvbrLBdbjLnG0lRQ+zJXL8dcM5kjTiSpz"},"_chains":{"BYOo/p7rxbjY+F5I6D+M5HK0fINBfZBa0JqckC71Ux8Z":{"chainKey":{"counter":12,"key":"zc7YZ5qq6SNCul7lG4H5yrbpoqOGvpn8RzOBtdK+eCo="},"chainType":1,"messageKeys":{}}},"pendingPreKey":{"signedKeyId":6,"baseKey":"Bd76n24S+invkL0mH9Y28oKJczF8s+tPzh25DTnnqvwz","preKeyId":2127680}}},"version":"v1"}