{"_sessions":{"BTGYdjFt+B3dvBXbks3qeb6O/YrcmwP2fopSX5iC0yJt":{"registrationId":1983021044,"currentRatchet":{"ephemeralKeyPair":{"pubKey":"Bdx89g6tYheXjrx4a/R7I6tV5wxXkJO5VMRammOH8opL","privKey":"2AC2yFxcDWLJJqsIdGB3vgbI1qUOe/ThYMv+js01W18="},"lastRemoteEphemeralKey":"BaacLt5M53GMF3uU6jRSZJ2FvhUWursdk7zO6/3RozER","previousCounter":0,"rootKey":"p+jGG7lAGhq2t637w9c8boWvB+bmUstOrlwyG6n2iLs="},"indexInfo":{"baseKey":"BTGYdjFt+B3dvBXbks3qeb6O/YrcmwP2fopSX5iC0yJt","baseKeyType":1,"closed":-1,"used":1755720110017,"created":1755720110017,"remoteIdentityKey":"BRtBTjqp/xgziXwFH1KE5TbpdfcBSVsnClfcZLVPTtQb"},"_chains":{"Bdx89g6tYheXjrx4a/R7I6tV5wxXkJO5VMRammOH8opL":{"chainKey":{"counter":12,"key":"H31ITI1qKbp7S8QXvkQt2D16mvArxJE4J/qicN9KZtQ="},"chainType":1,"messageKeys":{}}},"pendingPreKey":{"signedKeyId":13,"baseKey":"BTGYdjFt+B3dvBXbks3qeb6O/YrcmwP2fopSX5iC0yJt","preKeyId":10851874}}},"version":"v1"}