{"_sessions":{"BfOUq8HsETiRNdeWkOJ7Zcyhnjtn0p1zINU53qQiNgg0":{"registrationId":10369,"currentRatchet":{"ephemeralKeyPair":{"pubKey":"BfhYAMqItFNnF7DPQ0VpKRSYJKy9XdkDDLaG+T6o9eI1","privKey":"iI9/XQVTzijJbvUmvByoa0Yq8h1SYHCHPV0IXndKskE="},"lastRemoteEphemeralKey":"BWdAuoa0HI+uzT8mHaw25gktxOzqEuJ5fPg2Fx7vzURQ","previousCounter":0,"rootKey":"9VrqGTy+yMqOZdPuj8MLjRNRDPzl9s/5gCjyoLJAIMU="},"indexInfo":{"baseKey":"BfOUq8HsETiRNdeWkOJ7Zcyhnjtn0p1zINU53qQiNgg0","baseKeyType":1,"closed":-1,"used":1755720109913,"created":1755720109913,"remoteIdentityKey":"BeMhyEAbSXjFMLLnjZ4VVZ0a6ZdeVJMpZhoFiqBo1Lxh"},"_chains":{"BfhYAMqItFNnF7DPQ0VpKRSYJKy9XdkDDLaG+T6o9eI1":{"chainKey":{"counter":12,"key":"kfQ6/qdA8Q+sFiNxFiE67DOBmgpJhRgF/NGiPDBik5Q="},"chainType":1,"messageKeys":{}}},"pendingPreKey":{"signedKeyId":1,"baseKey":"BfOUq8HsETiRNdeWkOJ7Zcyhnjtn0p1zINU53qQiNgg0","preKeyId":74}}},"version":"v1"}