{"_sessions":{"Bb6FlNmoW2Qxp8lzLjna2R/oirCWrYw5xjkw2FhmvOUC":{"registrationId":1291119750,"currentRatchet":{"ephemeralKeyPair":{"pubKey":"BerhMuh4LWEAg33Mf8apUBDVjRATex9oFeLQXOb4DOFo","privKey":"UBUl8h7b8Z9wUg/e84IhtYq3H7fowl/XyDmHXCiS7Gc="},"lastRemoteEphemeralKey":"BYYdB3wGbSoUSsa04HW1ZLhVpxJRzDTsbDpek9koC/AY","previousCounter":0,"rootKey":"qosdtGZojH+TWiOjezYXdtJmgQuewW0h/DohME2/bxA="},"indexInfo":{"baseKey":"Bb6FlNmoW2Qxp8lzLjna2R/oirCWrYw5xjkw2FhmvOUC","baseKeyType":2,"closed":-1,"used":1755720123303,"created":1755720102284,"remoteIdentityKey":"BQLo82Hc18SkiApaTXr7CxBmYsZ2cHNoJllmTL1h/3Fk"},"_chains":{"BXuwXJkcUlpnEoAgVfIh8CO+TEu1Pj69U+rGe9gSTrVO":{"chainKey":{"counter":1},"chainType":2,"messageKeys":{}},"BYYdB3wGbSoUSsa04HW1ZLhVpxJRzDTsbDpek9koC/AY":{"chainKey":{"counter":0,"key":"2glDhUvRpzEM6Pqhk85XKrxy8GPb6JzAMJPsJQfEqNA="},"chainType":2,"messageKeys":{}},"BerhMuh4LWEAg33Mf8apUBDVjRATex9oFeLQXOb4DOFo":{"chainKey":{"counter":11,"key":"Jjn7dkjr7TEUF+KYTqv4Ny0F32rLu3yehOpngChkM8I="},"chainType":1,"messageKeys":{}}}}},"version":"v1"}