{"_sessions":{"BQDJ2bUAMxlKhadS2aO7gRepSlgBGf18v4SZt4KMUPcX":{"registrationId":1786312338,"currentRatchet":{"ephemeralKeyPair":{"pubKey":"BdwANsccCfZKV3UBHvvNo1vfdVq1w24B3hJRCCp9hQIS","privKey":"wMexKEWsj5Z/8hY4CsSSodDgNr1sfSPeEaaxWotut2A="},"lastRemoteEphemeralKey":"Bb3RzWSj/Pw8eoQvIIxhoHlFQpDqXaK8slfR94Aqr+FT","previousCounter":1,"rootKey":"xGducVvOLEwZR/tM9H5SRr+JJyScAr3huoyTHVpB62w="},"indexInfo":{"baseKey":"BQDJ2bUAMxlKhadS2aO7gRepSlgBGf18v4SZt4KMUPcX","baseKeyType":2,"closed":-1,"used":1756723385275,"created":1755328118444,"remoteIdentityKey":"BcvlXHVkYbHnXxbQfyluhh41HHETl25LG9K10DpmHBYP"},"_chains":{"BY62pvbRXHswoNg+jFk0c+vYd9UByFzJxKbZNhQ59yt/":{"chainKey":{"counter":0},"chainType":2,"messageKeys":{}},"BQtB3PeAkJHpTR+IiPROPGBDp7hMNjBlC/6Vl9GDUvld":{"chainKey":{"counter":0},"chainType":2,"messageKeys":{}},"BcYbH8FDafjoco/dPm3vzBaUgecvDjV/fnB+VpAhb2Mj":{"chainKey":{"counter":0},"chainType":2,"messageKeys":{}},"Ba3j1+dHS14K9N6cOB5w2GnU4IBE0rRmZjteu/H5rlgt":{"chainKey":{"counter":0},"chainType":2,"messageKeys":{}},"BXCuebgrWB9cUa02KlvS0VXt9WiZd3/drDTjx2xEdmAP":{"chainKey":{"counter":0},"chainType":2,"messageKeys":{}},"Bb3RzWSj/Pw8eoQvIIxhoHlFQpDqXaK8slfR94Aqr+FT":{"chainKey":{"counter":16,"key":"aHQ4S//lKayjLQqvwPnd6RNLg1oC4HBP1IsvVE8q9Pc="},"chainType":2,"messageKeys":{}},"BdwANsccCfZKV3UBHvvNo1vfdVq1w24B3hJRCCp9hQIS":{"chainKey":{"counter":-1,"key":"mpeAQ58OLeHrDD0OUApuKeiT5/JqP/1LSapDS0prVW4="},"chainType":1,"messageKeys":{}}}}},"version":"v1"}