{"_sessions":{"BSM/ZNIkYwn9ktENlQmBUL/R1AohCZ6XiFQ7ImONL759":{"registrationId":460985362,"currentRatchet":{"ephemeralKeyPair":{"pubKey":"BQLc/+OzBWb7b4rHMoExdiBeJhaDl3kJzJaQTDmRw7A0","privKey":"YK+kZ+uBsSYFhJDF4gNXWEQ/rn9ba7QclE4kmbxh3FA="},"lastRemoteEphemeralKey":"BeWuccU6jSwoPbCZr1EBzbe5mPPGfjOy9tjsULIhXiAy","previousCounter":0,"rootKey":"us08P2x7IhZUtDu99GdKTB+JsbXyt55ykg5Qk9H4Tn4="},"indexInfo":{"baseKey":"BSM/ZNIkYwn9ktENlQmBUL/R1AohCZ6XiFQ7ImONL759","baseKeyType":1,"closed":-1,"used":1755073314201,"created":1755073314201,"remoteIdentityKey":"BQafKdDHGXRmQsEydjQXKVyRI0WRpAUEgWfFqWRm/2ds"},"_chains":{"BQLc/+OzBWb7b4rHMoExdiBeJhaDl3kJzJaQTDmRw7A0":{"chainKey":{"counter":18,"key":"rzWr7DG/iUIrUrxhla6qnsKgH/ZAIrnYkf62La4tACg="},"chainType":1,"messageKeys":{}}},"pendingPreKey":{"signedKeyId":71,"baseKey":"BSM/ZNIkYwn9ktENlQmBUL/R1AohCZ6XiFQ7ImONL759","preKeyId":4088}}},"version":"v1"}