{"_sessions":{"Bb6wwb0hG59jQqGDhh5APl33d1bXZgrlIqh1/EUknsgN":{"registrationId":1860036603,"currentRatchet":{"ephemeralKeyPair":{"pubKey":"Bbb73Rr9Grffa3tV1wMsQqQZ/lxsJUbSzlfnzL2fL+Qc","privKey":"MJi8n9aB84HpD37e1p67a0XN6RUFp2lO9Mrja5BGsU0="},"lastRemoteEphemeralKey":"BWoAsiXrDTMv4ogYDqKzlWpMIuhbPpW6CYG+NlycluxO","previousCounter":0,"rootKey":"9pdYX3bXNvV+Cz/VCeJkXIZpOR4ej0LS7+VliEOP8Ks="},"indexInfo":{"baseKey":"Bb6wwb0hG59jQqGDhh5APl33d1bXZgrlIqh1/EUknsgN","baseKeyType":1,"closed":-1,"used":1755720110060,"created":1755720110060,"remoteIdentityKey":"Be7Y3Gs816lyUGjQlXbOQHCOBfdkxGmQNEimV3EwXopL"},"_chains":{"Bbb73Rr9Grffa3tV1wMsQqQZ/lxsJUbSzlfnzL2fL+Qc":{"chainKey":{"counter":12,"key":"EaFVC/CatZgD0f3liYH8b/dL6jJtYddmQBNJ/7N/BwM="},"chainType":1,"messageKeys":{}}},"pendingPreKey":{"signedKeyId":7,"baseKey":"Bb6wwb0hG59jQqGDhh5APl33d1bXZgrlIqh1/EUknsgN","preKeyId":15901554}}},"version":"v1"}