{"_sessions":{"Bahn2NyRXqlcFaq2aUAbgDPBm4a0lCG+FrDFJp6uuF9+":{"registrationId":1376140814,"currentRatchet":{"ephemeralKeyPair":{"pubKey":"BXLNqEKSiLt1WZHLWBBvtWcy6bB4ADiLnrLlCD94nZAq","privKey":"QDUJehbuNpjdT5UaK9jcOrMjBvEXrvGRs+Ml4FugGVc="},"lastRemoteEphemeralKey":"BXNe/7gPunJP9GAorDIoH3df0IUhEs53zIIHGfeaNwpu","previousCounter":0,"rootKey":"2RM40U2WZu6dGVTTH8t3ScBO6FK3xnr1VRIugTb0QPI="},"indexInfo":{"baseKey":"Bahn2NyRXqlcFaq2aUAbgDPBm4a0lCG+FrDFJp6uuF9+","baseKeyType":2,"closed":-1,"used":1756723383983,"created":1755721006620,"remoteIdentityKey":"BU47m1ha9uyTVg+jphDp9W06SqFqp9YL2YQqdyIWoCsn"},"_chains":{"BbzD+Lo4tvGQCkNWZGSR/DMBA03aHwl3mCsqmWAexbUB":{"chainKey":{"counter":0},"chainType":2,"messageKeys":{}},"BbTUaVVV0KA0wjJOEFHIOqWgZ5g77n1nffk+CqRotnVq":{"chainKey":{"counter":0},"chainType":2,"messageKeys":{}},"BVSYGY748dbGDSlKOQgNfLRrBc31erA2eDVwByc8WrhG":{"chainKey":{"counter":0},"chainType":2,"messageKeys":{}},"BYBrDBYzUwivkwLxjwPdgEIdbDcCuHNXz1ljPM2hLEof":{"chainKey":{"counter":0},"chainType":2,"messageKeys":{}},"BTK+krW/GWQNKCcRtddLi569pV3yamOYnG8SN2tYva0v":{"chainKey":{"counter":0},"chainType":2,"messageKeys":{}},"BXNe/7gPunJP9GAorDIoH3df0IUhEs53zIIHGfeaNwpu":{"chainKey":{"counter":33,"key":"N1t0bMaB+emt2L+/zQJ3381jd04XjzhnbWDQniZYCgw="},"chainType":2,"messageKeys":{"4":"oNSMpP2SpFbr339+KhDvbT9svI9tBC99aZSv7R8Qte8=","12":"s+WW3FjozedHWES0DyoN1IyqnnzE2OpC05qZW6VMO/4=","16":"tEhsCRf7eEZ9hoGh1YA+o4gpHGXvi30Ik2F7+sMXjNw=","20":"2nuXlWpZ96yig8yICwGnjbptmz+KkWl+2GkYPHwGtlI=","28":"yvmDMo2Hnad6CDOhS4jI3LNsgVFg+v96xHRiZHvpYXU="}},"BXLNqEKSiLt1WZHLWBBvtWcy6bB4ADiLnrLlCD94nZAq":{"chainKey":{"counter":-1,"key":"k2nEkmK/x5MvDGqtDulNk0kSq7pwrIQqtDa8J4QuUBI="},"chainType":1,"messageKeys":{}}}}},"version":"v1"}