{"_sessions":{"BaVmGnCwETwQ1ncLjRVs8pGteo8pSrK/6eRxlU33nwd6":{"registrationId":7450,"currentRatchet":{"ephemeralKeyPair":{"pubKey":"BX4OTL9PRtU2DOV7R5BN9a7hSFHnanx/2ihxaCLIufhn","privKey":"OFJmA70hDMThbXOHHHMxWHsHpNdC3CqNnA7H84F0uWw="},"lastRemoteEphemeralKey":"BfgEzbefIM4opck/vVdAtbqFPS5lCzeDTXX28UNCFvdA","previousCounter":0,"rootKey":"OfHXTI3Jw+3UdU2leQdSX6fuq6kUc9/yewPA4cWgfNI="},"indexInfo":{"baseKey":"BaVmGnCwETwQ1ncLjRVs8pGteo8pSrK/6eRxlU33nwd6","baseKeyType":1,"closed":-1,"used":1755720109905,"created":1755720109905,"remoteIdentityKey":"BQ6iSvbtcXotOexyCJKiSfJX7KFHC4Mn63Ch7UyzxSYD"},"_chains":{"BX4OTL9PRtU2DOV7R5BN9a7hSFHnanx/2ihxaCLIufhn":{"chainKey":{"counter":12,"key":"1GZygbofnAx4FbYuRhuY5wQC405GJVRb1mUj/KUxe1M="},"chainType":1,"messageKeys":{}}},"pendingPreKey":{"signedKeyId":1,"baseKey":"BaVmGnCwETwQ1ncLjRVs8pGteo8pSrK/6eRxlU33nwd6"}}},"version":"v1"}