{"_sessions":{"BV/XbyJlLRasxAhYues4w34X3OzbzhjOl/njoczFQ/9q":{"registrationId":1475858901,"currentRatchet":{"ephemeralKeyPair":{"pubKey":"BZu0iHo9L0SyUq0QgHDClW5AroxeWWNwxDjM/0fE2Bov","privKey":"qPrA1NVFZqSqaT6PfuKZ30uLCK22JpTuc28LnGdXnXk="},"lastRemoteEphemeralKey":"BavmUR7ey1TYWAkSlCVbwHwLRgbKtRtBuLh2P5jKAftf","previousCounter":35,"rootKey":"pgMD0oWjEmAiupfcwK7LUzVQszJipuEVERo1Er0jR+4="},"indexInfo":{"baseKey":"BV/XbyJlLRasxAhYues4w34X3OzbzhjOl/njoczFQ/9q","baseKeyType":2,"closed":1755280712205,"used":1755280675547,"created":1755043475077,"remoteIdentityKey":"BU9ew/twZEsKmVaUh3/A341OAyd705zT7l8IRf5R43ou"},"_chains":{"BfLTVsBq1P6i7785cCCTPjCNYMv98IuYs0fKG5zVzUMp":{"chainKey":{"counter":6},"chainType":2,"messageKeys":{}},"BavxV1sFoXVauLvSKna8NYDCugJwUxi3fzN+Kfuqrrdq":{"chainKey":{"counter":7},"chainType":2,"messageKeys":{}},"BZUKNei17VtaOiPTRecJXkwS/hithORNjnDDy3pLEcEU":{"chainKey":{"counter":2},"chainType":2,"messageKeys":{}},"BeJ51t/ABo0dfpgus8yORpG9ozhPJYCvMyfTo6NYZqAk":{"chainKey":{"counter":0},"chainType":2,"messageKeys":{}},"BWvAFhENc1poY7s42hezRPW8WV6puKJEfCd4ZQLUI+Yh":{"chainKey":{"counter":0},"chainType":2,"messageKeys":{}},"BavmUR7ey1TYWAkSlCVbwHwLRgbKtRtBuLh2P5jKAftf":{"chainKey":{"counter":1,"key":"hKf9UH2nKTRe3+wpu2gl4MI4ENVBtMVilsipUyemIEk="},"chainType":2,"messageKeys":{}},"BZu0iHo9L0SyUq0QgHDClW5AroxeWWNwxDjM/0fE2Bov":{"chainKey":{"counter":4,"key":"b18saBdAe9cwPTt+y72YcfyoZSXFSADNG5GQAjKXx6Q="},"chainType":1,"messageKeys":{}}}},"BQ3pLFL/tNnLCmthDUzcIKISmH7pSFMiDdT95NxRZjpP":{"registrationId":1475858901,"currentRatchet":{"ephemeralKeyPair":{"pubKey":"BeylqzoM5ccT/MujBLwEMRd0/t6ItC6g5dAQs3q68G9M","privKey":"IPTLxb0u4ozh7jGvy37GsCuT9Ox6SpVAqLVWV4/KoFk="},"lastRemoteEphemeralKey":"BSefTHXCt4U9bRH1NhgactmlwsUbMP0HvTkLxYU1iFkB","previousCounter":0,"rootKey":"EAxs2WfGMd3l5qUOqTYZCyE/ZdjFMbHOM48hhi0E7jM="},"indexInfo":{"baseKey":"BQ3pLFL/tNnLCmthDUzcIKISmH7pSFMiDdT95NxRZjpP","baseKeyType":1,"closed":1755280731724,"used":1755280712203,"created":1755280712203,"remoteIdentityKey":"BU9ew/twZEsKmVaUh3/A341OAyd705zT7l8IRf5R43ou"},"_chains":{"BeylqzoM5ccT/MujBLwEMRd0/t6ItC6g5dAQs3q68G9M":{"chainKey":{"counter":-1,"key":"w2DTI19MXWVkbFUEGWgEAMRQwCPybpe2qNTAQ8xRlQI="},"chainType":1,"messageKeys":{}}},"pendingPreKey":{"signedKeyId":0,"baseKey":"BQ3pLFL/tNnLCmthDUzcIKISmH7pSFMiDdT95NxRZjpP","preKeyId":2189896}},"BWOoWD+WBa3+mkojlva7RRljPNUFryyViCI1hzrI7EsM":{"registrationId":1475858901,"currentRatchet":{"ephemeralKeyPair":{"pubKey":"BVfTVc2SJoG8pGF2fmCswxtvcnnHPIlJE3UMpyww3Ixx","privKey":"aBv0FruVSsm1Kme85XgIjlJ9G4eyvj7kwAZfo3JF3ko="},"lastRemoteEphemeralKey":"BSefTHXCt4U9bRH1NhgactmlwsUbMP0HvTkLxYU1iFkB","previousCounter":0,"rootKey":"v9vcBOszU/8DOI+Lo2TfR8QNljAUf5E5+yLjqMGPwL4="},"indexInfo":{"baseKey":"BWOoWD+WBa3+mkojlva7RRljPNUFryyViCI1hzrI7EsM","baseKeyType":1,"closed":1755280736079,"used":1755280731723,"created":1755280731723,"remoteIdentityKey":"BU9ew/twZEsKmVaUh3/A341OAyd705zT7l8IRf5R43ou"},"_chains":{"BVfTVc2SJoG8pGF2fmCswxtvcnnHPIlJE3UMpyww3Ixx":{"chainKey":{"counter":-1,"key":"99HzUWwnOvzeXaL6+dtZlJTawhEusA2NvnHwARjqvN0="},"chainType":1,"messageKeys":{}}},"pendingPreKey":{"signedKeyId":0,"baseKey":"BWOoWD+WBa3+mkojlva7RRljPNUFryyViCI1hzrI7EsM","preKeyId":2190548}},"BXoqnF3OK7/6OUMsEYZsqmQiqjObepHWc36BzuPau7JE":{"registrationId":1475858901,"currentRatchet":{"ephemeralKeyPair":{"pubKey":"BRt4FD2PST0S8YIjq5XKaXt4oqWBsSkbQpBeznzAua9g","privKey":"+Nyt1l9CXR4L3JMfUvJvoWbMOVpx5hZFnXqQm04SFGs="},"lastRemoteEphemeralKey":"BSefTHXCt4U9bRH1NhgactmlwsUbMP0HvTkLxYU1iFkB","previousCounter":0,"rootKey":"ACb4JwOh+A2YLSUxH/lWf0B+8lIuLcF2DeNK3FtvS6I="},"indexInfo":{"baseKey":"BXoqnF3OK7/6OUMsEYZsqmQiqjObepHWc36BzuPau7JE","baseKeyType":1,"closed":1755280747820,"used":1755280736076,"created":1755280736076,"remoteIdentityKey":"BU9ew/twZEsKmVaUh3/A341OAyd705zT7l8IRf5R43ou"},"_chains":{"BRt4FD2PST0S8YIjq5XKaXt4oqWBsSkbQpBeznzAua9g":{"chainKey":{"counter":0,"key":"bMT8/2bc/JtnQgNgf1+jfU7tlhy37fjrnsfHgEtSwEM="},"chainType":1,"messageKeys":{}}},"pendingPreKey":{"signedKeyId":0,"baseKey":"BXoqnF3OK7/6OUMsEYZsqmQiqjObepHWc36BzuPau7JE","preKeyId":2189890}},"BXXF/hEEcVW/3cNoMxpT9CmUOE8uHwWvrU/reQ5RhQ1L":{"registrationId":1475858901,"currentRatchet":{"ephemeralKeyPair":{"pubKey":"BW+Bzn9Bqxko36Iy8Lh9kSkZBSDhTfXhD5T3wHz2rhsH","privKey":"oJgbXMdNaRAWemopkpGH7V9J2FvYhByDgeQSXW6eOl8="},"lastRemoteEphemeralKey":"BSefTHXCt4U9bRH1NhgactmlwsUbMP0HvTkLxYU1iFkB","previousCounter":0,"rootKey":"F0G0wKhcwys6XjEZw6XSzuZwL4aRDa4Eb74TVE6wQlc="},"indexInfo":{"baseKey":"BXXF/hEEcVW/3cNoMxpT9CmUOE8uHwWvrU/reQ5RhQ1L","baseKeyType":1,"closed":1755280922894,"used":1755280747819,"created":1755280747819,"remoteIdentityKey":"BU9ew/twZEsKmVaUh3/A341OAyd705zT7l8IRf5R43ou"},"_chains":{"BW+Bzn9Bqxko36Iy8Lh9kSkZBSDhTfXhD5T3wHz2rhsH":{"chainKey":{"counter":-1,"key":"KAwgy4FFKYXI1NOFPV8dFHQdGtJ5dpg0g9kWG4TLRfI="},"chainType":1,"messageKeys":{}}},"pendingPreKey":{"signedKeyId":0,"baseKey":"BXXF/hEEcVW/3cNoMxpT9CmUOE8uHwWvrU/reQ5RhQ1L","preKeyId":2190485}},"BWU3QPL65cPi9Ek7fBbOkMNWdSCiPTO8ZkDPTJFOTKdO":{"registrationId":1475858901,"currentRatchet":{"ephemeralKeyPair":{"pubKey":"BTiuMxyn+5qd/XePUfqiAmK1m+abvoR1bFhVaF5R7BZ8","privKey":"OMIpftSiFtSY3O8dWAKI5l3fob7mMNqBqhyTm6EOqnI="},"lastRemoteEphemeralKey":"BSefTHXCt4U9bRH1NhgactmlwsUbMP0HvTkLxYU1iFkB","previousCounter":0,"rootKey":"jqZ4EquDSDT2TyqO3tdCx5MqJrUoscQNZGPqPq+KSMY="},"indexInfo":{"baseKey":"BWU3QPL65cPi9Ek7fBbOkMNWdSCiPTO8ZkDPTJFOTKdO","baseKeyType":1,"closed":1755280934180,"used":1755280922893,"created":1755280922893,"remoteIdentityKey":"BU9ew/twZEsKmVaUh3/A341OAyd705zT7l8IRf5R43ou"},"_chains":{"BTiuMxyn+5qd/XePUfqiAmK1m+abvoR1bFhVaF5R7BZ8":{"chainKey":{"counter":-1,"key":"zqW+9uzWauulMIL/rxqzykRfaezTSm65NQoQpPahcKg="},"chainType":1,"messageKeys":{}}},"pendingPreKey":{"signedKeyId":0,"baseKey":"BWU3QPL65cPi9Ek7fBbOkMNWdSCiPTO8ZkDPTJFOTKdO","preKeyId":2189848}},"BevGJ/55RuT7ejyzRxmoDgUqNhkVqS0GLD61vDFWK15g":{"registrationId":1475858901,"currentRatchet":{"ephemeralKeyPair":{"pubKey":"Beb0UzHJRZZ8Z6yl0ofNY1T6H9Sh4hVCBJ3myCZ2AOw6","privKey":"4OBtn/Q/y0OBQ9l5lwgDe9PHPCPeExO5wSw+YycaAXM="},"lastRemoteEphemeralKey":"BSefTHXCt4U9bRH1NhgactmlwsUbMP0HvTkLxYU1iFkB","previousCounter":0,"rootKey":"7uI9dTR+S556dWJfSJtGLbvBYya0RmdtGGfnEcsS4Y8="},"indexInfo":{"baseKey":"BevGJ/55RuT7ejyzRxmoDgUqNhkVqS0GLD61vDFWK15g","baseKeyType":1,"closed":1755280942255,"used":1755280934179,"created":1755280934179,"remoteIdentityKey":"BU9ew/twZEsKmVaUh3/A341OAyd705zT7l8IRf5R43ou"},"_chains":{"Beb0UzHJRZZ8Z6yl0ofNY1T6H9Sh4hVCBJ3myCZ2AOw6":{"chainKey":{"counter":-1,"key":"X8eENzzbI0ERSCmpzkQGKratbf3gjXjANBYAYxbIphQ="},"chainType":1,"messageKeys":{}}},"pendingPreKey":{"signedKeyId":0,"baseKey":"BevGJ/55RuT7ejyzRxmoDgUqNhkVqS0GLD61vDFWK15g","preKeyId":2190518}},"BY0mj7YPLrw8tTcEcndu3gZhbCEyd93SvzcURmYGyANh":{"registrationId":1475858901,"currentRatchet":{"ephemeralKeyPair":{"pubKey":"BdjtVpYZnS+O6MJdIr1RI8l2A3Q1sDJA90MHH9hXdHw3","privKey":"cHTpXWPHGZpCGN0ZxNAUc88DBLJ1AJCg0C+FoD6O2Vg="},"lastRemoteEphemeralKey":"BSefTHXCt4U9bRH1NhgactmlwsUbMP0HvTkLxYU1iFkB","previousCounter":0,"rootKey":"fb31DAiRIbEmY0XlLxWTFUnG/JHI21ZpfsotRjRquQk="},"indexInfo":{"baseKey":"BY0mj7YPLrw8tTcEcndu3gZhbCEyd93SvzcURmYGyANh","baseKeyType":1,"closed":1755280950592,"used":1755280942254,"created":1755280942254,"remoteIdentityKey":"BU9ew/twZEsKmVaUh3/A341OAyd705zT7l8IRf5R43ou"},"_chains":{"BdjtVpYZnS+O6MJdIr1RI8l2A3Q1sDJA90MHH9hXdHw3":{"chainKey":{"counter":0,"key":"62dweLlA4JcsZkJjKtsoKhDppm0AnUtCcJElgqenRMg="},"chainType":1,"messageKeys":{}}},"pendingPreKey":{"signedKeyId":0,"baseKey":"BY0mj7YPLrw8tTcEcndu3gZhbCEyd93SvzcURmYGyANh","preKeyId":2190496}},"BeiqPY1ViXwqqUO2ToNzzHJJKORitjXZGbS1Q896pYRj":{"registrationId":1475858901,"currentRatchet":{"ephemeralKeyPair":{"pubKey":"BQkR9YEhxXLJ5zBFbGJ8EZXbNssAcOoh/AC/jshv3ZdJ","privKey":"iDbvcm56i7AKZlSo3m9eHIW57+IprmFbiVpPnM/y/GE="},"lastRemoteEphemeralKey":"BeESlJlSb8CGGZ5zVPxJP7Ljps8+xGdvbAVRrLJKJ5Rj","previousCounter":0,"rootKey":"oxI+J2Rv+z4zpEiGrBtWfvYR9SLjLYbeGBdP/mTtWXU="},"indexInfo":{"baseKey":"BeiqPY1ViXwqqUO2ToNzzHJJKORitjXZGbS1Q896pYRj","baseKeyType":1,"closed":1755541693531,"used":1755540585324,"created":1755280950591,"remoteIdentityKey":"BU9ew/twZEsKmVaUh3/A341OAyd705zT7l8IRf5R43ou"},"_chains":{"BZbuIEYS1FiOW5McvHLLQfkPRj/wlxidxWnrRhZqe+xc":{"chainKey":{"counter":5},"chainType":2,"messageKeys":{}},"BT4qP5Nq/OAf60aiocY5019jIfnAeIMPgFhWAW/dWkEt":{"chainKey":{"counter":0},"chainType":2,"messageKeys":{}},"BQzEO2Oeyr6RiXbKttM8liCzRQEbriBFVHhB3lVh23dZ":{"chainKey":{"counter":9},"chainType":2,"messageKeys":{}},"BU6QvI1XFNpbDdlU1zy/lcmg6W5vYNLxCe9ndTuL1MFh":{"chainKey":{"counter":5},"chainType":2,"messageKeys":{}},"BWfdn7TLmDdS96YJxC97UthMmXse4WAA4rD4YR9caeQk":{"chainKey":{"counter":0},"chainType":2,"messageKeys":{}},"Bcv8Dzk0DfGB5uepHmaSt3sihUFfUzGvKSXAjFy7hZx3":{"chainKey":{"counter":0},"chainType":2,"messageKeys":{}},"BeESlJlSb8CGGZ5zVPxJP7Ljps8+xGdvbAVRrLJKJ5Rj":{"chainKey":{"counter":30,"key":"wr7HejopV9OCrsRq7H+Dsmrd4Xe4DRqtz3yxNK4ZgnI="},"chainType":2,"messageKeys":{}},"BQkR9YEhxXLJ5zBFbGJ8EZXbNssAcOoh/AC/jshv3ZdJ":{"chainKey":{"counter":10,"key":"5DX7lx7Zm6z7ITeKNQhOh6UamufdYTumThDOvdkH6mM="},"chainType":1,"messageKeys":{}}}},"BVfw/b6xde1g4rpVrDYMJCp00attp84WY7OBZoygNKQm":{"registrationId":1475858901,"currentRatchet":{"ephemeralKeyPair":{"pubKey":"BTs1I2gH0CROfMdIgb+RY0/G44hDujCoCrJ5jPD2vfR5","privKey":"mEsvQsQf2vECM1vHH4gkSe1Zx2FnNC2fN2nObvlKWFU="},"lastRemoteEphemeralKey":"BY7wB/fHFjqhF0zU30eZmaoHLDBwRN7iq70GEXB1t21f","previousCounter":1,"rootKey":"Z795296YNCzTDlHL7D8Yc0obJXynECEJyBrmyQ6uovc="},"indexInfo":{"baseKey":"BVfw/b6xde1g4rpVrDYMJCp00attp84WY7OBZoygNKQm","baseKeyType":1,"closed":1755720110713,"used":1755720109045,"created":1755541693528,"remoteIdentityKey":"BU9ew/twZEsKmVaUh3/A341OAyd705zT7l8IRf5R43ou"},"_chains":{"Be3NdPRct88je7+ld2eIcFRWHYle2FAOiZuplI/gPchx":{"chainKey":{"counter":13},"chainType":2,"messageKeys":{}},"BY7wB/fHFjqhF0zU30eZmaoHLDBwRN7iq70GEXB1t21f":{"chainKey":{"counter":0,"key":"85PNzzg/JWD9+mDixAh12OOVc3BiNf/PnlPojxNPeKI="},"chainType":2,"messageKeys":{}},"BTs1I2gH0CROfMdIgb+RY0/G44hDujCoCrJ5jPD2vfR5":{"chainKey":{"counter":0,"key":"+QCO6tMnIFHBxRwawIic8xroQZ3o0peInCIU2g5bNJc="},"chainType":1,"messageKeys":{}}}},"BU0K/Bs95FMKfTAKIIOBCE2w1dPL49jE/vsOr1hZresK":{"registrationId":1475858901,"currentRatchet":{"ephemeralKeyPair":{"pubKey":"BZ0LqUGenZ/omUaXGVsBrKIlnyvb6y+9UxOoSi13rZZa","privKey":"2JUxyuylmqnG5Rxfkc1oSyGbm2OiDtep+ScEqgwVylk="},"lastRemoteEphemeralKey":"BXSB7KqTDOa6pOuhUaqNbkstuc+QHUKaOhr4Gjxjlxks","previousCounter":0,"rootKey":"LH8K9QzElQPQZi7cD2UieWCkZZLwahqw8ZxB6bCNyqw="},"indexInfo":{"baseKey":"BU0K/Bs95FMKfTAKIIOBCE2w1dPL49jE/vsOr1hZresK","baseKeyType":1,"closed":1755720124077,"used":1755720123214,"created":1755720110695,"remoteIdentityKey":"BU9ew/twZEsKmVaUh3/A341OAyd705zT7l8IRf5R43ou"},"_chains":{"BWW8mxomfC1y182Uw+VsnO08tJJ7kxd+F3w1Om8m8QYO":{"chainKey":{"counter":0},"chainType":2,"messageKeys":{}},"BTwpYq3GyfRzJyj9MyCAGHab/F3DbZMAy+FYLMPLyUA7":{"chainKey":{"counter":0},"chainType":2,"messageKeys":{}},"BXSB7KqTDOa6pOuhUaqNbkstuc+QHUKaOhr4Gjxjlxks":{"chainKey":{"counter":0,"key":"FOriGJiNioBoD1II0/ZE+LjvQaXs/ILko+K2Ax0H8Wc="},"chainType":2,"messageKeys":{}},"BZ0LqUGenZ/omUaXGVsBrKIlnyvb6y+9UxOoSi13rZZa":{"chainKey":{"counter":-1,"key":"LWI219nkgiF6BnjSCHn1GT8R2HBo1DoTHrpuyd8oI54="},"chainType":1,"messageKeys":{}}}},"BQuU3ep1HYgRrfJAfaRIYkmR4AmSo0tosr6qVJCqZd4M":{"registrationId":1475858901,"currentRatchet":{"ephemeralKeyPair":{"pubKey":"BbD60r4PWGhpoy/6KjS7+Kduc5E3p1ibAE7tcXtsPbg3","privKey":"CM/ZLgfBolX2PFigMA+W944PNn26L+3D7bXU4e4ex3U="},"lastRemoteEphemeralKey":"BSefTHXCt4U9bRH1NhgactmlwsUbMP0HvTkLxYU1iFkB","previousCounter":0,"rootKey":"GnT8FC7tM1UmRa8/FAGMQjwMQAjPGBlHPv0pKLM/910="},"indexInfo":{"baseKey":"BQuU3ep1HYgRrfJAfaRIYkmR4AmSo0tosr6qVJCqZd4M","baseKeyType":1,"closed":1755720124308,"used":1755720124075,"created":1755720124075,"remoteIdentityKey":"BU9ew/twZEsKmVaUh3/A341OAyd705zT7l8IRf5R43ou"},"_chains":{"BbD60r4PWGhpoy/6KjS7+Kduc5E3p1ibAE7tcXtsPbg3":{"chainKey":{"counter":-1,"key":"vwDI04ek2hAmkZzfxsz/1g5wl1AfkPBGR/f6CpUld14="},"chainType":1,"messageKeys":{}}},"pendingPreKey":{"signedKeyId":0,"baseKey":"BQuU3ep1HYgRrfJAfaRIYkmR4AmSo0tosr6qVJCqZd4M","preKeyId":2190551}},"BQvUxpZzBhD7LLGJ/wbEBXf8LqB4rr+U5eDxt9nhPrlD":{"registrationId":1475858901,"currentRatchet":{"ephemeralKeyPair":{"pubKey":"BRNFjBGmQQuPzBoDCmIjQNFv35EsXj7xsWL0xeotOk9I","privKey":"+MaVKEl92b+0PbVRb27g+LTuGctCBYOk9Rd4FAdfn2g="},"lastRemoteEphemeralKey":"BSefTHXCt4U9bRH1NhgactmlwsUbMP0HvTkLxYU1iFkB","previousCounter":0,"rootKey":"l7uxo+IJi3JJxSoSM9Ka0HZbtIKCh9YHuCkTilaCTg4="},"indexInfo":{"baseKey":"BQvUxpZzBhD7LLGJ/wbEBXf8LqB4rr+U5eDxt9nhPrlD","baseKeyType":1,"closed":1755720199531,"used":1755720124306,"created":1755720124306,"remoteIdentityKey":"BU9ew/twZEsKmVaUh3/A341OAyd705zT7l8IRf5R43ou"},"_chains":{"BRNFjBGmQQuPzBoDCmIjQNFv35EsXj7xsWL0xeotOk9I":{"chainKey":{"counter":2,"key":"EmUyihZA2P6o30e9iUbGyB+tfO7AVIg4aZN3Bp+SyFc="},"chainType":1,"messageKeys":{}}},"pendingPreKey":{"signedKeyId":0,"baseKey":"BQvUxpZzBhD7LLGJ/wbEBXf8LqB4rr+U5eDxt9nhPrlD","preKeyId":2189840}},"BXABc4Q4jxVuGdYFbeEw5FII22RssGrbjn8XPg1yOmVn":{"registrationId":1475858901,"currentRatchet":{"ephemeralKeyPair":{"pubKey":"BShOHlPpKEfwzky0xAj8CAvWGiqm3UqSxWdt54PICEV4","privKey":"YDnl5JfDjo8BhRG1OdbNMJZejv3wSAjuvKkC0afG/24="},"lastRemoteEphemeralKey":"BSefTHXCt4U9bRH1NhgactmlwsUbMP0HvTkLxYU1iFkB","previousCounter":0,"rootKey":"2DtV9WSHY1HuNO9vc66IjzV3DiQG5ihRx7+9UdohGtA="},"indexInfo":{"baseKey":"BXABc4Q4jxVuGdYFbeEw5FII22RssGrbjn8XPg1yOmVn","baseKeyType":1,"closed":1755720232511,"used":1755720199518,"created":1755720199518,"remoteIdentityKey":"BU9ew/twZEsKmVaUh3/A341OAyd705zT7l8IRf5R43ou"},"_chains":{"BShOHlPpKEfwzky0xAj8CAvWGiqm3UqSxWdt54PICEV4":{"chainKey":{"counter":2,"key":"5nBTnjv9vMTsrHvkpfAse9vMSwvcsRCORXI4H5K4ekA="},"chainType":1,"messageKeys":{}}},"pendingPreKey":{"signedKeyId":0,"baseKey":"BXABc4Q4jxVuGdYFbeEw5FII22RssGrbjn8XPg1yOmVn","preKeyId":2190570}},"BSWbfc35Vct2N8HUvEA4XKK4JMT9YreK2u1p/PUj3cJc":{"registrationId":1475858901,"currentRatchet":{"ephemeralKeyPair":{"pubKey":"BZbIhPLmFXiMk6oE5MoCaepqNQWp5/sokatWR/RY7Bx0","privKey":"GKBX55Dy0RKBIw1a0ib1yM4FtVNtjmrDxKsfkGC863Y="},"lastRemoteEphemeralKey":"BSefTHXCt4U9bRH1NhgactmlwsUbMP0HvTkLxYU1iFkB","previousCounter":0,"rootKey":"kflSQ+CPhSW3tAmfjZ6ySWdwUFSJZEE+dyzpY6X0fGU="},"indexInfo":{"baseKey":"BSWbfc35Vct2N8HUvEA4XKK4JMT9YreK2u1p/PUj3cJc","baseKeyType":1,"closed":1755720346314,"used":1755720232507,"created":1755720232507,"remoteIdentityKey":"BU9ew/twZEsKmVaUh3/A341OAyd705zT7l8IRf5R43ou"},"_chains":{"BZbIhPLmFXiMk6oE5MoCaepqNQWp5/sokatWR/RY7Bx0":{"chainKey":{"counter":-1,"key":"ytV0fZZGPOMNAdQRyqaq7ScYujFIKrgxtD+A3/m+YEE="},"chainType":1,"messageKeys":{}}},"pendingPreKey":{"signedKeyId":0,"baseKey":"BSWbfc35Vct2N8HUvEA4XKK4JMT9YreK2u1p/PUj3cJc","preKeyId":2189770}},"BYRqGZICv40MI0zkc8Lx/tVgkVYwxyALrt69CArlsQoQ":{"registrationId":1475858901,"currentRatchet":{"ephemeralKeyPair":{"pubKey":"BU4QExSxJFz/64qPdPgxCnn9eeHWLPkQCUYlpWa3aglz","privKey":"CAHRcPuYp+762CXJ2MIqz2Gi/Xii1/tbXS/AzCxdHHw="},"lastRemoteEphemeralKey":"BSefTHXCt4U9bRH1NhgactmlwsUbMP0HvTkLxYU1iFkB","previousCounter":0,"rootKey":"OXv3h83Wwc84GnoMX1NnD9raXRlkHyMF0imhk+JlRkM="},"indexInfo":{"baseKey":"BYRqGZICv40MI0zkc8Lx/tVgkVYwxyALrt69CArlsQoQ","baseKeyType":1,"closed":1755720346418,"used":1755720346311,"created":1755720346311,"remoteIdentityKey":"BU9ew/twZEsKmVaUh3/A341OAyd705zT7l8IRf5R43ou"},"_chains":{"BU4QExSxJFz/64qPdPgxCnn9eeHWLPkQCUYlpWa3aglz":{"chainKey":{"counter":-1,"key":"V6oIgZBakhG23jUfkFWUoDTIMaBWvADfO1sKfclZTv0="},"chainType":1,"messageKeys":{}}},"pendingPreKey":{"signedKeyId":0,"baseKey":"BYRqGZICv40MI0zkc8Lx/tVgkVYwxyALrt69CArlsQoQ","preKeyId":2190500}},"BY5DzLKXAe1ZUjqK4gw0r3f1liopiqoUBPeQOvLKDWls":{"registrationId":1475858901,"currentRatchet":{"ephemeralKeyPair":{"pubKey":"BWvglky8LoGGyyoxfaWdGnUZiKHffQVpagkbYJrUwdYE","privKey":"iKPIBZUcs1JyS+4R33EHEz5++MFFPamsmhNcmCllaU0="},"lastRemoteEphemeralKey":"BSefTHXCt4U9bRH1NhgactmlwsUbMP0HvTkLxYU1iFkB","previousCounter":0,"rootKey":"AbnWtki1On8ZsGT0HFdgr8NZi3tZuL+jkx2lKU8yftk="},"indexInfo":{"baseKey":"BY5DzLKXAe1ZUjqK4gw0r3f1liopiqoUBPeQOvLKDWls","baseKeyType":1,"closed":1755720346608,"used":1755720346416,"created":1755720346416,"remoteIdentityKey":"BU9ew/twZEsKmVaUh3/A341OAyd705zT7l8IRf5R43ou"},"_chains":{"BWvglky8LoGGyyoxfaWdGnUZiKHffQVpagkbYJrUwdYE":{"chainKey":{"counter":-1,"key":"yQu+tOvU8Dwjmbko9OmG/11L06tW0ZwInTKsbBuIWDs="},"chainType":1,"messageKeys":{}}},"pendingPreKey":{"signedKeyId":0,"baseKey":"BY5DzLKXAe1ZUjqK4gw0r3f1liopiqoUBPeQOvLKDWls","preKeyId":2190569}},"Bbu3qeA2rYENcrPl93mAd9wXdS5o/CNXBwH7sdFofQoQ":{"registrationId":1475858901,"currentRatchet":{"ephemeralKeyPair":{"pubKey":"BUm2JTz4LKblkrZ0sdYTTAYw7tVX76UbUFnwTM3w1+tr","privKey":"CLFG/rQcfc25kyayeGiosFQJX6QhTMYDY7Q/I3jB0Vo="},"lastRemoteEphemeralKey":"BSefTHXCt4U9bRH1NhgactmlwsUbMP0HvTkLxYU1iFkB","previousCounter":0,"rootKey":"A3cQs5pIHAHanGvnmLPUYrpkPtqz5HxvVvD6ui4axsQ="},"indexInfo":{"baseKey":"Bbu3qeA2rYENcrPl93mAd9wXdS5o/CNXBwH7sdFofQoQ","baseKeyType":1,"closed":1755720347132,"used":1755720346607,"created":1755720346607,"remoteIdentityKey":"BU9ew/twZEsKmVaUh3/A341OAyd705zT7l8IRf5R43ou"},"_chains":{"BUm2JTz4LKblkrZ0sdYTTAYw7tVX76UbUFnwTM3w1+tr":{"chainKey":{"counter":-1,"key":"Rk9D3iZtUQ6fP5MZOOi/lo13av4NyjTCL655n87lGIo="},"chainType":1,"messageKeys":{}}},"pendingPreKey":{"signedKeyId":0,"baseKey":"Bbu3qeA2rYENcrPl93mAd9wXdS5o/CNXBwH7sdFofQoQ","preKeyId":2189843}},"BTtceXTEJX66zn6xbXMbt2xEQxG4gccNLHYfgiFp7nMs":{"registrationId":1475858901,"currentRatchet":{"ephemeralKeyPair":{"pubKey":"BVsXe9Ejk6zkVBCKHjs1ZC3HQV0kAkh5QGFHVJ2Klbop","privKey":"qKfZ+dlXSaPJqZ1Hb7bxmP8Iy5CZip25BJzLgAjWfEQ="},"lastRemoteEphemeralKey":"BSefTHXCt4U9bRH1NhgactmlwsUbMP0HvTkLxYU1iFkB","previousCounter":0,"rootKey":"6Ey5uWJucwqrEuD0MzuFZBCItUyp7WOWSY1gA+9FriY="},"indexInfo":{"baseKey":"BTtceXTEJX66zn6xbXMbt2xEQxG4gccNLHYfgiFp7nMs","baseKeyType":1,"closed":1755720351687,"used":1755720347130,"created":1755720347130,"remoteIdentityKey":"BU9ew/twZEsKmVaUh3/A341OAyd705zT7l8IRf5R43ou"},"_chains":{"BVsXe9Ejk6zkVBCKHjs1ZC3HQV0kAkh5QGFHVJ2Klbop":{"chainKey":{"counter":-1,"key":"UkKBGHoLZ/GCp4sV6D9UQ+eLh1yI3EaoAl+muKWzlCM="},"chainType":1,"messageKeys":{}}},"pendingPreKey":{"signedKeyId":0,"baseKey":"BTtceXTEJX66zn6xbXMbt2xEQxG4gccNLHYfgiFp7nMs","preKeyId":2189799}},"BecPwq8L5nzZCzxoWlQt/08ratUPzngysGZnhkiO7foj":{"registrationId":1475858901,"currentRatchet":{"ephemeralKeyPair":{"pubKey":"BYSANMYZsSIvSHHdUbOcwUqc0GUDr19bgpDPYR9CJHBW","privKey":"QG0ObU9sWoB7C07NzkU/d3cbSeJdF9ax1XonJsNBvmY="},"lastRemoteEphemeralKey":"BSefTHXCt4U9bRH1NhgactmlwsUbMP0HvTkLxYU1iFkB","previousCounter":0,"rootKey":"pT53x9/iVS0M2jaZgngtwSE7XXFEctst7moqpdjsGGU="},"indexInfo":{"baseKey":"BecPwq8L5nzZCzxoWlQt/08ratUPzngysGZnhkiO7foj","baseKeyType":1,"closed":1755720372599,"used":1755720351685,"created":1755720351685,"remoteIdentityKey":"BU9ew/twZEsKmVaUh3/A341OAyd705zT7l8IRf5R43ou"},"_chains":{"BYSANMYZsSIvSHHdUbOcwUqc0GUDr19bgpDPYR9CJHBW":{"chainKey":{"counter":-1,"key":"s+DiXrSQ3ybVtjI1dWcD85Q7q/lS2S3xpHPsxK1M8ts="},"chainType":1,"messageKeys":{}}},"pendingPreKey":{"signedKeyId":0,"baseKey":"BecPwq8L5nzZCzxoWlQt/08ratUPzngysGZnhkiO7foj","preKeyId":2189907}},"BYthX/NMJPaAhiULDsqH7JfPJU8hBbalj/aZF0mx79RH":{"registrationId":1475858901,"currentRatchet":{"ephemeralKeyPair":{"pubKey":"BZT99gXMltUCSLIIjmBRuLbuTeFhj1XcB81XxepEV/1C","privKey":"oHZ8JLJMTA+E2H8CBdhCtscLaAhK+4mAXQmzMFbEkm0="},"lastRemoteEphemeralKey":"BSefTHXCt4U9bRH1NhgactmlwsUbMP0HvTkLxYU1iFkB","previousCounter":0,"rootKey":"bgLi39lE9d61MUiyXu+nuUoQc0ofB0tROkvhfbhBdiU="},"indexInfo":{"baseKey":"BYthX/NMJPaAhiULDsqH7JfPJU8hBbalj/aZF0mx79RH","baseKeyType":1,"closed":1755720373160,"used":1755720372597,"created":1755720372597,"remoteIdentityKey":"BU9ew/twZEsKmVaUh3/A341OAyd705zT7l8IRf5R43ou"},"_chains":{"BZT99gXMltUCSLIIjmBRuLbuTeFhj1XcB81XxepEV/1C":{"chainKey":{"counter":-1,"key":"h2WP3eaTK8ZPhmzE6hT8cdL43PyoHzxBmANu+E2N7X4="},"chainType":1,"messageKeys":{}}},"pendingPreKey":{"signedKeyId":0,"baseKey":"BYthX/NMJPaAhiULDsqH7JfPJU8hBbalj/aZF0mx79RH","preKeyId":2190512}},"BVcWwODvrg+bi+6BIvdWekMAF8EfrXEukFan2s/qcMV0":{"registrationId":1475858901,"currentRatchet":{"ephemeralKeyPair":{"pubKey":"BbVSLgaf9Kdjw8Er+r6QDQgrF2YbZSwT7pVv4NQ1ChcN","privKey":"KH6Fw22yXayaN05yBfnbAQB+A+KzDOlKNFTfPkEVako="},"lastRemoteEphemeralKey":"BSefTHXCt4U9bRH1NhgactmlwsUbMP0HvTkLxYU1iFkB","previousCounter":0,"rootKey":"w2eRbrtcs8nWj5ZW6l0cZfPGQJxRr2SAbMrC8TRbeDs="},"indexInfo":{"baseKey":"BVcWwODvrg+bi+6BIvdWekMAF8EfrXEukFan2s/qcMV0","baseKeyType":1,"closed":1755720373716,"used":1755720373159,"created":1755720373159,"remoteIdentityKey":"BU9ew/twZEsKmVaUh3/A341OAyd705zT7l8IRf5R43ou"},"_chains":{"BbVSLgaf9Kdjw8Er+r6QDQgrF2YbZSwT7pVv4NQ1ChcN":{"chainKey":{"counter":-1,"key":"eRE5HH+62rr++EU+eO58IXNuyPk0SuYlYrYJ/sQHozw="},"chainType":1,"messageKeys":{}}},"pendingPreKey":{"signedKeyId":0,"baseKey":"BVcWwODvrg+bi+6BIvdWekMAF8EfrXEukFan2s/qcMV0","preKeyId":2190474}},"BfVpeeazYDDZ4+9TZlet4BcMJF1lArFsiJmmkuEtSnw/":{"registrationId":1475858901,"currentRatchet":{"ephemeralKeyPair":{"pubKey":"BZ/V78yl2wANOLvnwvFWdI1A5hfQlc1y/jFIr8e8LE4Q","privKey":"MFC/fpkCcbtQ3c2SQZV2XeG5RZurR5wALz7I/4Z9bVY="},"lastRemoteEphemeralKey":"BSefTHXCt4U9bRH1NhgactmlwsUbMP0HvTkLxYU1iFkB","previousCounter":0,"rootKey":"rCQoqPqrKZrai8PCSgJdX20v5ZP2V/RwRb5HJGW/niw="},"indexInfo":{"baseKey":"BfVpeeazYDDZ4+9TZlet4BcMJF1lArFsiJmmkuEtSnw/","baseKeyType":1,"closed":1755720374038,"used":1755720373714,"created":1755720373714,"remoteIdentityKey":"BU9ew/twZEsKmVaUh3/A341OAyd705zT7l8IRf5R43ou"},"_chains":{"BZ/V78yl2wANOLvnwvFWdI1A5hfQlc1y/jFIr8e8LE4Q":{"chainKey":{"counter":-1,"key":"aQ/4CmVCIscGKuEOFCAbOI/mQ62d9QfS3OVkjm/fFuE="},"chainType":1,"messageKeys":{}}},"pendingPreKey":{"signedKeyId":0,"baseKey":"BfVpeeazYDDZ4+9TZlet4BcMJF1lArFsiJmmkuEtSnw/","preKeyId":2189903}},"Bcvlj1awTkzh36wn5RhVLdV2OLbPZjiOlkpX4TvlLHMu":{"registrationId":1475858901,"currentRatchet":{"ephemeralKeyPair":{"pubKey":"BcYHp86DhkqzoLdsb5+1nErwmEjBo0AWSJc5l1fLZxMR","privKey":"GIjr6+Xi19d6WmbrPhb86xKfr1Nq0o2+DYtTuJMVA0c="},"lastRemoteEphemeralKey":"BSefTHXCt4U9bRH1NhgactmlwsUbMP0HvTkLxYU1iFkB","previousCounter":0,"rootKey":"OSuRAdqPjvCbmhRZuc8IRFYNL7xJbVy5KvveYc872n4="},"indexInfo":{"baseKey":"Bcvlj1awTkzh36wn5RhVLdV2OLbPZjiOlkpX4TvlLHMu","baseKeyType":1,"closed":1755720466008,"used":1755720374036,"created":1755720374036,"remoteIdentityKey":"BU9ew/twZEsKmVaUh3/A341OAyd705zT7l8IRf5R43ou"},"_chains":{"BcYHp86DhkqzoLdsb5+1nErwmEjBo0AWSJc5l1fLZxMR":{"chainKey":{"counter":-1,"key":"EcT7gCNDfnTcT2vaEBF9fs7ed0Cmnk/2Vh6RliWJuVM="},"chainType":1,"messageKeys":{}}},"pendingPreKey":{"signedKeyId":0,"baseKey":"Bcvlj1awTkzh36wn5RhVLdV2OLbPZjiOlkpX4TvlLHMu","preKeyId":2190460}},"BSjk/zdma7wv9zFWG5xfD1T8ScAUMtSC1RvWQZ9VsbM7":{"registrationId":1475858901,"currentRatchet":{"ephemeralKeyPair":{"pubKey":"BebOZXfQuOGw/IQIT5uyZxpwzrVP4nu03jP9jvmRkFt4","privKey":"2F1qcB0xFgYRx3CuYWZQptwjBUL39HK4Q5lXe/VSgWk="},"lastRemoteEphemeralKey":"BSefTHXCt4U9bRH1NhgactmlwsUbMP0HvTkLxYU1iFkB","previousCounter":0,"rootKey":"jwxZ9+kNEF69VktXPNrx9SIErrf33Z1FqWzEHHJctPw="},"indexInfo":{"baseKey":"BSjk/zdma7wv9zFWG5xfD1T8ScAUMtSC1RvWQZ9VsbM7","baseKeyType":1,"closed":1755720476665,"used":1755720466005,"created":1755720466005,"remoteIdentityKey":"BU9ew/twZEsKmVaUh3/A341OAyd705zT7l8IRf5R43ou"},"_chains":{"BebOZXfQuOGw/IQIT5uyZxpwzrVP4nu03jP9jvmRkFt4":{"chainKey":{"counter":-1,"key":"fhRTzl5UxSa2fEe+DBRTau6vfVQj8GuuiIzo2XPuWiw="},"chainType":1,"messageKeys":{}}},"pendingPreKey":{"signedKeyId":0,"baseKey":"BSjk/zdma7wv9zFWG5xfD1T8ScAUMtSC1RvWQZ9VsbM7","preKeyId":2190555}},"Bc/IC8Wskz5GkO+YFPy7+XCGYopxEr8tTPWDlex2ZbJw":{"registrationId":1475858901,"currentRatchet":{"ephemeralKeyPair":{"pubKey":"BZtZuNrLcHxFcK/P6hfzpB2EDeYYq9Ppvm+tzvJSEBgB","privKey":"WDneqWsEB38TriMnHi7sMxKoRY6aKOwLFv3t09QHdF4="},"lastRemoteEphemeralKey":"BUWtSFDYEGtG+x1I63hsEmYCJ5+OAC8e8J9URjezmVxo","previousCounter":24,"rootKey":"NQbMgD1ZtKzrJxCDWCIoUb4ZMinj4h8E1NXIh5RLz2I="},"indexInfo":{"baseKey":"Bc/IC8Wskz5GkO+YFPy7+XCGYopxEr8tTPWDlex2ZbJw","baseKeyType":1,"closed":-1,"used":1758034307430,"created":1755720476663,"remoteIdentityKey":"BU9ew/twZEsKmVaUh3/A341OAyd705zT7l8IRf5R43ou"},"_chains":{"BYD6l8/06TvLCzPZXIdy3whHybY9TFTwmXvRBsPpD0EO":{"chainKey":{"counter":1},"chainType":2,"messageKeys":{}},"BfhkJ7y4TnLifAUQ/d5Oci8MY9CB+5N/5qu1Y/RtMrtw":{"chainKey":{"counter":4},"chainType":2,"messageKeys":{}},"BaYHhJYi8dbCUsTw6sIOSuSP+8CDiUYqKroDYGGutDM0":{"chainKey":{"counter":0},"chainType":2,"messageKeys":{}},"BYBVpbZGtrhFbsc6qyLVoxkXITKfL6se89jNmSt3nipA":{"chainKey":{"counter":74},"chainType":2,"messageKeys":{}},"BUoKghxzzVrKvZlYbT9SiDjEK8fZGqG6hNL/NdywedhS":{"chainKey":{"counter":0},"chainType":2,"messageKeys":{}},"BUWccD3H1NTDHi2WJ6f84k+Qvfv9zjuAqXbPskjzrjo1":{"chainKey":{"counter":0},"chainType":2,"messageKeys":{}},"BYfW21nZYOx208lYrKT+PdphPAbstGrU9BjxsBO2F6AJ":{"chainKey":{"counter":155},"chainType":2,"messageKeys":{"89":"TU8v008zOKrX0AqU57L3ofI4cdzljj7H9GpjyNhUZ7g="}},"BZ8t1+8CLzcAcNOZk4yecUdW/U+SFg3CB0qUmJtukP4B":{"chainKey":{"counter":1},"chainType":2,"messageKeys":{}},"BcQRasd3AwvriTdIPvUUd5QAQAiyu9y9mAui7c/3p94S":{"chainKey":{"counter":1},"chainType":2,"messageKeys":{}},"Be6l+KdTthTG7NDH8GXn6Qpuz/JF64A1w8htsrBRx7o4":{"chainKey":{"counter":8},"chainType":2,"messageKeys":{}},"BUWtSFDYEGtG+x1I63hsEmYCJ5+OAC8e8J9URjezmVxo":{"chainKey":{"counter":0,"key":"fa5gU1KmSRE8jhBvXtrMIQTwWIxgZbaREP4QIMKePmA="},"chainType":2,"messageKeys":{}},"BZtZuNrLcHxFcK/P6hfzpB2EDeYYq9Ppvm+tzvJSEBgB":{"chainKey":{"counter":-1,"key":"C+a1rzkBxoZjeeL2qki7rNSw41lzMzhaI1GqvVOvqsY="},"chainType":1,"messageKeys":{}}}}},"version":"v1"}