{"_sessions":{"BfUmwsQ1orhBha3d1IQWGIptPpeIUB24Fp793B93dmpr":{"registrationId":993669841,"currentRatchet":{"ephemeralKeyPair":{"pubKey":"BQgeGvXiHOw8RYyOyLWMemEKgLU0SoQyRnpa6UUxBg8G","privKey":"QJbRsjC/f8xu36QhVFYJBx/eZU3ryvI9ccNz2ld1M1o="},"lastRemoteEphemeralKey":"BSkpz+zKlCSGQbXH+bM9MSdiaIKXg8yBUIqSGv9Xcghv","previousCounter":0,"rootKey":"WL8Y66tbtu5r5Zw/UwX3qcmDHfSkG+GIZoGK9aP36EM="},"indexInfo":{"baseKey":"BfUmwsQ1orhBha3d1IQWGIptPpeIUB24Fp793B93dmpr","baseKeyType":1,"closed":-1,"used":1755720109992,"created":1755720109992,"remoteIdentityKey":"BckNA96IoOvjM3BfQPFBkH5ckdPXnT2HctZ7vRY+a2ZS"},"_chains":{"BQgeGvXiHOw8RYyOyLWMemEKgLU0SoQyRnpa6UUxBg8G":{"chainKey":{"counter":12,"key":"KN7qpizHq/+d15bmWZSnFFq84ITrx2xsdYITaHvwF28="},"chainType":1,"messageKeys":{}}},"pendingPreKey":{"signedKeyId":4,"baseKey":"BfUmwsQ1orhBha3d1IQWGIptPpeIUB24Fp793B93dmpr","preKeyId":13610619}}},"version":"v1"}