{"_sessions":{"BeVolPrNADCa8Z9/4kCrIqP5994PuN0m2oWYJ62iuxdR":{"registrationId":1513909843,"currentRatchet":{"ephemeralKeyPair":{"pubKey":"BZZA55/AT6oMCz0IbWgMNJeVYlPMn11AWJxXdqAXG0li","privKey":"KOzhofVK77yX1RgCYlF5g11H1XrkdlCNE73GciSJ730="},"lastRemoteEphemeralKey":"Ba1oVrIMMf6Ua0IAcjIvhdjkGZrkziC3WoZgEtzRI0N5","previousCounter":0,"rootKey":"QEgpC9be49TobsbPseuPA9TP6uUSaTn4qsLs3jVwtEk="},"indexInfo":{"baseKey":"BeVolPrNADCa8Z9/4kCrIqP5994PuN0m2oWYJ62iuxdR","baseKeyType":1,"closed":-1,"used":1755720109952,"created":1755720109952,"remoteIdentityKey":"BUMcqOtJSL02u9cS/hLhhrkgJ8tEFgYtgG42M39QiJ5f"},"_chains":{"BZZA55/AT6oMCz0IbWgMNJeVYlPMn11AWJxXdqAXG0li":{"chainKey":{"counter":12,"key":"J3tbfx/3Vs0tmtyALfxUX0FzXt0NDqn27dMPF9pVSkg="},"chainType":1,"messageKeys":{}}},"pendingPreKey":{"signedKeyId":3825929,"baseKey":"BeVolPrNADCa8Z9/4kCrIqP5994PuN0m2oWYJ62iuxdR","preKeyId":30974}}},"version":"v1"}