{"_sessions":{"BWpjAsnMlToIzcreuY2K9Z1H57URT2p1s36DnyOcCxtv":{"registrationId":1947855118,"currentRatchet":{"ephemeralKeyPair":{"pubKey":"BX4HDgNyWlHemTjxoFi1jyEDa2c94xDiciBJkYlY7cJm","privKey":"2EFh5RH81Po4SiwxdMSXZGlzvsVM9XLxdLsB9EK4gG8="},"lastRemoteEphemeralKey":"BSOhrTwcy2zHcyQCFouQ9u0HApodvkASsoMwZjJ72kUp","previousCounter":0,"rootKey":"+0RkdX0Cqiu8bdk94JFjfmE4YXi7u4cfJdW0R2gjmHo="},"indexInfo":{"baseKey":"BWpjAsnMlToIzcreuY2K9Z1H57URT2p1s36DnyOcCxtv","baseKeyType":1,"closed":-1,"used":1755720109944,"created":1755720109944,"remoteIdentityKey":"BQAs8niXbAV4XDMa0WcQdrcBYNab2j6nwM3hSiqEvqtS"},"_chains":{"BX4HDgNyWlHemTjxoFi1jyEDa2c94xDiciBJkYlY7cJm":{"chainKey":{"counter":12,"key":"koRy8Jrv+GawfvNI32fa44LsvMnzpJrffQjowSJbrvo="},"chainType":1,"messageKeys":{}}},"pendingPreKey":{"signedKeyId":4,"baseKey":"BWpjAsnMlToIzcreuY2K9Z1H57URT2p1s36DnyOcCxtv","preKeyId":11235694}}},"version":"v1"}