{"_sessions":{"BUqhxEAx2fxyKpKHQ1btoIA/a8mv9l/Gtr2vy6EqP/kK":{"registrationId":882746977,"currentRatchet":{"ephemeralKeyPair":{"pubKey":"BdH6QtP8tnCxlEAS6q5n7PJ3OxFTfLA5f2zlxwx+6uIP","privKey":"eCEqaYOT4yOUtsOIeuhTFGn8b1o3IC6lZHbskj5XnVk="},"lastRemoteEphemeralKey":"BSOFxEq/nztSt8KeYYXFPGVwWbPzWSemuABreyYCQs10","previousCounter":0,"rootKey":"hYZmfoGXZ8P50ETKJfxeTxpHtBJbozT21Jywe18yAqk="},"indexInfo":{"baseKey":"BUqhxEAx2fxyKpKHQ1btoIA/a8mv9l/Gtr2vy6EqP/kK","baseKeyType":1,"closed":-1,"used":1755541495171,"created":1755541495171,"remoteIdentityKey":"BegKhBFvSvgqoaqubgsiIiV/Dm2S2/rSMFhsPiFeby9f"},"_chains":{"BdH6QtP8tnCxlEAS6q5n7PJ3OxFTfLA5f2zlxwx+6uIP":{"chainKey":{"counter":1,"key":"syNmS65SyP81iD1TDp3NTubYpyWRU2149AjXN9lfdu0="},"chainType":1,"messageKeys":{}}},"pendingPreKey":{"signedKeyId":0,"baseKey":"BUqhxEAx2fxyKpKHQ1btoIA/a8mv9l/Gtr2vy6EqP/kK","preKeyId":15694976}}},"version":"v1"}