{"_sessions":{"Bai08DJZFXLQPZlWPJL+bbPPhfuBXXAZVV4/dZyHrvVZ":{"registrationId":1949378515,"currentRatchet":{"ephemeralKeyPair":{"pubKey":"BQsn01918K72roShqX97+l0fI0UaA3kJ1gQldpGWesRo","privKey":"UNRJvYtBMdTvzVZtKvLhES0aCUTaNxvvYJKcpLxgUU4="},"lastRemoteEphemeralKey":"BdgsROn64ykPSMOzzfO4Z/bgDCWcZQFHTxndi8AVXAwb","previousCounter":0,"rootKey":"Cuwawvyjp/Hy26zfmDHKYp3uYNJ887sfPTHDk20nLzs="},"indexInfo":{"baseKey":"Bai08DJZFXLQPZlWPJL+bbPPhfuBXXAZVV4/dZyHrvVZ","baseKeyType":1,"closed":-1,"used":1755720110009,"created":1755720110009,"remoteIdentityKey":"BX5WurKZOtsGT4w09zI2BiDSB2oqgOmS1Mvdv2SRXw8N"},"_chains":{"BQsn01918K72roShqX97+l0fI0UaA3kJ1gQldpGWesRo":{"chainKey":{"counter":12,"key":"PnNZEr1VxfFIQ/6u5RY8KZ5w6bpU1/FG7F3sqEWr5zg="},"chainType":1,"messageKeys":{}}},"pendingPreKey":{"signedKeyId":24,"baseKey":"Bai08DJZFXLQPZlWPJL+bbPPhfuBXXAZVV4/dZyHrvVZ","preKeyId":11465763}}},"version":"v1"}