{"_sessions":{"BcbfEGjgtqheHfzjIzELmAvDoU9+1yWQcqJ858+TUkJh":{"registrationId":1335400378,"currentRatchet":{"ephemeralKeyPair":{"pubKey":"BbOrLrVRlmut7nqJwmDWkGEtGDHiM8kDw3ONgCLGV3xu","privKey":"SOaeF2SWLRqDToVQ8co7UxHhb3rPk1Rj4pMJDk0ki2o="},"lastRemoteEphemeralKey":"BeHldQf4emBlkljmf+IhnILEADCrCf/KDGScOROfzMZy","previousCounter":0,"rootKey":"muUZmiOPYwW895xG6z4wCwZ7pX+tBZQ2OiaCWRFgnIc="},"indexInfo":{"baseKey":"BcbfEGjgtqheHfzjIzELmAvDoU9+1yWQcqJ858+TUkJh","baseKeyType":1,"closed":-1,"used":1755720109908,"created":1755720109908,"remoteIdentityKey":"BUuXfU3x8+5nJ5j0EmSaEIsmpWF0fzH6rdeMy8w3ldwB"},"_chains":{"BbOrLrVRlmut7nqJwmDWkGEtGDHiM8kDw3ONgCLGV3xu":{"chainKey":{"counter":12,"key":"VYc3Gy5o3CsO/AHc1TSsFM07xXarvl1IYnpqSgCCgSo="},"chainType":1,"messageKeys":{}}},"pendingPreKey":{"signedKeyId":2,"baseKey":"BcbfEGjgtqheHfzjIzELmAvDoU9+1yWQcqJ858+TUkJh","preKeyId":2115}}},"version":"v1"}