{"_sessions":{"BbSP2a349ouBABjyf1STjsuyHZzyTJ1P2C2sdbq0DCkZ":{"registrationId":243,"currentRatchet":{"ephemeralKeyPair":{"pubKey":"BV48sF0vifSuM7kvh7zLLPGrVwq538TNDvWNiC6liR9R","privKey":"MDuJ2cJdMwfEMNwf+wtn5nUxth4UV9GwSTO9EcwB50Q="},"lastRemoteEphemeralKey":"BbXl+dH8toxXQaxx1KhnqEDzH61s1Ee70oHM/Ll+tr5i","previousCounter":0,"rootKey":"xPRoKvvTdiHSw6HIPXmXBaUdcE+khhR1xgBXoiWB26k="},"indexInfo":{"baseKey":"BbSP2a349ouBABjyf1STjsuyHZzyTJ1P2C2sdbq0DCkZ","baseKeyType":2,"closed":-1,"used":1755068776702,"created":1755068776702,"remoteIdentityKey":"Bf5lGkWfEWpLrOZS3Tg26ZVVyj5cvclPcN4tosTiYpQ+"},"_chains":{"BbXl+dH8toxXQaxx1KhnqEDzH61s1Ee70oHM/Ll+tr5i":{"chainKey":{"counter":42,"key":"7GMNeBakYKSQhP/KGrMmf7aZebA+t1JWHz2BgywiFI0="},"chainType":2,"messageKeys":{}},"BV48sF0vifSuM7kvh7zLLPGrVwq538TNDvWNiC6liR9R":{"chainKey":{"counter":136,"key":"yiyBh3AAtRohHpzDg68swXdIub33aDGNxMrzgg8tfjE="},"chainType":1,"messageKeys":{}}}}},"version":"v1"}