{"_sessions":{"BXin6+FQnU1R39C41dpGiOLPfmkarDfG9mfCo4pmsXJr":{"registrationId":673601865,"currentRatchet":{"ephemeralKeyPair":{"pubKey":"BRvWn055My2o6V6edI90uArafDNkB1hzMClyWCdVsg1z","privKey":"YEw4eNbHbBFOkh5IPFBbaWqCBUFKuEbRyJbL4EM/g10="},"lastRemoteEphemeralKey":"BVYWeRBv6kFs6ogoY8kJsx4ipJ1LZU23GDthGdzRLB5T","previousCounter":0,"rootKey":"oLxcPPxOw5vxkZZyCgCegEsTJzBpdlXFrssS+2O9IIk="},"indexInfo":{"baseKey":"BXin6+FQnU1R39C41dpGiOLPfmkarDfG9mfCo4pmsXJr","baseKeyType":1,"closed":-1,"used":1755720110063,"created":1755720110063,"remoteIdentityKey":"BQ0AMdtGvPtOCKrlBbScUc54PwHass71mEwZAGmKw3c2"},"_chains":{"BRvWn055My2o6V6edI90uArafDNkB1hzMClyWCdVsg1z":{"chainKey":{"counter":12,"key":"NdisDvk1BvgOqFZKy3IU44ApMDarx5Vl7hHOJuAz5i4="},"chainType":1,"messageKeys":{}}},"pendingPreKey":{"signedKeyId":6,"baseKey":"BXin6+FQnU1R39C41dpGiOLPfmkarDfG9mfCo4pmsXJr","preKeyId":10062177}}},"version":"v1"}