{"_sessions":{"BcstW6HzA5M5LRROJtG1PY8U01YVBu3iQ0+Nbx+62EUC":{"registrationId":543938026,"currentRatchet":{"ephemeralKeyPair":{"pubKey":"BVBXMFBl+2IgzQXb0i8ZYBfbwl+TYtrd8pNeclbIai5q","privKey":"IIphGoFZSspVwsiW6gIcpUMQtGc70bZ9Wy+SVgGKMGk="},"lastRemoteEphemeralKey":"BTkzRvfFIJQeW6/zV0lSDWQGxlm4MqmGmZLGQdRD1Gtb","previousCounter":0,"rootKey":"V38qPT2thN8JzzVSfJcVJpH7ak3J83F7sTHXoXkO9jg="},"indexInfo":{"baseKey":"BcstW6HzA5M5LRROJtG1PY8U01YVBu3iQ0+Nbx+62EUC","baseKeyType":1,"closed":-1,"used":1755720110027,"created":1755720110027,"remoteIdentityKey":"BRKCflvnEBfUhCgAci1Af8SYUHpfJAZXA/kst/fiSYZ7"},"_chains":{"BVBXMFBl+2IgzQXb0i8ZYBfbwl+TYtrd8pNeclbIai5q":{"chainKey":{"counter":12,"key":"tPXRLYjVFTVBXDu3y+Ss6g/XZIsQitWz4xyP2ZPz2qs="},"chainType":1,"messageKeys":{}}},"pendingPreKey":{"signedKeyId":6,"baseKey":"BcstW6HzA5M5LRROJtG1PY8U01YVBu3iQ0+Nbx+62EUC","preKeyId":6435947}}},"version":"v1"}