{"_sessions":{"BeX/cGHA6LmrQ5+SKpCIMiXlkBhtDn3HaeJm+fsRSgp7":{"registrationId":387389810,"currentRatchet":{"ephemeralKeyPair":{"pubKey":"Bdp2kYyd/Q2a131as48PHjEb42OXxV8fzZmSOZutJlQC","privKey":"cIERZPUMHjGxoaZ4lvnk+z8hm7eigsxFwMORiKN1G3U="},"lastRemoteEphemeralKey":"BS6lvF+FQ5KEHcu28BD0Cn1Gp77imF05YAVP9SBrV6VD","previousCounter":0,"rootKey":"19mzALNnYrqdJo7ywdZeNgkkPwzZHaOSUDwSInIZJ7U="},"indexInfo":{"baseKey":"BeX/cGHA6LmrQ5+SKpCIMiXlkBhtDn3HaeJm+fsRSgp7","baseKeyType":1,"closed":-1,"used":1755720110018,"created":1755720110018,"remoteIdentityKey":"BfgBE6SFRwl6aL/oOna3x5W18kTPTeZUfPly13VQ8P5r"},"_chains":{"Bdp2kYyd/Q2a131as48PHjEb42OXxV8fzZmSOZutJlQC":{"chainKey":{"counter":12,"key":"X1vGuYc1ny52gMtR9bwm2l3g2QwGUH4jxCWzWtE1Gb8="},"chainType":1,"messageKeys":{}}},"pendingPreKey":{"signedKeyId":21,"baseKey":"BeX/cGHA6LmrQ5+SKpCIMiXlkBhtDn3HaeJm+fsRSgp7","preKeyId":13451023}}},"version":"v1"}