{"_sessions":{"BaW/tuTGNltybsWrl2CLdHIj2PqDH0pG5Eb0Eq6Vt7hW":{"registrationId":1688458483,"currentRatchet":{"ephemeralKeyPair":{"pubKey":"Be0Xj5vIXUCz6nmvKQEIixpY/qwhlvpTdD2H57utcsRv","privKey":"wDXyNgKqjhfD8v+juINAnTL4gClTkT1FJu4BaNhmGmM="},"lastRemoteEphemeralKey":"BftmYVMmu+3yd0+a+LXmF+aB0jv4FOI0IyxFCyMHOWNW","previousCounter":0,"rootKey":"kH6U1eVFbpEvzpUxYUWgsuvagzbLa0slrIGPeg9qwp0="},"indexInfo":{"baseKey":"BaW/tuTGNltybsWrl2CLdHIj2PqDH0pG5Eb0Eq6Vt7hW","baseKeyType":1,"closed":-1,"used":1755720109904,"created":1755720109904,"remoteIdentityKey":"BR0dNk+n+H2yHpv0qZRyVsYA8EIdgIoHF+Y1IWV7jphV"},"_chains":{"Be0Xj5vIXUCz6nmvKQEIixpY/qwhlvpTdD2H57utcsRv":{"chainKey":{"counter":12,"key":"pVBRbJoo8JbsHR7+vR6mHVe+b7RKY8i70/8PWpKiHfw="},"chainType":1,"messageKeys":{}}},"pendingPreKey":{"signedKeyId":7988992,"baseKey":"BaW/tuTGNltybsWrl2CLdHIj2PqDH0pG5Eb0Eq6Vt7hW","preKeyId":4503}}},"version":"v1"}