{"_sessions":{"BXxgfFPuSXrn0qAGU8slLvZk/64Ai5BAWcRYKPva79Fi":{"registrationId":1789912017,"currentRatchet":{"ephemeralKeyPair":{"pubKey":"BUB/UzzPJfELB20A+x6w/W6rfImkR8IMq4J4Ra2lg3Rs","privKey":"kHIr5/OUtZ5x24WwzgavONR4YnTYx77B9K9QV8kA9kE="},"lastRemoteEphemeralKey":"BW8WpFpOoFUzzziEpYWFGCM041X1tqgd54wAIRgCl7As","previousCounter":0,"rootKey":"1+eZfuNersQmXt5plVlFHwcvXK5Ki/t1dbJAf9Z4cxI="},"indexInfo":{"baseKey":"BXxgfFPuSXrn0qAGU8slLvZk/64Ai5BAWcRYKPva79Fi","baseKeyType":1,"closed":-1,"used":1755720110016,"created":1755720110016,"remoteIdentityKey":"BXNb04cpa0K+UIZn52PnFe/FlKhvqyne23zsL3c1GHBR"},"_chains":{"BUB/UzzPJfELB20A+x6w/W6rfImkR8IMq4J4Ra2lg3Rs":{"chainKey":{"counter":12,"key":"vU6QyBIZfDc6L1v8CQtdmrt7+YQH722+Uc7YSIYMqTA="},"chainType":1,"messageKeys":{}}},"pendingPreKey":{"signedKeyId":7,"baseKey":"BXxgfFPuSXrn0qAGU8slLvZk/64Ai5BAWcRYKPva79Fi","preKeyId":10303391}}},"version":"v1"}