{"_sessions":{"BWOKEWsDINlj6/e38IBcl9r7A0CFS75dhJxYj8EhRhwU":{"registrationId":622735980,"currentRatchet":{"ephemeralKeyPair":{"pubKey":"BRfWagLKfwePRJVp1MvEDieCHCB4w2cGHDyZ1O2SSYM9","privKey":"8Mvi40WfzPmety7aSE7me0kaH9ZnKtrMAJkD4AdFXlI="},"lastRemoteEphemeralKey":"BStE2bzj64dGiQE+HLs3ac976wPXenWxs349e0RjiLQB","previousCounter":1,"rootKey":"YWhJCog/e4N047hCHSVV8tf6VF5ZGLkMUQ84n+CTImA="},"indexInfo":{"baseKey":"BWOKEWsDINlj6/e38IBcl9r7A0CFS75dhJxYj8EhRhwU","baseKeyType":1,"closed":-1,"used":1755543224897,"created":1755541495182,"remoteIdentityKey":"BSeNSwHVmzamaKcKHLeX8el+IqpqLBICImJ5MJfBZ5Rz"},"_chains":{"BStE2bzj64dGiQE+HLs3ac976wPXenWxs349e0RjiLQB":{"chainKey":{"counter":0,"key":"hGOmjfb1IKJMl9sFer/t8PTeW81TrPUorLDPLZotWUs="},"chainType":2,"messageKeys":{}},"BRfWagLKfwePRJVp1MvEDieCHCB4w2cGHDyZ1O2SSYM9":{"chainKey":{"counter":-1,"key":"ES/HLKgI/x65xXCpmdCcNoByROQYpQWtEhgHLDVJ/Rg="},"chainType":1,"messageKeys":{}}}}},"version":"v1"}