{"_sessions":{"BYVvhklDR+T7E929B4NUpNFpw+3JKB7sqLGcHjDTSyZ8":{"registrationId":1927665015,"currentRatchet":{"ephemeralKeyPair":{"pubKey":"BRVu7ljeXLAM2JQ6Oqwk0o9fdfbJkIjTj5tpu3fq7+pv","privKey":"8DGMtcvsn/HYA+b2qCmubKskmz3OZJob4ABUm1GkoGE="},"lastRemoteEphemeralKey":"BWhj1MBI7orC1WGlzzaF1lNHyDc0X7ken2r5j2VnC5JN","previousCounter":0,"rootKey":"V/znmP0hEvhgFr9XK4ut+W+2oTSOaJm/0zPbSWD40XU="},"indexInfo":{"baseKey":"BYVvhklDR+T7E929B4NUpNFpw+3JKB7sqLGcHjDTSyZ8","baseKeyType":1,"closed":-1,"used":1755720110022,"created":1755720110022,"remoteIdentityKey":"BV07c/5orq2KqSbzkyAq9aF/1+/fP6S72AhELFCFQuI+"},"_chains":{"BRVu7ljeXLAM2JQ6Oqwk0o9fdfbJkIjTj5tpu3fq7+pv":{"chainKey":{"counter":12,"key":"F1g18LwCIPeSwu0Pf6GXew/GTtRF+8elrJTq7UPIyLE="},"chainType":1,"messageKeys":{}}},"pendingPreKey":{"signedKeyId":3,"baseKey":"BYVvhklDR+T7E929B4NUpNFpw+3JKB7sqLGcHjDTSyZ8","preKeyId":6033538}}},"version":"v1"}