{"_sessions":{"BbwurdaSsL19yCm07UVmcBvr5F7yl9B4MgvOPoO998hN":{"registrationId":450699978,"currentRatchet":{"ephemeralKeyPair":{"pubKey":"BXNmjGYL/lWMK3Txk7wRFCFGORWs6viFBEuDjt+J3DFD","privKey":"2HL1PE/Qh+rcKg2OWaMEDs2odMsPcvied9zyCyh5/E0="},"lastRemoteEphemeralKey":"BdK5E+0xcCf2JdAT3QqPt+T3Xlbk2B3GXjjUO35sOUEu","previousCounter":0,"rootKey":"4Tz/W5bVSIsbFvuoOenUao59gp8XVS2rcdW8Eoc5dR0="},"indexInfo":{"baseKey":"BbwurdaSsL19yCm07UVmcBvr5F7yl9B4MgvOPoO998hN","baseKeyType":1,"closed":-1,"used":1755720109925,"created":1755720109925,"remoteIdentityKey":"BXG0QoQzxJrsN+x5V1iqW4RFDcozFSkKeYoDHQp2GvYp"},"_chains":{"BXNmjGYL/lWMK3Txk7wRFCFGORWs6viFBEuDjt+J3DFD":{"chainKey":{"counter":12,"key":"bPIOWFVBiOi56o1J/NuyFPoAdWcR98msBO3SAkJxjGo="},"chainType":1,"messageKeys":{}}},"pendingPreKey":{"signedKeyId":17,"baseKey":"BbwurdaSsL19yCm07UVmcBvr5F7yl9B4MgvOPoO998hN","preKeyId":12938677}}},"version":"v1"}