{"_sessions":{"BUZlC/eL7kmC6+VYUfhnygSdNvDwym4Jl4rJ0cLMt+wH":{"registrationId":1024651450,"currentRatchet":{"ephemeralKeyPair":{"pubKey":"BUo6TNpnmusHvuzPT61ocKDBPukBEQXZ7ZDDtreL33pG","privKey":"QDYoDFGje2mOCgSR8/LrRa03oc0WpQ/31CRPUkZblkQ="},"lastRemoteEphemeralKey":"BekAJZM8B/IzGI9WV+in+M+if++2HJavMbHBuYlkMtA6","previousCounter":2,"rootKey":"0hGf5cqgXNeceXaWfd/p+WoQiWm9G8Kr7MasQo8RjEY="},"indexInfo":{"baseKey":"BUZlC/eL7kmC6+VYUfhnygSdNvDwym4Jl4rJ0cLMt+wH","baseKeyType":2,"closed":-1,"used":1758033768810,"created":1756723384387,"remoteIdentityKey":"BfFru759bdEiPqPSBxJDA2EvqsvQBaOxJpikPlQWEzJZ"},"_chains":{"Bd9bXaCNERTblyMt4iU2laDt+qv4cOwajJv7q4JYfR4t":{"chainKey":{"counter":15},"chainType":2,"messageKeys":{"3":"k1JTABE2g1hUE7p0Kca8wY4xMAKJBM1btMX43cElAgk=","5":"LkXKNxfetyw5YyZEYRkMQP2ipYSbAvyrDAtAnpyeg8A=","6":"OAF6nG0qr4Q8unGVAGAi0mHacJ0B8sSV1Sb8cuplCWc=","14":"5J04om2AOHM22raz1b64J3tVK8oria+H9kaZ2SSxZuE="}},"BUNA6s4voYAdVdbwvqabU7I5JgfLJ5C8StUue57z01JP":{"chainKey":{"counter":0},"chainType":2,"messageKeys":{}},"BSF4JoOimtcHCum54jJ45aiUmeyx59gOmetY06oq6E0x":{"chainKey":{"counter":0},"chainType":2,"messageKeys":{}},"BYzfWLLQ/4A2gCRHI43yuZwqjmpJSvIFlsWpH3ytV6ok":{"chainKey":{"counter":0},"chainType":2,"messageKeys":{}},"BZg13BsMa2Zp/p9xr0GkK1AXFON/op+9xOtNvq7x5oUm":{"chainKey":{"counter":2},"chainType":2,"messageKeys":{}},"Bd5YWfmE/o09EHoa2RqJYGmmVH8RXn+Aj0CAfkjm+TsI":{"chainKey":{"counter":0},"chainType":2,"messageKeys":{}},"BfeUeavsyx3OmlXG+Mx+3O8CDwgqphm8aeOJJYDBvosI":{"chainKey":{"counter":0},"chainType":2,"messageKeys":{}},"BfGLCqshRFdf3NclDvTjsz8kojV06wAN1ljYUtkssB8V":{"chainKey":{"counter":0},"chainType":2,"messageKeys":{}},"BRJerB5AxvfHuakdG9BU4Lb8wcuYMJxs8yqdPU2Rd6o0":{"chainKey":{"counter":0},"chainType":2,"messageKeys":{}},"BciEBU3RRu8q2ft1Y8MmH9lfhCGXAeJQWLAbZRx8jlpb":{"chainKey":{"counter":0},"chainType":2,"messageKeys":{}},"BTVUZ0zG4qnbBTo0K2VUL9WLcl0bxEjUeg5VjxNybyMY":{"chainKey":{"counter":0},"chainType":2,"messageKeys":{}},"BXfp177phrxl6EYzBa9YkvWyhLW8NbaACX1qhH939fAQ":{"chainKey":{"counter":0},"chainType":2,"messageKeys":{}},"Bfqxi5Oa7k9c1Jfxz4c3KAQmzRaf1Zq6/AX77qlNzldX":{"chainKey":{"counter":2},"chainType":2,"messageKeys":{}},"BR6x/UP0Ah2T/VDBshaaDS5WS881VT6CcMdXnijmoycU":{"chainKey":{"counter":3},"chainType":2,"messageKeys":{"0":"5zSdyCmqaBMV83sX3RvbDWwRRzU6NVwFfpT9G8e7gg0=","1":"4bWcqu8DxVwqemwv5lo5wPlfIjiJv0pDFk3STZRSO84="}},"BUQ5ULssD6+9FQT9zYoL+Xl0jMLFfCVgy8D+/TLYAkRi":{"chainKey":{"counter":0},"chainType":2,"messageKeys":{}},"BaA92x/GN1IxGpPyE6RujqzGZYq/SzNl5pSFiTktyQAq":{"chainKey":{"counter":0},"chainType":2,"messageKeys":{}},"BfNAqHrS6oYOOEP6EXNlyeNvXhV59cOL9AZsgr3kcE0T":{"chainKey":{"counter":0},"chainType":2,"messageKeys":{}},"BRfaS7SAeNq/665KgbzswmYAnWAThY6nKHXeYfiagh4J":{"chainKey":{"counter":0},"chainType":2,"messageKeys":{}},"BcDuQpqisjAp9cbpkKSW0/sZn/QOhbSIonkcmFoj1Rtv":{"chainKey":{"counter":22},"chainType":2,"messageKeys":{"3":"wtLoDtz0xMvYRRlV7VbAuoLHqMRINYXV5xNaRcPKa04=","11":"kxqlyFXPmuBqZn+slq7P2ECQ4D+8yk6hfjRStTTGWBI="}},"BVFzqgpwmKFM+iEe7G6j66mMO3V66PPzH95OLgdrh/0C":{"chainKey":{"counter":0},"chainType":2,"messageKeys":{}},"Bb3EH/C4Klgt3FYjK0o2KqVc8tcTREECZwl+5WXexesy":{"chainKey":{"counter":0},"chainType":2,"messageKeys":{}},"BekAJZM8B/IzGI9WV+in+M+if++2HJavMbHBuYlkMtA6":{"chainKey":{"counter":0,"key":"DpzL2W6+OLrTA4knAwHyARGUgYoJayMVESHFrTs2Yo4="},"chainType":2,"messageKeys":{}},"BUo6TNpnmusHvuzPT61ocKDBPukBEQXZ7ZDDtreL33pG":{"chainKey":{"counter":0,"key":"AlSAebCCdmxtG0eN1C0B7a2jBXFKLvDKtFcHDcLtMpk="},"chainType":1,"messageKeys":{}}}}},"version":"v1"}