{"_sessions":{"BdSYzetysXCD41R0Zn8Hg0DrSV7+PSEn+cLeal0+Ljdg":{"registrationId":1229327857,"currentRatchet":{"ephemeralKeyPair":{"pubKey":"BZamrqLbarQYseMjlMaEzS/FtvDVKS8dJPpC7Y4vO+B6","privKey":"WCrGtOTj719LTvFplcgmhr9Z+j6cVdsv9FiVfXfJumE="},"lastRemoteEphemeralKey":"BWFvTS9YbTrBfBFYFV0F9132uZjOpNYSKqVWJBFw9x8Y","previousCounter":0,"rootKey":"XAsf01DVkMvdiEwYzT1ovm8Yg1431mysagVl5lsi+9A="},"indexInfo":{"baseKey":"BdSYzetysXCD41R0Zn8Hg0DrSV7+PSEn+cLeal0+Ljdg","baseKeyType":1,"closed":-1,"used":1755720109950,"created":1755720109950,"remoteIdentityKey":"BWd1El8r8cuNUfTbjo5KP1J7mrZLOSl/EZGmtYQS6vtk"},"_chains":{"BZamrqLbarQYseMjlMaEzS/FtvDVKS8dJPpC7Y4vO+B6":{"chainKey":{"counter":12,"key":"ebvOi8KqfVIWfY+JWmZkY1pA7zCLPtuKr6lGXspgsU8="},"chainType":1,"messageKeys":{}}},"pendingPreKey":{"signedKeyId":4832224,"baseKey":"BdSYzetysXCD41R0Zn8Hg0DrSV7+PSEn+cLeal0+Ljdg","preKeyId":12929}}},"version":"v1"}