{"_sessions":{"BZ3r6XXGy/w3ZYHCmlhx14bnSuxCEvO4mouAqscPXN5j":{"registrationId":1779800250,"currentRatchet":{"ephemeralKeyPair":{"pubKey":"BRy9BCEYK3AAyfy4pBBlCddAi8uLqxHURrY0MLnj6fhq","privKey":"uPTg/LLZDie/jyQa3sYsG7hMS/syF3mt3XgA36vaoU4="},"lastRemoteEphemeralKey":"BRVmWtOIlGkr96H/I/DKjROWMdbmmpV44z9I08y3aa8O","previousCounter":0,"rootKey":"WyJdm8levaCM9x3FX/VOB5tBMo2JDDantLSiVazuS6g="},"indexInfo":{"baseKey":"BZ3r6XXGy/w3ZYHCmlhx14bnSuxCEvO4mouAqscPXN5j","baseKeyType":1,"closed":-1,"used":1755541495175,"created":1755541495175,"remoteIdentityKey":"BQhjgTy/LFKZBdR8pl/pqIgAIBZiBnofK2Hct4vYZl8n"},"_chains":{"BRy9BCEYK3AAyfy4pBBlCddAi8uLqxHURrY0MLnj6fhq":{"chainKey":{"counter":1,"key":"LUFHoiyAO+8JYiU9/XXC3jtWN5u5oZeqJab6BGqPgro="},"chainType":1,"messageKeys":{}}},"pendingPreKey":{"signedKeyId":11,"baseKey":"BZ3r6XXGy/w3ZYHCmlhx14bnSuxCEvO4mouAqscPXN5j","preKeyId":3798236}}},"version":"v1"}