{"_sessions":{"BWjAU0a9Ui4JvmEZHRLO/WNncSgiKhBAqRrnYa+4ndgY":{"registrationId":6617,"currentRatchet":{"ephemeralKeyPair":{"pubKey":"BQfJq9vuNnEAQYoVtC6MRU0oChd/4Cj/dYQmKrUhWicy","privKey":"SPkF4tv5WjPJZi7YZYTtP2j5nyP7wvQruhTbeyrATEs="},"lastRemoteEphemeralKey":"BUeJXbz/wPhYdn3g2vR7oYUfwsHVt27Jj/Pa4sthOM1j","previousCounter":0,"rootKey":"SDYHfhGF8V3YrD/O9OSYJCWgM3plDhw/egscbXTIeiU="},"indexInfo":{"baseKey":"BWjAU0a9Ui4JvmEZHRLO/WNncSgiKhBAqRrnYa+4ndgY","baseKeyType":1,"closed":-1,"used":1755720109880,"created":1755720109880,"remoteIdentityKey":"BaRFAOZRWd5Bd9fCmRCFM/LufO5iR8rXZ9tZ4/zKK8NQ"},"_chains":{"BQfJq9vuNnEAQYoVtC6MRU0oChd/4Cj/dYQmKrUhWicy":{"chainKey":{"counter":12,"key":"r1/yzhR/rha1CXXVYvE648Z1oIYdPpD3HmjtFyifiUs="},"chainType":1,"messageKeys":{}}},"pendingPreKey":{"signedKeyId":19,"baseKey":"BWjAU0a9Ui4JvmEZHRLO/WNncSgiKhBAqRrnYa+4ndgY","preKeyId":557}}},"version":"v1"}