{"_sessions":{"BWDKjwMcGYd6HzZwB98VCgBqA2tfjIBsXyTe2BB2FzMf":{"registrationId":1041196673,"currentRatchet":{"ephemeralKeyPair":{"pubKey":"BVSc3R8pBZGD2GLwbzS5yHFqzJyLiyOXiB6ZP88HdPUb","privKey":"cDEd7bzyjMr1SIrVfTvz+gX1ym3E+7/1bshhnGMvXk4="},"lastRemoteEphemeralKey":"BcZsIs4OaJv3N/oPMAjr8uXn0/BbayeSDsHYESe1l7tc","previousCounter":0,"rootKey":"ZvxiKiImMUh67vMKsUf9/fLBL1YOvILMpiRs3g5wNv8="},"indexInfo":{"baseKey":"BWDKjwMcGYd6HzZwB98VCgBqA2tfjIBsXyTe2BB2FzMf","baseKeyType":1,"closed":-1,"used":1755720109995,"created":1755720109995,"remoteIdentityKey":"BbwRwH2DLhnlQNR8I+qZZwZHroHhmEim1LbBg3U7GBNW"},"_chains":{"BVSc3R8pBZGD2GLwbzS5yHFqzJyLiyOXiB6ZP88HdPUb":{"chainKey":{"counter":12,"key":"3UDmMGkOrPd116GaKd1yr+Vv5M4MOXNZsWjjmpKRh94="},"chainType":1,"messageKeys":{}}},"pendingPreKey":{"signedKeyId":2,"baseKey":"BWDKjwMcGYd6HzZwB98VCgBqA2tfjIBsXyTe2BB2FzMf","preKeyId":149794}}},"version":"v1"}