{"_sessions":{"BWtWRJA5rjUGKWJa5Yb1SEyCYfPboXW7ztkuAUnWq1UJ":{"registrationId":219,"currentRatchet":{"ephemeralKeyPair":{"pubKey":"BfBz40dOl00AWUxrzTmVH5kbErHbDCYZgz4dmrvYkzQ+","privKey":"wJ4YqE3J4Bv+/lumbXpLYnX2f8kF/0b21FA/Kg13k0Y="},"lastRemoteEphemeralKey":"BQC2Cc4oOwfp0UEnVAqOl6ry+AvWYbIa88W+jCDEaOMd","previousCounter":0,"rootKey":"8NLNnOX4F2rExoUilayMv7RnLUHBJ22zqxr/9+oCXkc="},"indexInfo":{"baseKey":"BWtWRJA5rjUGKWJa5Yb1SEyCYfPboXW7ztkuAUnWq1UJ","baseKeyType":1,"closed":1755721149744,"used":1755720107939,"created":1755720107939,"remoteIdentityKey":"BeoY/1TwTssCG8xcIJ+i5TJQlwP0DujI+tOpl727Ps5W"},"_chains":{"BfBz40dOl00AWUxrzTmVH5kbErHbDCYZgz4dmrvYkzQ+":{"chainKey":{"counter":25,"key":"UeKZ3XgfjB2+9DOlHef0p+46F7iE9vVuuO9PfcOOsNw="},"chainType":1,"messageKeys":{}}},"pendingPreKey":{"signedKeyId":1,"baseKey":"BWtWRJA5rjUGKWJa5Yb1SEyCYfPboXW7ztkuAUnWq1UJ","preKeyId":53}},"Bd1XS02Qekg//nl/K5Ht+KIUITNiL4gG4hubr6Ygvjkm":{"registrationId":219,"currentRatchet":{"ephemeralKeyPair":{"pubKey":"BffquMPUG+5Ckz9SvKEVyyxjdnPlygwnS0zwxtTAraVC","privKey":"2LbubsPfgWx6WRIOTtuy61wjtnpA/PQ2OSThtILauG8="},"lastRemoteEphemeralKey":"BQC2Cc4oOwfp0UEnVAqOl6ry+AvWYbIa88W+jCDEaOMd","previousCounter":0,"rootKey":"SH9R6EKsAfzbjyW3y1K/eGdGs1jGFLjdV61X7YdYXKo="},"indexInfo":{"baseKey":"Bd1XS02Qekg//nl/K5Ht+KIUITNiL4gG4hubr6Ygvjkm","baseKeyType":1,"closed":-1,"used":1755721149743,"created":1755721149743,"remoteIdentityKey":"BeoY/1TwTssCG8xcIJ+i5TJQlwP0DujI+tOpl727Ps5W"},"_chains":{"BffquMPUG+5Ckz9SvKEVyyxjdnPlygwnS0zwxtTAraVC":{"chainKey":{"counter":75,"key":"ZMOiLusiVMAE0RJYSEhxaCx16HzADftwuiO60AldLfo="},"chainType":1,"messageKeys":{}}},"pendingPreKey":{"signedKeyId":1,"baseKey":"Bd1XS02Qekg//nl/K5Ht+KIUITNiL4gG4hubr6Ygvjkm","preKeyId":57}}},"version":"v1"}