{"_sessions":{"BS/XP1wZFUkzkvMApBeUj1OxJuU/aCQfY5btIShnbNk3":{"registrationId":977499444,"currentRatchet":{"ephemeralKeyPair":{"pubKey":"BUXBnv8uvdnza/q+uBjxhobsosKF5hc17JLkw0mf2usC","privKey":"IJyZc8xpEJPzC2k/wXLLKHCKiUpqhveWCQc2+Q0CyWc="},"lastRemoteEphemeralKey":"BegcrO7L0ondsCV7MmyW+/EsZHnHcFdK8zdo6yK0L4AW","previousCounter":0,"rootKey":"b1Ycbccph0zbTSreWVC3v3HnpB90wDICrXbf431ZgPM="},"indexInfo":{"baseKey":"BS/XP1wZFUkzkvMApBeUj1OxJuU/aCQfY5btIShnbNk3","baseKeyType":1,"closed":-1,"used":1755720110051,"created":1755720110051,"remoteIdentityKey":"BYue0tIFwBHUwrm1IIwDAfxegE35n+KIfutcsBHXkb8z"},"_chains":{"BUXBnv8uvdnza/q+uBjxhobsosKF5hc17JLkw0mf2usC":{"chainKey":{"counter":12,"key":"VSTFWIavEW3UtxLykACrgMZtpyUvt+L7hbvGsba8cg4="},"chainType":1,"messageKeys":{}}},"pendingPreKey":{"signedKeyId":30,"baseKey":"BS/XP1wZFUkzkvMApBeUj1OxJuU/aCQfY5btIShnbNk3","preKeyId":85790}}},"version":"v1"}