{"_sessions":{"BdwxGf1xvqDZQvLugcgwbo+IlZGnEjOtKtH1goluH0Qa":{"registrationId":295354047,"currentRatchet":{"ephemeralKeyPair":{"pubKey":"BcdF4nRlragmdmEStwh5LypSMwWMQtEaq9UrO8HzPIND","privKey":"yDCE5gVHA05sik+I2Y5CT/wIhZMGh+RlV2fPNaDJzGU="},"lastRemoteEphemeralKey":"BaXmwi6LRrfoZIPHmwToJBdLLZqWE4uv/LTaoAYm2Glt","previousCounter":0,"rootKey":"NFgYcl/xcOFeM8YP07IU5CGRHrENGAlJPObxt/jjwd0="},"indexInfo":{"baseKey":"BdwxGf1xvqDZQvLugcgwbo+IlZGnEjOtKtH1goluH0Qa","baseKeyType":1,"closed":-1,"used":1755720110031,"created":1755720110031,"remoteIdentityKey":"BQhjNtoMlATzlfx4WgXumArwZUJ6+GOxZC0qgTcpmKg0"},"_chains":{"BcdF4nRlragmdmEStwh5LypSMwWMQtEaq9UrO8HzPIND":{"chainKey":{"counter":12,"key":"qFWu5Y+eLJznAEE0h262M+aNNqkJf8IY9jC8LCRiSrQ="},"chainType":1,"messageKeys":{}}},"pendingPreKey":{"signedKeyId":3,"baseKey":"BdwxGf1xvqDZQvLugcgwbo+IlZGnEjOtKtH1goluH0Qa","preKeyId":7853433}}},"version":"v1"}