{"_sessions":{"BXkG+uf7ZnhWZyJ0DoLtpoqWHWUf2xQhgBbMDRs6ICpQ":{"registrationId":1474243034,"currentRatchet":{"ephemeralKeyPair":{"pubKey":"BaUTldfZzKLioye1TfKG6xBlB/JRkdbyPlNYbtISgFIc","privKey":"gJLOeiWus5gg0F0TJ+wU7HpD1S9RUrXMCtNgZQU1Bng="},"lastRemoteEphemeralKey":"BWQOk2w1iuLMJHvfFLDWjiAWmo5xVI79MWg02JCfMEYC","previousCounter":0,"rootKey":"6H0NCP2xaCI3YvNxlenD8nY8eyOpWE5dr6fZQU6sFoA="},"indexInfo":{"baseKey":"BXkG+uf7ZnhWZyJ0DoLtpoqWHWUf2xQhgBbMDRs6ICpQ","baseKeyType":1,"closed":-1,"used":1755720110053,"created":1755720110053,"remoteIdentityKey":"BVpvo75FRrkTMOIONCbIFbncoGRzmUAMG2ztvS2Uswt8"},"_chains":{"BaUTldfZzKLioye1TfKG6xBlB/JRkdbyPlNYbtISgFIc":{"chainKey":{"counter":12,"key":"wj0YUNdpwHyp+/PcgC1dqASC+APjwm+SCMgaunuMd/Y="},"chainType":1,"messageKeys":{}}},"pendingPreKey":{"signedKeyId":28,"baseKey":"BXkG+uf7ZnhWZyJ0DoLtpoqWHWUf2xQhgBbMDRs6ICpQ","preKeyId":12674006}}},"version":"v1"}