{"_sessions":{"BaBqwBgU7AnBBBU6uzNMDUyY9NHzkzkj3h2w4y3ZYDBa":{"registrationId":83211314,"currentRatchet":{"ephemeralKeyPair":{"pubKey":"BWkygUZbx03uMs3M5077WMaFt7/Eau40Eg6qmypV5YIy","privKey":"YH/aHwk50/rXZa9eGTNtYE/m/QjDnfF9YjTg0XGjVWk="},"lastRemoteEphemeralKey":"BbeK8DZ7A3Zh5lFiz34GF1ICioemz3VHReCSP8zqsV4F","previousCounter":0,"rootKey":"RoCqP8zmWlmGVbaDbGbhu7NMPgplFjW0EGlo13M+pR8="},"indexInfo":{"baseKey":"BaBqwBgU7AnBBBU6uzNMDUyY9NHzkzkj3h2w4y3ZYDBa","baseKeyType":1,"closed":-1,"used":1755541693367,"created":1755541495180,"remoteIdentityKey":"BWzWjZpglLdCqsLZ7ntIc1T1MxgOpO721MHOORPiln9S"},"_chains":{"BbeK8DZ7A3Zh5lFiz34GF1ICioemz3VHReCSP8zqsV4F":{"chainKey":{"counter":0,"key":"np0rReSFMj2dQMSBCvn75zccr3AXani7FkNALvR9T18="},"chainType":2,"messageKeys":{}},"BWkygUZbx03uMs3M5077WMaFt7/Eau40Eg6qmypV5YIy":{"chainKey":{"counter":0,"key":"WIQ/NnP5YIiHWalFpDF/UGqVLHbGrsaBWsANYJ7az1g="},"chainType":1,"messageKeys":{}}}}},"version":"v1"}