{"_sessions":{"BVW+hw9HpPyvaw0ljbdxZYtRBxFV/Yx9/LXdj6xrZ9Vj":{"registrationId":812034967,"currentRatchet":{"ephemeralKeyPair":{"pubKey":"BSDqxv52AL/vVlgicCZAdmyxKlt89CHHKjiMXEzB4+o2","privKey":"aCg7da00BYPX+Re9mNphTXZbw+RxkP9b99OThKqyhGQ="},"lastRemoteEphemeralKey":"BdzYDZBARaa+CaACd1clbMyWX1Jk9mCPYA8xjhbbUmcD","previousCounter":0,"rootKey":"pbi8AiZMIPx7CvQy9LE11byuuAwMmwD73rIkWNDVdE4="},"indexInfo":{"baseKey":"BVW+hw9HpPyvaw0ljbdxZYtRBxFV/Yx9/LXdj6xrZ9Vj","baseKeyType":1,"closed":-1,"used":1755720109965,"created":1755720109965,"remoteIdentityKey":"BcwCCYt/Q4PMw2x2ACRei1oW457EroizliI8fgtlyF0L"},"_chains":{"BSDqxv52AL/vVlgicCZAdmyxKlt89CHHKjiMXEzB4+o2":{"chainKey":{"counter":12,"key":"+TGhfLcBdWagMaIqz49N0JgEprUGucvbLE6leuNRCS0="},"chainType":1,"messageKeys":{}}},"pendingPreKey":{"signedKeyId":38,"baseKey":"BVW+hw9HpPyvaw0ljbdxZYtRBxFV/Yx9/LXdj6xrZ9Vj","preKeyId":3007971}}},"version":"v1"}