{"_sessions":{"BTeV0pruWmaYtqfa81JwxApdbjJGV/KZoKCcRHIYtg5E":{"registrationId":530033617,"currentRatchet":{"ephemeralKeyPair":{"pubKey":"Bc9knahT+OsDWjV4TXYtkPN/ZCpTuobd8Ef/+cLY1/B4","privKey":"uGTboymHqIMgREZQdVNl++GQnO/lFhaMd9xTDw/I8U4="},"lastRemoteEphemeralKey":"BZJP+e+2M4xUFNHoF112iWVVcHrswc0++j5m15+0W9xz","previousCounter":1,"rootKey":"D2AwZOVFO9hupdeCx0ZRQ5dhIkkGi/WB+GJQhodTGBo="},"indexInfo":{"baseKey":"BTeV0pruWmaYtqfa81JwxApdbjJGV/KZoKCcRHIYtg5E","baseKeyType":2,"closed":-1,"used":1755720198484,"created":1755720102174,"remoteIdentityKey":"BZkKIusoLjak9ICNc3zNL1CiWlmzTn7oRx7ZtrvWvT9V"},"_chains":{"BZnr+fggoG7Y3+YCrW+bPJHsnPW57wRCx2b8JzGpYfhW":{"chainKey":{"counter":0},"chainType":2,"messageKeys":{}},"BZJP+e+2M4xUFNHoF112iWVVcHrswc0++j5m15+0W9xz":{"chainKey":{"counter":0,"key":"+L0qLN8Nc2TUMx2AyrdoiXke9Gmzp2rw5apWJtUyX7c="},"chainType":2,"messageKeys":{}},"Bc9knahT+OsDWjV4TXYtkPN/ZCpTuobd8Ef/+cLY1/B4":{"chainKey":{"counter":10,"key":"l3hqKXGKkGcLrw/Gqz9S/PH8hn0Xo5gmttM4NKIME9Y="},"chainType":1,"messageKeys":{}}}}},"version":"v1"}