{"version":3,"hash":{"type":"Buffer","data":"fXtQSqHpLqqxt1CJ8XGq7Vb8isgZKxbwyq6f7oDm7Vp5sPEAFWdtii9RVLJSHIteaVsqntIWESSSdywQcsv/SdVOcbW4OEcVuQPhLIc1PnZUfBYp6ps8NZydrZ3lC8gmFEJbcZdK3yVUJKlItrL5uNP38nbVgUHqum849MlclgM="},"indexValueMap":{"fBLOLMNyuf/9/O1bNqY1jn5Te71ZYogSjxHQZkYcgpI=":{"valueMac":{"type":"Buffer","data":"egNHz6n0hGnaL+rMma+W5IzXNU9sv5wN1/cg6tZiAY0="}},"EehSQD6eXXisu6a+mLq6SjrxGrVFQlHb4opjW1vok4A=":{"valueMac":{"type":"Buffer","data":"6EXRNCpaaNHHrzQzHawGhvEUoYhYECibU2AGbjlp4yU="}},"HwxpQ/8uQJAKrp1W0o2OX+eTyQV18DiK9YjsdPZ/PKM=":{"valueMac":{"type":"Buffer","data":"qjznVCyEFJd9HegyoUDbDBnXcuRiygf24PL1P5Uy4UY="}},"o+CaCcPHvMVd9MNbnWdKAIECIFLsEqhxA08Ae7ewZSk=":{"valueMac":{"type":"Buffer","data":"bLqYvG1bRxF7hNvRevKqXmPpOjioCqKLBuctnZ8/uEo="}},"WQ8qkf6skbkJV/1O7AoMCAYBC3/y0Ms96pjj4cEJhw8=":{"valueMac":{"type":"Buffer","data":"lvyYqPFg3KAKmEf4UYoCp8xSZbdXcQjdpWtcmpMg/dQ="}},"V4cg1YDIfC+qGtSkX3RJFuZSF3mD7urHo0VgpXe6FGs=":{"valueMac":{"type":"Buffer","data":"N3V/QoHZUdc6VaE5aeVhORkJcfMn0oPZxOvg5pmwdH0="}},"NFgKNtwPpKvZ+o91i7J79uZGal7oTvqOYWN9tfScElc=":{"valueMac":{"type":"Buffer","data":"TKeq+EYp2f3cltRsTApKpg/52rHYAjNVGehYBunBuhw="}},"TZvKS3lVgXbY/QKFJsuXS7rkCI7fm5tFKfwjKkLP53U=":{"valueMac":{"type":"Buffer","data":"Jp/TZFXBzMe1M5nBmneuj6ABHoP3VeTgn0BVLEBFYwg="}},"9nL5J+4wHf4QhW6hbGTUwb6Qs16Hwq6xbNhATAHcr9o=":{"valueMac":{"type":"Buffer","data":"2hcA/2Z8ldSCZTMFioLkEt7ElMbzseQ4so+cigVBt5M="}},"mi3M1onHFT7934mEwBEcJgRvY6oHTEvgSK8piOG+pQI=":{"valueMac":{"type":"Buffer","data":"SgryLAztohRKOG/gKdGsTxfPqppxNDWB+QfnDimTjUk="}},"p0Mef1/BzePp/rBjVuzN9G4tPCMxLeBfD8kaKkvpVAI=":{"valueMac":{"type":"Buffer","data":"9Ww+ROk5vqm+CO0M7jkzG9uNBBGZ+d72P72VYtb5wmM="}},"HorjZ8BoXa9MCOQbRFp9+NvY3mR7inf8yJyrEttJBzQ=":{"valueMac":{"type":"Buffer","data":"HawHZT6RUBz/ohBbFji6dbilRexReD0PkZj4vv89xuc="}},"KIyQ5FFycR/KDKERRklgz9fb2ATOs1DT/jZt6KjIt68=":{"valueMac":{"type":"Buffer","data":"2Vnuy9hL99Mve6oO09bPLeLkucnfTZ/8XZh3hkv5VBg="}},"PZ7oUag0p82q56nZPnOw6uuEz7F3Dg2+Hbim5unOoRc=":{"valueMac":{"type":"Buffer","data":"mzURAd+RPV5fuv0OC3b7SQQls2zkEwDw3/bxbDYC0YA="}},"8r7dLV4oTaGSEzeZHZLv6s/I1fRPP74Ge11Oe0b/AMs=":{"valueMac":{"type":"Buffer","data":"CZ5avljVvKDxaKOySIeXBX0/8OcMr68pKTHTxhnM+rA="}},"7C9C5WHFzP+yMmjwFTefkDURyL4tljYiu/mTylr2oLg=":{"valueMac":{"type":"Buffer","data":"LlcQ8sHhMkoL1su0eLoQYGbYITxjgVR3jvO/KaJfT+U="}},"Ieq30yuZ5Xcepj9/qPpiRtuulpswlUqX+NoGNLS4wdg=":{"valueMac":{"type":"Buffer","data":"hzzAkKEWOpYQrQWpguU8FghhLEWF9kQDJ6rKMW7dxOk="}},"W6wLwB4Yo0ZMql2g4AZvPSLplhTMJp9FuOfZLYsJeUk=":{"valueMac":{"type":"Buffer","data":"v1w7dBHjY7XXcSzeVqYMdwvycOZmpwZ67QzNtI2bGFQ="}},"TthuKHVwXZ67U1CLVKuyRrVt5WQXnvNGbJFQNFmoJw0=":{"valueMac":{"type":"Buffer","data":"34EpmUqAVcULDi5Au60BKUI8/zHGn9K2ALvgRmInLKo="}}}}