{"version":18,"hash":{"type":"Buffer","data":"MmtgAkgvN9hoq1HKJXUX+6W7HZtAmg2gCjILa7XeqrSI3C+ZgiXjz2v4Bpswa3Z3NvoKEDFoPoJIZgl1arz9hhc00sC9ABsg2xSsBv38a4cv+cRIYybXaLhTtB5DxJbn30OVYSmHYcYnJAW3m8OQb2rJ9BSVGNuffjzEGVUoOig="},"indexValueMap":{"ESwSIgK2Ad+5KNQrG55XVFSRw6hK9q/NYbURcic++dQ=":{"valueMac":{"type":"Buffer","data":"4jLZz3u2ry5ezAgkXiemKf0+OSIpPOId4JgqIIzoqq8="}},"pbJVALWD3cMdARC6AwQnWPfgCNy5TgbB9PG5gf4pmQM=":{"valueMac":{"type":"Buffer","data":"ShUtlCI0sCADSx1X/AdwspXKRTFVqsFcj272B6hw9x8="}},"3t3grIesXsMCm87H3qRmTScrBpvr87HOv1MfE5d/THs=":{"valueMac":{"type":"Buffer","data":"cR+SwRzYMIMIkEQ9PJ+IjEjxI2wB6SOywZlW7RhE1DI="}},"26Mje48nTn2nenOHxXomwaz2WIi9h7MvScKeUlws8y0=":{"valueMac":{"type":"Buffer","data":"LZx0nYw4ioLyn1ANCgnTii2M62+FOFSJ39cWw1pg8Ek="}},"+FQ9PeTaM9Yx7t/nD2fmc4ZRms2vnEXwyhdVzV1FBpQ=":{"valueMac":{"type":"Buffer","data":"mgYOK9EvoCsONHLtXP2KqD8pNtbN1wDARdrE76Emn/0="}},"hTOCPCx9iOB3axw7/aNalCktq9XXkz0C/7sWCBKHoAw=":{"valueMac":{"type":"Buffer","data":"3okXQMNfZp2QrTxu5+dS83J7FyOIiau6zMmbugRhSN4="}},"g1/1+tbdDZ1mI8+2EQbYE6hPlkczTv57DCKYEeedUMM=":{"valueMac":{"type":"Buffer","data":"XT3tlXZPqm69x2uVt37SIBBvlBEC+24D8CJDI4KuRwU="}},"w9ONR3CGL1QbXireC1i26QHfF+mAuMA7RTxBqtnsbzE=":{"valueMac":{"type":"Buffer","data":"VhWUGVIQSJf6JlQ6BeqlH2UCrJHwxJUvZXeXXAo0sxI="}},"z6komjiOwmD0JEKX080A1FQ0aLWJ1MLHdPyeHdq+wyM=":{"valueMac":{"type":"Buffer","data":"zlTh+u+nVjNEQnib7/pxXpgTu7TqWZZnEG2KJ/XPhnI="}},"b21LgtoVg3DD0V1PqxWrvDAWxL5GiCEIsYIBKLC9a/A=":{"valueMac":{"type":"Buffer","data":"Ztfk9KMHxZcaOEc+NoEmQFNEBzWBcBkT1Vkl1RzpBJU="}},"/3qzNTAkttKvnzuHILrQd/3meqVxW/3eHlPJY5GTsnA=":{"valueMac":{"type":"Buffer","data":"HM95amGZrTjOeRpJDmY0XkNa2TEjXCHkBMUOmZDhh+Q="}},"55x15Zgm0U97Svqy8KVF2in15hEFfzEHrSar4ZUFERo=":{"valueMac":{"type":"Buffer","data":"AHqv6o+au6eAd5ooFUmrSmRTiucp404QdGHUaIufEQw="}},"I1jSHcJjB1AMv8k+k8r7ZsmCfTfLftXj7UAgfasPVVI=":{"valueMac":{"type":"Buffer","data":"b/ggMv6ui025Ry/hbdO/TJx5zUEUF4WGNMTTDiFkbgk="}},"i/ndr8W62QdjzkB1aacbeeLO6tK2BXQqxNVrbRnHymI=":{"valueMac":{"type":"Buffer","data":"xVZGbIz5hgj3ASxSzq0CCJu14rFc5H1k9WMyvHPGbtM="}},"CfaVqefuG0kMMDvZ6HYqdH3MqLL+6VBfNBqpE5bI5ik=":{"valueMac":{"type":"Buffer","data":"rbU5/1G0rHFQJ58eyRPEMZwrzWuT4RRw/s06RxtzdHs="}}}}