{"version":1,"hash":{"type":"Buffer","data":"K6FAwPwvjElnjjyL4KCWCIS4oNvaAf8IxSLQf497f5hEbCUn3jO9/78SPmiIBRM+B1g6mRxl2nYNmCgX0FQv28LZqkO2vjnShYvHLRh/jY9kKnvjRbGw+/jfW22M5QBeEwt7iouWTBliajNnlEizhlfG3y1ZcNKqfYb0owinF/M="},"indexValueMap":{"hwJl+9lvCt1pIRv2TeAds1nqhxF1oRCoEnwz/3c/HRY=":{"valueMac":{"type":"Buffer","data":"7OAUtlIMlAjui95ACbAoT9/qnTQ+bu07xiBBExnePqY="}},"22V9LpbG++51asmO47SqiPuyKdSOtvYBmwcjbkPLxCs=":{"valueMac":{"type":"Buffer","data":"GRNm+uQOkp+FiAm9Y8u2c2ysYLOiVvx72253A8UbziY="}},"ZGinhqWPtw7mjKx+G9fWWHCjrF7iCzIIg1DFkf9n5mU=":{"valueMac":{"type":"Buffer","data":"quQ574+JNd5vGh4A2+is+QY/Qp2jfrTA9i+gSwY+ASg="}},"TMda1Lnn8kjXEg5aLHoV0ujFiM+HOT9/rOUaRu6+E+Y=":{"valueMac":{"type":"Buffer","data":"rjRbZeaUtv7kIGUrgLICRS4Q2uySd5KIpS0U0+QVhiM="}},"ceKo0YuUjgQOUZaujrcHvnDLsWJpvR0XI2NZtCiZsQo=":{"valueMac":{"type":"Buffer","data":"pHKQ3GX1i0ZwTxfWUR+33CjqZ7kY2U7TH9EgVUnLHj8="}},"92i3clSK9dq9p2YIZZKALL8euUppumScA8RXv5m/Chk=":{"valueMac":{"type":"Buffer","data":"OK/F0gL9JY9qZ+hP9MTM+pIwBgPUKq6XkhNwvd2PpAE="}},"X1JVUHag94ZDevaqIfO8aCrHWocheeZ90RzoFYhdCa8=":{"valueMac":{"type":"Buffer","data":"YxVePTf9eCNmCQQgrSf7SSrQFlq6sCLAFzW/aStydi4="}},"HpKYBz0pEB7kqrTQxoRxpo9vCPj1PME+6xt77GUpFnE=":{"valueMac":{"type":"Buffer","data":"7mTXaCXQhkOWjkhjlTZjqkOEmqxAhaIvpl1e5o2SVG8="}}}}