{"version":1,"hash":{"type":"Buffer","data":"QErioe+xvsikUU85/uVFCCnJ6ZzSUHKBGEAi/JVVf+L/twTH/GePgpNkU62n0L755Z9e0kB43Q1Vn07fg8mWgkP7f8NRHfSEFBkOR1yBAlsEPBbCEia45UNuiGBA09r/Ffa0QGfjHjdWMg/G0vum4obnclRdiNpboz0k1wqV+ZA="},"indexValueMap":{"rY+HTylzdG/mcvdQJM7UICU1M0voxDwE5P3hqRzTDgE=":{"valueMac":{"type":"Buffer","data":"54CvIGJxoBGGyAwUJ6IbNBihR3u7JJoFZmjotG8J/c4="}},"QhE6Ow2DNF0COkxf68OdrdRAJQWq5XY6UfjwUEBHgxw=":{"valueMac":{"type":"Buffer","data":"5C3/CURT7wtfT2T6TMmdNeGGw4q1jHUQX9tglPdCavQ="}}}}