{"noiseKey":{"private":{"type":"Buffer","data":"AJKB22w+gs653vPAfpakdmZDvBBzyfDJnCEiZYXZJnI="},"public":{"type":"Buffer","data":"JP0f9hvTZGWkat2zKHXEH+sblGN4iRoAiZ+LvxRQ4Ss="}},"pairingEphemeralKeyPair":{"private":{"type":"Buffer","data":"KN5pYUXkiMoczLUhywDL9vHH5sB9ddFD3PZC+BhAQWQ="},"public":{"type":"Buffer","data":"EvfT3bnz3h256RR6AKr+L9WD9daWeU2bVk6RmTkejFA="}},"signedIdentityKey":{"private":{"type":"Buffer","data":"GJ0zONpORH7Un/StgCOlmwzTbl0lYs1ReofKLA2a6mc="},"public":{"type":"Buffer","data":"YZMkPxQKOW4SFwamJWTkPpXpJMqrR2eMFv1/HF4zBw4="}},"signedPreKey":{"keyPair":{"private":{"type":"Buffer","data":"MFwofke7PWVekS0VOnd8idzzn9HsqxTCixX6yzLE5X0="},"public":{"type":"Buffer","data":"hn574bH+/cpI1bsNL7YPXSHZEhqBHazP0ZP9op1NYzE="}},"signature":{"type":"Buffer","data":"AzJSzplXFGIiU9CHbITyvATGFlglsiBIkKyXxgTYpczi2V+l58K1thz8J7/I50N8NxjEqvLvInRfEriBBBg9gQ=="},"keyId":1},"registrationId":93,"advSecretKey":"0GwkcDFjNZw77hICI2TAL/qbA0J/r+gdjhMe1meH94M=","processedHistoryMessages":[{"key":{"remoteJid":"553496741592@s.whatsapp.net","fromMe":true,"id":"A5C2208221D5E21CC9164A01D8AA3520"},"messageTimestamp":1761603267},{"key":{"remoteJid":"553496741592@s.whatsapp.net","fromMe":true,"id":"A57C646B046C3A20BF61E1A6A358458F"},"messageTimestamp":1761603267},{"key":{"remoteJid":"553496741592@s.whatsapp.net","fromMe":true,"id":"A5C9D3F2E5CD1388A50E9B1D74226AA5"},"messageTimestamp":1761603270}],"nextPreKeyId":31,"firstUnuploadedPreKeyId":31,"accountSyncCounter":1,"accountSettings":{"unarchiveChats":false},"registered":false,"account":{"details":"CPqw2JcHEJnd/8cGGAggACgA","accountSignatureKey":"T17D+3BkSwqZVpSHf8DfjU4DJ3vTnNPuXwhF/lHjei4=","accountSignature":"/dy3ylo6wKwK4LwE/1NJ2Alirk+DcdF+IDdj0V+cGqXrVEczEG1WyHl8IPMV1DMr2tJC4c3oREuEvbR8d0uxCA==","deviceSignature":"99UgKjSDcO42UKETxnV/U8DmbDkvtu6FZG8KHqOIMD1GFVmap5NdEYxf/6GpIygFQZmUhVTP2pgbjHs+h2IwjA=="},"me":{"id":"553496741592:14@s.whatsapp.net","name":"Dark Star Agency","lid":"9385124298875:14@lid"},"signalIdentities":[{"identifier":{"name":"553496741592:14@s.whatsapp.net","deviceId":0},"identifierKey":{"type":"Buffer","data":"BU9ew/twZEsKmVaUh3/A341OAyd705zT7l8IRf5R43ou"}}],"platform":"smba","routingInfo":{"type":"Buffer","data":"CAUIEg=="},"lastAccountSyncTimestamp":1761603266,"lastPropHash":"2DlyAg","myAppStateKeyId":"AAAAAFn7"}