{"_sessions":{"BV6XxXNIhfFIeTf+s6+fMCoszruHnUR+rkJHWwfsga8k":{"registrationId":279175838,"currentRatchet":{"ephemeralKeyPair":{"pubKey":"BV6VvBIPB5M7Tvx2rI/bCcJeo1XxL26B1P4bBK1/ockk","privKey":"2AJuL0qMDXuKI/TzuQgM/1vgbUFt6ApOmMXxXa+0JmM="},"lastRemoteEphemeralKey":"BRMcWxLAAqZCCOiAMvnGMivWUSbs2mThUjeFVQudxKIm","previousCounter":1,"rootKey":"FNdfCmmhdAT0sfzkL7NNR8Nb1czMxYzYPH3v4Nr/AO8="},"indexInfo":{"baseKey":"BV6XxXNIhfFIeTf+s6+fMCoszruHnUR+rkJHWwfsga8k","baseKeyType":1,"closed":-1,"used":1755543298908,"created":1755541495183,"remoteIdentityKey":"BW3QvQabz1V/Wt3zhRLAvF8Kg/yVAUQI0DULXXWV8XxH"},"_chains":{"BRMcWxLAAqZCCOiAMvnGMivWUSbs2mThUjeFVQudxKIm":{"chainKey":{"counter":0,"key":"lPN+8a98YYFlKKiVrystT0GkBMA7rruGhUxhmB6iquo="},"chainType":2,"messageKeys":{}},"BV6VvBIPB5M7Tvx2rI/bCcJeo1XxL26B1P4bBK1/ockk":{"chainKey":{"counter":-1,"key":"nDGN0KX0OKyKwv1+Mlu0UfU0ISl+m3DmdWo9alT9vek="},"chainType":1,"messageKeys":{}}}}},"version":"v1"}