{"_sessions":{"BTVDfu9dpiwZnDtul1322wSLu+14hZc9FVZGpQx5tYJA":{"registrationId":1418835133,"currentRatchet":{"ephemeralKeyPair":{"pubKey":"BdF5KGOpy4fBl6qUMp8yW+tr/vVbHWdibtvpci+Fcbwz","privKey":"uKDWUuV64qTPZmksmshUgj4v/XlztGMO0l0SPvzbg14="},"lastRemoteEphemeralKey":"BSK811pEy/1vFt6nt9lPJ1dm09ndZpHCpB9Pq/668ddP","previousCounter":0,"rootKey":"xqDYwz2mV+6QkHLFCX+X4NHwMs4XbonOPMM+WT2MhRc="},"indexInfo":{"baseKey":"BTVDfu9dpiwZnDtul1322wSLu+14hZc9FVZGpQx5tYJA","baseKeyType":1,"closed":-1,"used":1755720109996,"created":1755720109996,"remoteIdentityKey":"BXNkp+69kWSDuGu9gjYKCCnCEv8TxLjJdht2QhfjBXoS"},"_chains":{"BdF5KGOpy4fBl6qUMp8yW+tr/vVbHWdibtvpci+Fcbwz":{"chainKey":{"counter":12,"key":"2lxTWIzncyhqr074Kj0JanWgMlHMipjv3coCwEaJn+s="},"chainType":1,"messageKeys":{}}},"pendingPreKey":{"signedKeyId":31,"baseKey":"BTVDfu9dpiwZnDtul1322wSLu+14hZc9FVZGpQx5tYJA","preKeyId":1234691}}},"version":"v1"}