{"_sessions":{"BbsHxnHF22VYx1ZPWfR8afCHnvzVyMCLQzbiU0huCcch":{"registrationId":220,"currentRatchet":{"ephemeralKeyPair":{"pubKey":"Bd4YuxfebI+7kpoYaC+FiifLKxjvR7MPuSr3wp8WdDIW","privKey":"2EUDAiRYWE3HLqBkslaLO7dwBTaRbudkVOfONvWDqnc="},"lastRemoteEphemeralKey":"BSJjmlIIcXawxJbAM11bHpWquPnnAq/WKeOnimMjov8L","previousCounter":0,"rootKey":"tnbtCS5sBX5lPrDWXuSetG56kSmAvGfFPxn4aKTC4rI="},"indexInfo":{"baseKey":"BbsHxnHF22VYx1ZPWfR8afCHnvzVyMCLQzbiU0huCcch","baseKeyType":1,"closed":-1,"used":1761603334738,"created":1761603334738,"remoteIdentityKey":"BeUGdNoHuynF/xCE+ZYSXBdQ8jEe/lYbY6be4VmnUVde"},"_chains":{"Bd4YuxfebI+7kpoYaC+FiifLKxjvR7MPuSr3wp8WdDIW":{"chainKey":{"counter":4,"key":"WRwIbtX90TsJ9dIFPnYcG21x3KvxFElzrjiDWjFDEPA="},"chainType":1,"messageKeys":{}}},"pendingPreKey":{"signedKeyId":1,"baseKey":"BbsHxnHF22VYx1ZPWfR8afCHnvzVyMCLQzbiU0huCcch","preKeyId":8}}},"version":"v1"}