{"_sessions":{"BTeFhrJl+1NlZpzvuCAKLYTueCNn4jj6aafJkntC+tlP":{"registrationId":943330353,"currentRatchet":{"ephemeralKeyPair":{"pubKey":"BeAYQ4QVdyXfviLWpG5kC37Jpx2pXR2ldalwpfjyuRIx","privKey":"MMYXl7xmcGQF7aXgcF/S8Wgx9CDSi3idnFDL0+TmaVw="},"lastRemoteEphemeralKey":"BUliL+yMwrC/a4vWKFjU+w3G5TjuysTqe2xSmQUzlZ1x","previousCounter":4,"rootKey":"oHKPiYlE/ZQE12dpcQtJi9nj9CZrPfVBeFodgp1uy2k="},"indexInfo":{"baseKey":"BTeFhrJl+1NlZpzvuCAKLYTueCNn4jj6aafJkntC+tlP","baseKeyType":2,"closed":-1,"used":1756723384185,"created":1755068777231,"remoteIdentityKey":"BUQIqOuvBHL+ZrROLKkKqt5h930NrLP90F3IF93ukxI/"},"_chains":{"BR5eKE+q28BpdLJ7eumaxakB5yRaJgti43MYmy3n2r4B":{"chainKey":{"counter":19},"chainType":2,"messageKeys":{"10":"CRcAynDNEsVopV05mDqB1N2uvbOt7x2aER1oJV8tSzA=","11":"9xJFnD0ZNxXjmlOWhhkVogsH5DEDcY41Om8S7Cuto3k=","12":"uiGWwXIsz7IWJrLZgyj9xwz2jINioLrvUOpufAVj1U0=","13":"dKJknvkDUWQOBWwI6EfHNMmUjwqSoHUlPpiWV0JHElA=","14":"xt7E1eWBbIRuNckyjC2yxk7bXxzNrCgovomnbALQaXQ="}},"BUliL+yMwrC/a4vWKFjU+w3G5TjuysTqe2xSmQUzlZ1x":{"chainKey":{"counter":32,"key":"+hvxCS8WTSHD+gpTokHf4rBuseWvdwTizpL/s4fQ1fY="},"chainType":2,"messageKeys":{"0":"BFLi69gLY+6pjANQd5VtgCPOGCTqUEt9hw5YUWbEu8M=","1":"M6XmpCkzGESokyfabPpxUv1XVg1OTZ5PrNW7UZrOojU=","2":"YThAofAyfSyAJJbPs9VrovjQiOF/Ch9hX8KX8k7upRY=","3":"Po41KnNzUEz+UTMBw3Tlb4Ui0foCQe1fxXVXZ35z7cI=","4":"hdaO6bviRV9cEQgX1AZHqmVmo2JEoN/ooXztJXDO4mI=","5":"vykqQRIA9F1rFQwGkNMwPMpFeWimrLplxThSRWSPqEs=","6":"6xtxJrKO4jubTswgTdrhGqLmrSqVExA7PhDJHHWdTX8=","7":"bEeYH5NKKBxfMNbmYOAkfr3b66BG8lT4nZmk/1V3SB4=","8":"mqX0l6GLAQpC5B5TDlV9NFaWv21SVyvXJybBdqViv0I=","9":"xLwGdPq/0RU1uvJGRjR5+JqbD7ojbEKlzJsaoa14OYc=","10":"cFmku4WYnSQydzpKtg05jNAvimPeqbqZ3CXacyRpQ08=","11":"l4JtLb96o+idjKxtWB8fVeMIg3bKVII0iSl2vGVZeXU=","12":"Z7Ez1pLGpyBc67hdCr5IJb+gAXPs5bI5bO1CbCMmHbk=","13":"K4p9dHcIgeT1w2K90FQSYpad/4nPKLGpwcJyCel928E=","14":"JwPiyPW1/V0sIsLjXzsTVkVqp0S9pyQ5e3qhFGkUhUk=","15":"cvuSx0ECAD+0mxZKwcU1R+giuXV5uifFgN1z2WInP5o=","16":"Wfnh65bQBL1t2TcSHe2qukVuwivZFdvYK42kvgjW440="}},"BeAYQ4QVdyXfviLWpG5kC37Jpx2pXR2ldalwpfjyuRIx":{"chainKey":{"counter":-1,"key":"RXSff60NkI5d23/T0Ec9xn9p36aSRZmm74rB7EDGkW0="},"chainType":1,"messageKeys":{}}}}},"version":"v1"}