{"_sessions":{"Bf6Quh3lTjdg/OXeZcyrriC5w8pkgI1FHZVv4oCyyyEO":{"registrationId":1892494972,"currentRatchet":{"ephemeralKeyPair":{"pubKey":"BfrWYuOgkSrITr1AUQY0ezX4JYu6R2ZszMjPSrqlSYJT","privKey":"YAOzNtOykLxWst+pikj9HPXdS6ScFRR+E5XxLrnxyUM="},"lastRemoteEphemeralKey":"BROtIYaJtIqucn2FNFi1mu+10fq4zucpOFBJalKxfBZ9","previousCounter":0,"rootKey":"QM0+6RWBu+AFtWL/jQrRMjENMkdWp7AHa71LMoSm2i4="},"indexInfo":{"baseKey":"Bf6Quh3lTjdg/OXeZcyrriC5w8pkgI1FHZVv4oCyyyEO","baseKeyType":1,"closed":-1,"used":1755720109993,"created":1755720109993,"remoteIdentityKey":"BQvk/p5kqXal0San2+UyWDjrIyd0EUwz35GE3hkjvAg4"},"_chains":{"BfrWYuOgkSrITr1AUQY0ezX4JYu6R2ZszMjPSrqlSYJT":{"chainKey":{"counter":12,"key":"0UcZCj63JOwaxJHtRKlPLsG20er0TGPaMjgJ80CLjIk="},"chainType":1,"messageKeys":{}}},"pendingPreKey":{"signedKeyId":6,"baseKey":"Bf6Quh3lTjdg/OXeZcyrriC5w8pkgI1FHZVv4oCyyyEO","preKeyId":6103270}}},"version":"v1"}