{"_sessions":{"BaqvbdC4uzBX+Y3PWcM935hjGwJY8caKuivjEuwJwwcd":{"registrationId":591093873,"currentRatchet":{"ephemeralKeyPair":{"pubKey":"BZULVwke9dZbbS11Ys9weYO78C4WoOJVuWuZI7bK0AQd","privKey":"MA4fZOAyaq0zsEtA63IAIsM+BlSs7yU0+raeR+zEynQ="},"lastRemoteEphemeralKey":"BYDLoGEvxAnMmpcOa79ebW9ROcVtFniEEYTrfhuACLwr","previousCounter":0,"rootKey":"+/OyQMjOxUCxAcMAeFR4eYPma8lvWkaYcC496lSF9Sc="},"indexInfo":{"baseKey":"BaqvbdC4uzBX+Y3PWcM935hjGwJY8caKuivjEuwJwwcd","baseKeyType":1,"closed":-1,"used":1755541495172,"created":1755541495172,"remoteIdentityKey":"BVjq/aFWHLT/WrBCq23rsQBZ1SjHW4755+qqZCmhm0pn"},"_chains":{"BZULVwke9dZbbS11Ys9weYO78C4WoOJVuWuZI7bK0AQd":{"chainKey":{"counter":1,"key":"TMtyZQEzX3fPGcb/k5+KWO3s7ETAFnYIK6wCJBeH6j8="},"chainType":1,"messageKeys":{}}},"pendingPreKey":{"signedKeyId":1,"baseKey":"BaqvbdC4uzBX+Y3PWcM935hjGwJY8caKuivjEuwJwwcd","preKeyId":843}}},"version":"v1"}