{"_sessions":{"BbcFOKQusCBw0vqR+s5FzjgLxSCJ01JKO3smqZOW4sFZ":{"registrationId":190566061,"currentRatchet":{"ephemeralKeyPair":{"pubKey":"BVBc3fMInSctzxJ1yw0PSSvs/oN7GTJm1xIfRWgJl+R8","privKey":"QKqPzmkLebO91eVw+mzhu205hu9pHEuVrjaHXsmyYEI="},"lastRemoteEphemeralKey":"BaoWKseogNK3iYKT9afkz8Sw0xaufqi7xq58LXcUKyIe","previousCounter":0,"rootKey":"NLu+eonWIe6o8duKLnepWyJORS54R7237wbb20PGA1c="},"indexInfo":{"baseKey":"BbcFOKQusCBw0vqR+s5FzjgLxSCJ01JKO3smqZOW4sFZ","baseKeyType":2,"closed":-1,"used":1756723388052,"created":1755486186620,"remoteIdentityKey":"BcuC4UEEM0sbE5iC5QHu4Wmd07jogGlREWzPmjbZLXsF"},"_chains":{"BdP8LQJTFS4uAmAWJu2uJspBy321+ZC1gDeShRUCnvc5":{"chainKey":{"counter":5},"chainType":2,"messageKeys":{}},"BVmbNrOjhP3tEm4ZCCM05bHePbB5aM7NnpeKzdgbGdcF":{"chainKey":{"counter":0},"chainType":2,"messageKeys":{}},"BbCMNBRo05/vV/ncSEzEkXqVm5r3+r4eCHLi9X9fBR0l":{"chainKey":{"counter":0},"chainType":2,"messageKeys":{}},"BU1iNZ8DtytpCJXjTUe8v9Yw4jQeKoguCnAZXyUwBtRV":{"chainKey":{"counter":0},"chainType":2,"messageKeys":{}},"BaoWKseogNK3iYKT9afkz8Sw0xaufqi7xq58LXcUKyIe":{"chainKey":{"counter":46,"key":"FZd+bu0QSF2OY+5+RNkswBaO9FE2XWJs7Z76SMq1FBE="},"chainType":2,"messageKeys":{}},"BVBc3fMInSctzxJ1yw0PSSvs/oN7GTJm1xIfRWgJl+R8":{"chainKey":{"counter":-1,"key":"HeAG/y25P6iLx0JJFHEVmsg3D7FJ67BbnOPKpah4VCQ="},"chainType":1,"messageKeys":{}}}}},"version":"v1"}