{"_sessions":{"BfWnN7k9p37n9+NzexO6Fmp2FR4C48XJS5RY7cfjA6lc":{"registrationId":76079768,"currentRatchet":{"ephemeralKeyPair":{"pubKey":"BVScH9/exYXHT4ETRFCEul3oooGaR85L5MMDmrZMg9t/","privKey":"OMC9rPI9vuCfTUDXQ+XfTf3bIrJfiF3+fJX2X4VYgnY="},"lastRemoteEphemeralKey":"Be1v4j5XgL8vrba/C5oJTnI3fpp2cn9oJs1zw5hMF7Nl","previousCounter":0,"rootKey":"40V2R6hWEmHrdH+U5IfTk4OU4zMZbykRMFHmy1+3IWU="},"indexInfo":{"baseKey":"BfWnN7k9p37n9+NzexO6Fmp2FR4C48XJS5RY7cfjA6lc","baseKeyType":1,"closed":-1,"used":1755720109982,"created":1755720109982,"remoteIdentityKey":"BSTE61GD4F5xIXAROB0a6OGXveG1iYrP3gUq8Dqc3IEr"},"_chains":{"BVScH9/exYXHT4ETRFCEul3oooGaR85L5MMDmrZMg9t/":{"chainKey":{"counter":12,"key":"n1pZpoZG1uH/ToygKapuLGlZRaorZuuQlVL5j+yKJ1w="},"chainType":1,"messageKeys":{}}},"pendingPreKey":{"signedKeyId":1,"baseKey":"BfWnN7k9p37n9+NzexO6Fmp2FR4C48XJS5RY7cfjA6lc","preKeyId":13054199}}},"version":"v1"}