{"_sessions":{"BR1Cv+kTsyz6sMJU045yMQ6ctlrOu8VdUDvxWunxzjRv":{"registrationId":1013424988,"currentRatchet":{"ephemeralKeyPair":{"pubKey":"BaV848ezt1/kXasfsFqDga9Rc87flISieoHySCFekqtY","privKey":"8C11t3rJobxi9cNf8TZhBBRS+1QolS91wzGJ2bOW9mw="},"lastRemoteEphemeralKey":"BZoWsDSwP+ArHF6Zc/ESVo5EK3mzRocLhbmb5yj3mngU","previousCounter":0,"rootKey":"4Zkl/oHep3/8AgUmCnEu0aOuUmPSTG6OAT7OwGCyxzg="},"indexInfo":{"baseKey":"BR1Cv+kTsyz6sMJU045yMQ6ctlrOu8VdUDvxWunxzjRv","baseKeyType":1,"closed":-1,"used":1755720110046,"created":1755720110046,"remoteIdentityKey":"BRfDDQ9EEq0u0aUeE/L2MynEi0j1ubCfK/FwvMwV7ccq"},"_chains":{"BaV848ezt1/kXasfsFqDga9Rc87flISieoHySCFekqtY":{"chainKey":{"counter":12,"key":"q3slUKRZrdEtRJeMQt0zDDY1lvZuYUH/dbXDiPfQq1U="},"chainType":1,"messageKeys":{}}},"pendingPreKey":{"signedKeyId":1,"baseKey":"BR1Cv+kTsyz6sMJU045yMQ6ctlrOu8VdUDvxWunxzjRv","preKeyId":2111828}}},"version":"v1"}