{"_sessions":{"BX99wlhoy82lcid5aw0nIzQ+TTO3EVb6Pp2hyKxQG3UO":{"registrationId":1688061340,"currentRatchet":{"ephemeralKeyPair":{"pubKey":"BeCY6gzrfFrlln1Yl1N8YZcdVNaOZPwFfbi+9JSi8NUP","privKey":"CM1Hw7HRRIfrdGaP+VdliPZJlVmxLk4YhAB+xMO7qWs="},"lastRemoteEphemeralKey":"BWyXcueEelX1APMW0m0fA1F2GDjffDPfj3zeC9Y1nqpN","previousCounter":0,"rootKey":"M//YTSp22wMHfQBsZBla91iLKKf6Evcna6+NERi/aiA="},"indexInfo":{"baseKey":"BX99wlhoy82lcid5aw0nIzQ+TTO3EVb6Pp2hyKxQG3UO","baseKeyType":1,"closed":-1,"used":1755720110011,"created":1755720110011,"remoteIdentityKey":"BbIrB0IXbRyII/W2PGiGsvRKVV1tQXzGF0GmOYzNXJkT"},"_chains":{"BeCY6gzrfFrlln1Yl1N8YZcdVNaOZPwFfbi+9JSi8NUP":{"chainKey":{"counter":12,"key":"AA2moenxeCAWRCCNPPqXaIsut7bg9JlG1A4oe/XJ1GA="},"chainType":1,"messageKeys":{}}},"pendingPreKey":{"signedKeyId":25,"baseKey":"BX99wlhoy82lcid5aw0nIzQ+TTO3EVb6Pp2hyKxQG3UO","preKeyId":13169390}}},"version":"v1"}