{"_sessions":{"BckOPqJ8tXY05Vjkjh4TKZJ9Mr66C6hN62opJ54d1iZR":{"registrationId":2052333332,"currentRatchet":{"ephemeralKeyPair":{"pubKey":"BQCrPi1WcrmKrT0cTJvW+AEfAQwl2wTFn/3G4HV3MRkP","privKey":"sN6m+EkFuK71ZXLuXc6w+eeJVyaduapXxvdBy9mqbV0="},"lastRemoteEphemeralKey":"BU5qJtQJGYRqHTndsy+6RValRCWZAo28r1i9Y1QIdkZv","previousCounter":0,"rootKey":"hNFtKJyaL4ce45nZ85f8zFpYzomnVwTKVPHUH+1PYIg="},"indexInfo":{"baseKey":"BckOPqJ8tXY05Vjkjh4TKZJ9Mr66C6hN62opJ54d1iZR","baseKeyType":1,"closed":-1,"used":1755720110049,"created":1755720110049,"remoteIdentityKey":"BWGgWDUnmAfAbKmTI9btXfUa5NyeMg3PKPQnwNYI8PEE"},"_chains":{"BQCrPi1WcrmKrT0cTJvW+AEfAQwl2wTFn/3G4HV3MRkP":{"chainKey":{"counter":12,"key":"JK1kX4cCtLKPKfkvrVosAI/ix2eFqutUp4jGPwyPdJY="},"chainType":1,"messageKeys":{}}},"pendingPreKey":{"signedKeyId":6951436,"baseKey":"BckOPqJ8tXY05Vjkjh4TKZJ9Mr66C6hN62opJ54d1iZR","preKeyId":3347}}},"version":"v1"}