{"_sessions":{"BXBftephkNhrxPpaTx1DrSHH/I+rtLwPuWaCIVq3qhMr":{"registrationId":715877851,"currentRatchet":{"ephemeralKeyPair":{"pubKey":"BaMNS1WS0juNnsmfPqlvSi7lAWNaMEhKuzPWBlk6dhB9","privKey":"2Pr7zctQENFdIBR4xsMWCnQEKtPZo05Qn63Pj0vYDW4="},"lastRemoteEphemeralKey":"BSEPCXL7WGJ3CS3oSCcVINaJLnR+uQNdbJRXFJiO4Udz","previousCounter":1,"rootKey":"XLNxwxiur0X1hMm2iL7h6yMrOFOou9cBaqJey0qFqL0="},"indexInfo":{"baseKey":"BXBftephkNhrxPpaTx1DrSHH/I+rtLwPuWaCIVq3qhMr","baseKeyType":1,"closed":-1,"used":1755543224790,"created":1755541495176,"remoteIdentityKey":"BQZzx7d80WY1EaOKhR60N3dnnsjDadWA323TFdhVoxwb"},"_chains":{"BSEPCXL7WGJ3CS3oSCcVINaJLnR+uQNdbJRXFJiO4Udz":{"chainKey":{"counter":0,"key":"RZRzYPkq9Qo/qfV3Z7/hOSry425aLdAwALBtHaOoigU="},"chainType":2,"messageKeys":{}},"BaMNS1WS0juNnsmfPqlvSi7lAWNaMEhKuzPWBlk6dhB9":{"chainKey":{"counter":-1,"key":"KtQYdN0zkwuu9I06Go2asD5+TZ0soxD0/uvx8YMa5ug="},"chainType":1,"messageKeys":{}}}}},"version":"v1"}