{"_sessions":{"BdpXZf6XTUIjnqhj5tkXPFdbSgrJukJuyQUtS62HVHFH":{"registrationId":1122831440,"currentRatchet":{"ephemeralKeyPair":{"pubKey":"BZqVfw9OlAhfYvBINznxasdmZ8ESyo8TKtcHPTFINXJ4","privKey":"mMvFiCzgbQWQVqc7gHaGftBLUYUn8xOVKfxV8lMuEU0="},"lastRemoteEphemeralKey":"BbSWXJ+0IH7W+TPnqi5DsjEXbviV7Q8U8TEPxMNVsDFk","previousCounter":0,"rootKey":"8/G6zBN4NEFHtVD6jYxNDXC8Qv4jxoloP1rYDrmetfc="},"indexInfo":{"baseKey":"BdpXZf6XTUIjnqhj5tkXPFdbSgrJukJuyQUtS62HVHFH","baseKeyType":1,"closed":-1,"used":1755720110014,"created":1755720110014,"remoteIdentityKey":"Bc26rQxA/QmZkwDaYTQ9bOQH1WWLrJAiaCxtXosKc5cc"},"_chains":{"BZqVfw9OlAhfYvBINznxasdmZ8ESyo8TKtcHPTFINXJ4":{"chainKey":{"counter":12,"key":"Xhiov+CYg0BaXh/vArb9l/81dJeX6NYi5SOYuHsiMx4="},"chainType":1,"messageKeys":{}}},"pendingPreKey":{"signedKeyId":11,"baseKey":"BdpXZf6XTUIjnqhj5tkXPFdbSgrJukJuyQUtS62HVHFH","preKeyId":5619950}}},"version":"v1"}