{"_sessions":{"BXlz4NaV7VNs0YlcyeAHsgDl6GqcMG9OskALoZa4bNAn":{"registrationId":45835419,"currentRatchet":{"ephemeralKeyPair":{"pubKey":"BT4eq4mnhzN2jRA//ZLdowEWTuhwenIKj9jDd03keoV6","privKey":"qLuB7H9QIu+FF1qyHZeYe54JW+m8caNVpvZA90Q5eEA="},"lastRemoteEphemeralKey":"BVvQLEfbittaAmmaQ8wDKgXIxsbdEyk0WZNi2KvF/GFQ","previousCounter":0,"rootKey":"EtfIM9qDWyg2OabKhLnVe28MfMMNiPIPHGacaluBJvY="},"indexInfo":{"baseKey":"BXlz4NaV7VNs0YlcyeAHsgDl6GqcMG9OskALoZa4bNAn","baseKeyType":1,"closed":-1,"used":1755720110052,"created":1755720110052,"remoteIdentityKey":"BcHgMrhQpq21VTsIASIujWZqpHVuA8mplBxK9hsDgvhW"},"_chains":{"BT4eq4mnhzN2jRA//ZLdowEWTuhwenIKj9jDd03keoV6":{"chainKey":{"counter":12,"key":"7PdhRbZKO+cM/ImSKMITCavdmE59ZHHX4h0I1w+TZCE="},"chainType":1,"messageKeys":{}}},"pendingPreKey":{"signedKeyId":3,"baseKey":"BXlz4NaV7VNs0YlcyeAHsgDl6GqcMG9OskALoZa4bNAn"}}},"version":"v1"}