{"_sessions":{"Bf99PwFNZG4Ytjkfua0FqJQoaw0M855SIHPTqGX6IEBd":{"registrationId":782829322,"currentRatchet":{"ephemeralKeyPair":{"pubKey":"BbJv1qmUqwAYBxO5EqTLd1k2t+yly702pI7DZap2ucpe","privKey":"aNKSdnWpufKVVRTcrFuMsL2OLfW7M6hjdL558INXwl4="},"lastRemoteEphemeralKey":"BcWtCIcnZGOgMfGkBYuUmZ3EHnS+Cl33EYYYzX8Fht84","previousCounter":0,"rootKey":"282xAfWpjc3Sse7hn/Wlki//n2jfaQ+6kYpigE+wKIM="},"indexInfo":{"baseKey":"Bf99PwFNZG4Ytjkfua0FqJQoaw0M855SIHPTqGX6IEBd","baseKeyType":1,"closed":-1,"used":1755541495173,"created":1755541495173,"remoteIdentityKey":"BUSi1wt13CLjnbHcDwk/Q860BE3kOnp/lwngDmB9+PZv"},"_chains":{"BbJv1qmUqwAYBxO5EqTLd1k2t+yly702pI7DZap2ucpe":{"chainKey":{"counter":1,"key":"c7ig7YD6bNHlQZqeKFH1b6EEkFjECKUlezzMS6FR4S0="},"chainType":1,"messageKeys":{}}},"pendingPreKey":{"signedKeyId":9,"baseKey":"Bf99PwFNZG4Ytjkfua0FqJQoaw0M855SIHPTqGX6IEBd","preKeyId":4150}}},"version":"v1"}