{"_sessions":{"BfkYDz7WsYiq4NCnpktyK7sQ7cdCIulF8W4xv+wGd6se":{"registrationId":400729237,"currentRatchet":{"ephemeralKeyPair":{"pubKey":"BVjuEGsanJZ3A8bq9kT+xeXcKsPbtgMxhYC4k7ctE0BO","privKey":"gOPvh4WuSoOPZwjcjV5PFuMx56D1dGMYTvb3ykNCB3s="},"lastRemoteEphemeralKey":"BTxPoO5jIA2cZ0mYZjNJwzVSabm+gLFbfyOJsEFSl+18","previousCounter":0,"rootKey":"g/taaeh52bwf/fGeJvWLOKWeBfN9oRsNsQtrnC5ewNQ="},"indexInfo":{"baseKey":"BfkYDz7WsYiq4NCnpktyK7sQ7cdCIulF8W4xv+wGd6se","baseKeyType":1,"closed":-1,"used":1755720110036,"created":1755720110036,"remoteIdentityKey":"BUBPRneEmsP7KdzFE29JEYPhWls/sQFIR6AXoFYr2ZlA"},"_chains":{"BVjuEGsanJZ3A8bq9kT+xeXcKsPbtgMxhYC4k7ctE0BO":{"chainKey":{"counter":12,"key":"Q0IqQq1DxdhOAw/cMqJHW3YD2XJ8lYqj6GBBScm31R4="},"chainType":1,"messageKeys":{}}},"pendingPreKey":{"signedKeyId":17,"baseKey":"BfkYDz7WsYiq4NCnpktyK7sQ7cdCIulF8W4xv+wGd6se","preKeyId":13939161}}},"version":"v1"}