{"_sessions":{"BQeIPwRP7MS/dP6+Co+uABx1QPevo3wBMw0kdboU1I0t":{"registrationId":657413422,"currentRatchet":{"ephemeralKeyPair":{"pubKey":"BQp6f8JHqGzape+ZyfjFeY8WtCHjz6knt88p0QEVMrYv","privKey":"GO5hy0kgSkuibkIRXwNgmuuaL4sNFmrBVMsfT3dQhW4="},"lastRemoteEphemeralKey":"BS7BA4xGr1U7PJEvSaihN5DYr0GjQvarDuKLgaGAn6c8","previousCounter":0,"rootKey":"y0Hm8l9EiA8aYGDSTSGa32raEpl1FJvq0jvBQvKSMa0="},"indexInfo":{"baseKey":"BQeIPwRP7MS/dP6+Co+uABx1QPevo3wBMw0kdboU1I0t","baseKeyType":1,"closed":-1,"used":1755720109986,"created":1755720109986,"remoteIdentityKey":"BVCIMwp/Kq03JkAUkH7l9IhiK8lCCHPxHP9p1LcWo/wM"},"_chains":{"BQp6f8JHqGzape+ZyfjFeY8WtCHjz6knt88p0QEVMrYv":{"chainKey":{"counter":12,"key":"iLG/AAaCykos8Ntlohi+af1kt5VFCj/SwFgUcr3rZVs="},"chainType":1,"messageKeys":{}}},"pendingPreKey":{"signedKeyId":1,"baseKey":"BQeIPwRP7MS/dP6+Co+uABx1QPevo3wBMw0kdboU1I0t","preKeyId":15612413}}},"version":"v1"}