{"_sessions":{"BeBgBTMBNWG8jmUdBijYo+MHWVR9ZY+L3UtqzfCN3Ldm":{"registrationId":758465840,"currentRatchet":{"ephemeralKeyPair":{"pubKey":"Bf9VtMgHHYh7/fn9Mij210vp4L/BEkNONU+YyvlhlQxc","privKey":"AF0k75hN3fV89M9Duq4SSqnigH3eahiuI8afOqUVYkc="},"lastRemoteEphemeralKey":"BYujYv6jubNi8HgOybM/LvOXNX3vcQ70NOd4pXNNX8Vl","previousCounter":0,"rootKey":"O6DWo5025mMajnUugJTZEKvpg+U6d/mX/ODMHM1FzIs="},"indexInfo":{"baseKey":"BeBgBTMBNWG8jmUdBijYo+MHWVR9ZY+L3UtqzfCN3Ldm","baseKeyType":1,"closed":-1,"used":1755720110064,"created":1755720110064,"remoteIdentityKey":"BZoXcRjVrZqML+F3EfUVDsVCdMY7kxM6ZnI3HJtNZwEj"},"_chains":{"Bf9VtMgHHYh7/fn9Mij210vp4L/BEkNONU+YyvlhlQxc":{"chainKey":{"counter":12,"key":"pzXE4ILtNPaCxRVXRUqTONUak524GF6Iyjjyqf+dOb8="},"chainType":1,"messageKeys":{}}},"pendingPreKey":{"signedKeyId":50,"baseKey":"BeBgBTMBNWG8jmUdBijYo+MHWVR9ZY+L3UtqzfCN3Ldm","preKeyId":1560913}}},"version":"v1"}