{"_sessions":{"BY602mIjJiGJ8D/D/rNuqXwrsF0Z40aU19n5EbCSqtla":{"registrationId":1414504145,"currentRatchet":{"ephemeralKeyPair":{"pubKey":"BZ/SrphGA4SZbKy5sbZYxWG56H8w7pEO6EgQBm+KMHwb","privKey":"CDmCFhfViiGStK7I5aTLui//A3JzGug+X8X5IdIwG1I="},"lastRemoteEphemeralKey":"BStidwd0OiH7hXscqqYELf6LIJmlxX1/9VA5pQBusjsn","previousCounter":0,"rootKey":"oOYNpQCPYJaUf5xOFmKJwz/t4GigTMuU2/pFvb8MVAw="},"indexInfo":{"baseKey":"BY602mIjJiGJ8D/D/rNuqXwrsF0Z40aU19n5EbCSqtla","baseKeyType":1,"closed":-1,"used":1755720109915,"created":1755720109915,"remoteIdentityKey":"Bamtt/w7oNMqg3smht6cjnatfExGw84IV6VLz2d7fFoM"},"_chains":{"BZ/SrphGA4SZbKy5sbZYxWG56H8w7pEO6EgQBm+KMHwb":{"chainKey":{"counter":12,"key":"0EgRMi4YEBvnCc8fwWhIgts9Ny5ZHN3F/LiYAagAtq4="},"chainType":1,"messageKeys":{}}},"pendingPreKey":{"signedKeyId":0,"baseKey":"BY602mIjJiGJ8D/D/rNuqXwrsF0Z40aU19n5EbCSqtla","preKeyId":169614}}},"version":"v1"}