{"_sessions":{"BQ1XzY3ydpvH42UWjslZ0Mtk3qNaC5EyO8T1V9qKO/Ux":{"registrationId":11837,"currentRatchet":{"ephemeralKeyPair":{"pubKey":"BTiAyDLR64jDQvLYoI0zX4zk4HDQeua+d8VT3VAthKk9","privKey":"SCwkB+S+2AhPuJJWf0D68cSEx39s6J4kWtDsVGJoUnA="},"lastRemoteEphemeralKey":"BeIO0fyl0oRzD8tiZ8R9ak4GUVuy0KpZd+o6qHpz/eZx","previousCounter":0,"rootKey":"ThOyBo6Fu3OCcYN7yt0uMT+xVJ8R9bY4aZcQ+m3WIPA="},"indexInfo":{"baseKey":"BQ1XzY3ydpvH42UWjslZ0Mtk3qNaC5EyO8T1V9qKO/Ux","baseKeyType":1,"closed":-1,"used":1755720109889,"created":1755720109889,"remoteIdentityKey":"BZXoYUbFn+JfiIIPMVS7CwHkMd9I9KK5NlNa7Pgt7+BD"},"_chains":{"BTiAyDLR64jDQvLYoI0zX4zk4HDQeua+d8VT3VAthKk9":{"chainKey":{"counter":12,"key":"v8A3yxlpTMxUW/zCVHPducn9W5I4x0UY26DDaQTX8r8="},"chainType":1,"messageKeys":{}}},"pendingPreKey":{"signedKeyId":1,"baseKey":"BQ1XzY3ydpvH42UWjslZ0Mtk3qNaC5EyO8T1V9qKO/Ux","preKeyId":1296}}},"version":"v1"}