{"_sessions":{"BQ3h3C19+puILy/LidgoyVYxiyOzaqFUJud5P26w5B8g":{"registrationId":248462482,"currentRatchet":{"ephemeralKeyPair":{"pubKey":"BVXAArjCX7GMSEd4UH5E4ACTDnA4Oy6OvSNWR59OFIoM","privKey":"QB0QVBRKW51rh4jckg5tThflHt8WP7nLwEekO7ZetW0="},"lastRemoteEphemeralKey":"BVUa5EUNroQur+a/2i+/n0OPRWwhwywl1o3EMnjse54k","previousCounter":0,"rootKey":"guw+5mN4vVf++9DtvWefrhxq5+SMth/x/5D4FbOjruQ="},"indexInfo":{"baseKey":"BQ3h3C19+puILy/LidgoyVYxiyOzaqFUJud5P26w5B8g","baseKeyType":2,"closed":-1,"used":1755720102186,"created":1755720102186,"remoteIdentityKey":"BRmDUurC4r53QFhCjfxaIumTdqdD+8z/vZ/2BCzMRbBz"},"_chains":{"BVUa5EUNroQur+a/2i+/n0OPRWwhwywl1o3EMnjse54k":{"chainKey":{"counter":0,"key":"QHnMU0F7p+kPPH2be9np1fUfuEQA9Z6UpetHuKWKmpY="},"chainType":2,"messageKeys":{}},"BVXAArjCX7GMSEd4UH5E4ACTDnA4Oy6OvSNWR59OFIoM":{"chainKey":{"counter":12,"key":"XKFJcRd+RmkG0NsXizr3+YwgRaJyXD3LFu4JFA5Y8uw="},"chainType":1,"messageKeys":{}}}}},"version":"v1"}