{"_sessions":{"BQXLlg8Ctm35myR2oTYKJp0WhRU5OYUAHuE4l5kLZJ0P":{"registrationId":1545068066,"currentRatchet":{"ephemeralKeyPair":{"pubKey":"BYMwA97dzI2hJf8DLsGcvBXlk47RJVWbDiXerA1D1AYY","privKey":"qMlwegiXKKYmcksTsOjVtK03GUwEIWxg8Ta+CqoHnks="},"lastRemoteEphemeralKey":"BZ8cVgiKTtAaVp29Ok1I/IG3qNvjffn3J+zV6Yvc2gFe","previousCounter":0,"rootKey":"plRs/SpFAv7V8dUaecJSMK80FkOCUFCGimXyAx4lTpA="},"indexInfo":{"baseKey":"BQXLlg8Ctm35myR2oTYKJp0WhRU5OYUAHuE4l5kLZJ0P","baseKeyType":1,"closed":-1,"used":1755720110004,"created":1755720110004,"remoteIdentityKey":"BU0uqLBxUDpBovUbDQJ0YCLu7/H49ECiWp0n2LCmJmUT"},"_chains":{"BYMwA97dzI2hJf8DLsGcvBXlk47RJVWbDiXerA1D1AYY":{"chainKey":{"counter":12,"key":"+4Ton5FBVuxFqzff12z3dkYqRY/QEyBsO04qhzmJtCI="},"chainType":1,"messageKeys":{}}},"pendingPreKey":{"signedKeyId":13,"baseKey":"BQXLlg8Ctm35myR2oTYKJp0WhRU5OYUAHuE4l5kLZJ0P","preKeyId":5582929}}},"version":"v1"}