{"_sessions":{"BcHAzMydBAcpD2565njR1e3jFcrlWoe4zurMvADVlwNB":{"registrationId":601168251,"currentRatchet":{"ephemeralKeyPair":{"pubKey":"BZLcV6Pf8bUcE2zfUN5m9YIksjRs1ULNQ9UTBefrz150","privKey":"ILrEt6sjx3BzHauR1PsqTNnND4XjZF4e7UqryPdillU="},"lastRemoteEphemeralKey":"BVidKobM6w+TiftBccXVHZ8OGy4rsX1fcvw+1d/KPOAs","previousCounter":0,"rootKey":"fJl+EcM+136y/OEbfCeBDbEHGw4jj//Npc2LEJb+YZU="},"indexInfo":{"baseKey":"BcHAzMydBAcpD2565njR1e3jFcrlWoe4zurMvADVlwNB","baseKeyType":1,"closed":-1,"used":1755720109969,"created":1755720109969,"remoteIdentityKey":"BcapOe/B5qylv1d+tRG/xDQSC4XKfmC/taN3mKS570pg"},"_chains":{"BZLcV6Pf8bUcE2zfUN5m9YIksjRs1ULNQ9UTBefrz150":{"chainKey":{"counter":12,"key":"+iKyIn+lRu5srHqUeo0tZpsdiEeqFmtJcyqmRHv/LE4="},"chainType":1,"messageKeys":{}}},"pendingPreKey":{"signedKeyId":14411480,"baseKey":"BcHAzMydBAcpD2565njR1e3jFcrlWoe4zurMvADVlwNB","preKeyId":4914}}},"version":"v1"}