{"_sessions":{"BSx5TyJnKFCDjdM5J6ZdrWzb6NHiRkgN02ZsJJl31upG":{"registrationId":1024651450,"currentRatchet":{"ephemeralKeyPair":{"pubKey":"BfddJypQxv2LV0FS8V43eDWyaOtFcbFhZ+MwBCdfUq8y","privKey":"mI6uwMgpZPtUJnGLhQ8xtVF25I60fHz94ldYZQobT08="},"lastRemoteEphemeralKey":"BeHLsDPD3hBP328RcQ2xROD6i7j72U2sozchh7P4I9FJ","previousCounter":3,"rootKey":"REpZjtoqxdf1l51U93wrYrHLvXrmGwZmZuqc+3PlQH0="},"indexInfo":{"baseKey":"BSx5TyJnKFCDjdM5J6ZdrWzb6NHiRkgN02ZsJJl31upG","baseKeyType":2,"closed":-1,"used":1761603354229,"created":1761603331079,"remoteIdentityKey":"BfFru759bdEiPqPSBxJDA2EvqsvQBaOxJpikPlQWEzJZ"},"_chains":{"BWiY41WkFC2ydHQ+U68VjQTjymg4XzO/5K5pUJWUVT4L":{"chainKey":{"counter":0},"chainType":2,"messageKeys":{}},"BRXV1zKzq1CqH5g6u2bqFE9wqvYMRjdg4ahCtvpDUAoN":{"chainKey":{"counter":0},"chainType":2,"messageKeys":{}},"BeHLsDPD3hBP328RcQ2xROD6i7j72U2sozchh7P4I9FJ":{"chainKey":{"counter":0,"key":"XlNEz4YcVKBkFdIYYTdXQjGlAazXAWCx4fpqzjs6V/Q="},"chainType":2,"messageKeys":{}},"BfddJypQxv2LV0FS8V43eDWyaOtFcbFhZ+MwBCdfUq8y":{"chainKey":{"counter":-1,"key":"dt7dgj1Ulv+qstN3UyOltu0kI2uOAKTX+5ordTI05NM="},"chainType":1,"messageKeys":{}}}}},"version":"v1"}