{"_sessions":{"BehirotB2ttwA6smom96A2/ombwluJhTfqQk+ai/Bocc":{"registrationId":2135451551,"currentRatchet":{"ephemeralKeyPair":{"pubKey":"BdpcPNOw7zmcown48RpihgBDiDiN/jHCnYjR9WHhNY8Z","privKey":"0LzBxgWN5aibdNdgNKCT7Q6PLeokk1JRpMBEVrw4j3c="},"lastRemoteEphemeralKey":"BeySfyzj0IDlkNM99kqsyY7FTnBEqvBcQiwYayBI5OY1","previousCounter":3,"rootKey":"hvsrJDoWQJ2u1ScHYOq0RNJ5OhSbvSmSn40/N8mOTPg="},"indexInfo":{"baseKey":"BehirotB2ttwA6smom96A2/ombwluJhTfqQk+ai/Bocc","baseKeyType":2,"closed":-1,"used":1755995451579,"created":1755995416267,"remoteIdentityKey":"Bfcdnx3RAUY9ZAmRwhg0x6slJcqD8Rd5QxSl97s0g3kR"},"_chains":{"BVqVR9HVV7UUWDikfFLtbXqnEEKvNdeDiv6TXhoENuok":{"chainKey":{"counter":2},"chainType":2,"messageKeys":{}},"BeySfyzj0IDlkNM99kqsyY7FTnBEqvBcQiwYayBI5OY1":{"chainKey":{"counter":0,"key":"ZARpI3iuFgpSI+t88JJFEDqEIXrF8RhbyF3f0ZTYsZs="},"chainType":2,"messageKeys":{}},"BdpcPNOw7zmcown48RpihgBDiDiN/jHCnYjR9WHhNY8Z":{"chainKey":{"counter":0,"key":"Xmxt1DiZ/yi7l3EngV4+52bpCbKr40iZgpB9tWgt5KQ="},"chainType":1,"messageKeys":{}}}}},"version":"v1"}