{"_sessions":{"BVvBDJt5xgsGCvuAH6NnCg/tY6e8616t3UOMVsELVLQS":{"registrationId":235748356,"currentRatchet":{"ephemeralKeyPair":{"pubKey":"BcvIuQN9x26ESmKofSPflSXmWqvOxQ4Ycg+pWOnlnp0b","privKey":"GCOuVLnWr0JdV4ZqsW2L7FkZGWjGo/+osl9gO0ybsW4="},"lastRemoteEphemeralKey":"BbwAjRkB6Loxkr7SbHUEjxB7KRUfpPxWzb0eHV39m35T","previousCounter":0,"rootKey":"JA+X9KJXdlFA0owBcYJG0444qyrdyq4PGaok1B3on3Q="},"indexInfo":{"baseKey":"BVvBDJt5xgsGCvuAH6NnCg/tY6e8616t3UOMVsELVLQS","baseKeyType":1,"closed":-1,"used":1755720109995,"created":1755720109995,"remoteIdentityKey":"BWdLVf8W16eq/TMyWqUZePPhjRoC0ZKOSIWmEE3pfSpO"},"_chains":{"BcvIuQN9x26ESmKofSPflSXmWqvOxQ4Ycg+pWOnlnp0b":{"chainKey":{"counter":12,"key":"rL2w4tvsZNuSCFlEClt19OpGc4vRKeyD0+4PxsD8NhU="},"chainType":1,"messageKeys":{}}},"pendingPreKey":{"signedKeyId":20,"baseKey":"BVvBDJt5xgsGCvuAH6NnCg/tY6e8616t3UOMVsELVLQS","preKeyId":8972501}}},"version":"v1"}