{"_sessions":{"Bbc4Mj7E8YeGxU1JlWxpiDU9Wy4LzYvwFPh4vVpyrmpT":{"registrationId":925127588,"currentRatchet":{"ephemeralKeyPair":{"pubKey":"BSm+A8g5MtoTtWix/oKI+3WM5nIJ+9m1GMDJeTTjLeQf","privKey":"6LaOIj2isuQpXarE7WaUDqIDkPKpsTmSaUnSAOXqsEw="},"lastRemoteEphemeralKey":"BUGksxpUy4F4YO9mX+1qdr3jt9Ei639peD6IuMSjgf0g","previousCounter":0,"rootKey":"SQBQP7d31Kb7VFwFZ9RgGCvlZyzXKjEp2OsfjXunbb8="},"indexInfo":{"baseKey":"Bbc4Mj7E8YeGxU1JlWxpiDU9Wy4LzYvwFPh4vVpyrmpT","baseKeyType":1,"closed":-1,"used":1755720110047,"created":1755720110047,"remoteIdentityKey":"BWYPOIyQ2WcYa/RZzaOXH6ARqMhH27sSE6YHR75anTN6"},"_chains":{"BSm+A8g5MtoTtWix/oKI+3WM5nIJ+9m1GMDJeTTjLeQf":{"chainKey":{"counter":12,"key":"ZSVK7kmeMxlLKEDEj5W7Z2FHy8bpY7amHFN+UqRkkwU="},"chainType":1,"messageKeys":{}}},"pendingPreKey":{"signedKeyId":15,"baseKey":"Bbc4Mj7E8YeGxU1JlWxpiDU9Wy4LzYvwFPh4vVpyrmpT","preKeyId":14129539}}},"version":"v1"}