{"_sessions":{"BUN/cbBKXmqGXC8VAapa6qDhujak271BqVhUj+UBRA0m":{"registrationId":2008106845,"currentRatchet":{"ephemeralKeyPair":{"pubKey":"Bbayxj3CxVD4t7M1hjZjcUNq/wRHAbxx2JT0hFm5t6MS","privKey":"mHQqvDT8ZHb7uvqepyHLuRD4ecqKkK3DQHNdOsJqTXw="},"lastRemoteEphemeralKey":"BYERFhFcCjSeZlIlRdyL1tl3VVoZ2zC01JjVeuEGvkh1","previousCounter":0,"rootKey":"Ecw83kv3qph+t8EvgjIkSj5NxzzhWXqO03mD4geSzGI="},"indexInfo":{"baseKey":"BUN/cbBKXmqGXC8VAapa6qDhujak271BqVhUj+UBRA0m","baseKeyType":1,"closed":-1,"used":1755280711374,"created":1755280711374,"remoteIdentityKey":"BV5Rmcvp5zK4i9D8pUOvyfkZIgBMMFsVvmlW8ySQmxlq"},"_chains":{"Bbayxj3CxVD4t7M1hjZjcUNq/wRHAbxx2JT0hFm5t6MS":{"chainKey":{"counter":4,"key":"uiDgiHiSS3vd9gtUYkpJjsWBcYYzfT4NSrLdtZx6Vl4="},"chainType":1,"messageKeys":{}}},"pendingPreKey":{"signedKeyId":6,"baseKey":"BUN/cbBKXmqGXC8VAapa6qDhujak271BqVhUj+UBRA0m","preKeyId":2010777}}},"version":"v1"}