{"_sessions":{"BYkGZdWs0BwTmtr5CrmrLb5kOrpS9CqrldUKqZTtTRkq":{"registrationId":678303434,"currentRatchet":{"ephemeralKeyPair":{"pubKey":"BSIRotGSVd+XbmVWtTRQO/5PndaMCFnJ4+xA7g1YlZBq","privKey":"WFrUAwO1opLSPJSgnPRJ+0+Hy3RmODb+ll4Z1nyayGA="},"lastRemoteEphemeralKey":"BYeolaOPErkDirkPbfht40GSG0wI5MMKQRErSuKrZeN+","previousCounter":0,"rootKey":"JXXaJB6Sdb8qmIEIEsOtA52fMxsu+A6DHHVLWpy26m0="},"indexInfo":{"baseKey":"BYkGZdWs0BwTmtr5CrmrLb5kOrpS9CqrldUKqZTtTRkq","baseKeyType":1,"closed":-1,"used":1755720110057,"created":1755720110057,"remoteIdentityKey":"BVVrjH8KLsd+g5A3HwXBAaS3WXzJsO2wlRFAsShHyIVH"},"_chains":{"BSIRotGSVd+XbmVWtTRQO/5PndaMCFnJ4+xA7g1YlZBq":{"chainKey":{"counter":12,"key":"8eazrYAmh46A5R4FaN30lEQPdrUXlrhtm4MA86l6F58="},"chainType":1,"messageKeys":{}}},"pendingPreKey":{"signedKeyId":1,"baseKey":"BYkGZdWs0BwTmtr5CrmrLb5kOrpS9CqrldUKqZTtTRkq","preKeyId":12358087}}},"version":"v1"}