{"_sessions":{"BS+rr7lqLD7GWdZAWr2nk6TfqSKOE3X52AE1vYWZXAZm":{"registrationId":1872729381,"currentRatchet":{"ephemeralKeyPair":{"pubKey":"BTQbpQ1Gv41Kmt3CazEfpcjFtfTTHbAzZreQEa0ZNnxW","privKey":"WE4nZhm9Ip6/BctVHZYP+13IsQFAwqsSt21/Gf+qEXM="},"lastRemoteEphemeralKey":"BXqMeHqc8iz1vTS4ZRt0TyFdyyxT0qEUVWaWdCY26ohY","previousCounter":0,"rootKey":"T0dT/tMWixa+rKPKDguudiP9cOu5hXIK5eJnOD6KLSM="},"indexInfo":{"baseKey":"BS+rr7lqLD7GWdZAWr2nk6TfqSKOE3X52AE1vYWZXAZm","baseKeyType":1,"closed":-1,"used":1755720109998,"created":1755720109998,"remoteIdentityKey":"BYoeJvorFg6/BJAA9FK/g7yJQ4oghJ65E7U3IV8uyKYO"},"_chains":{"BTQbpQ1Gv41Kmt3CazEfpcjFtfTTHbAzZreQEa0ZNnxW":{"chainKey":{"counter":12,"key":"KWUajArCoarZc14bdVxgnZd/TUcRwS8g0B075Kvk3Oo="},"chainType":1,"messageKeys":{}}},"pendingPreKey":{"signedKeyId":0,"baseKey":"BS+rr7lqLD7GWdZAWr2nk6TfqSKOE3X52AE1vYWZXAZm","preKeyId":4473351}}},"version":"v1"}