{"_sessions":{"BWPp+paYYcLg6zeaBBG2gxWg5eyEl0zG3lVETWnXu/4V":{"registrationId":477742902,"currentRatchet":{"ephemeralKeyPair":{"pubKey":"BUx2bi/XaSjGzOtRdKBgAWV4OkIfiHhaMjkOHg8SQKBM","privKey":"yLbgBEdWlw+2tcVikRxztOxf42o0zU77wJ/s+61Pn1I="},"lastRemoteEphemeralKey":"BYiu7VzP3muXz9ItedlEDVwgXNe/s5IlDhFzBj8iHaQi","previousCounter":0,"rootKey":"aiwqnvCzRiL5cQUp9tcQimh18NO8Ml+UtU0YQKmDPlU="},"indexInfo":{"baseKey":"BWPp+paYYcLg6zeaBBG2gxWg5eyEl0zG3lVETWnXu/4V","baseKeyType":2,"closed":-1,"used":1755720102287,"created":1755720102287,"remoteIdentityKey":"BasJhyQiiCEVS/F2jOLmb7IAqYl92O99nalVU0hDB4YZ"},"_chains":{"BYiu7VzP3muXz9ItedlEDVwgXNe/s5IlDhFzBj8iHaQi":{"chainKey":{"counter":0,"key":"VhDeMFZtRuWf2ACij2RNjH+pFbRcwC7l5TlimnzN8JE="},"chainType":2,"messageKeys":{}},"BUx2bi/XaSjGzOtRdKBgAWV4OkIfiHhaMjkOHg8SQKBM":{"chainKey":{"counter":-1,"key":"rOLEv42uNpxmPvfFjUoE3yogkvBwRL9qzLU2d7VbKak="},"chainType":1,"messageKeys":{}}}}},"version":"v1"}