{"_sessions":{"Bfm26cHsvNDOg7FsHA2OjufzHAgzkzDE6BzrQ47bQ01e":{"registrationId":457932439,"currentRatchet":{"ephemeralKeyPair":{"pubKey":"BYbhzCHoKa9m9jk4qlTmCWv6BN2IPRrM5h6/4uNzc8tL","privKey":"oAiipNdqO2Iyto3ING0FWznkcBqNxTLlI6b5Cc2EhEE="},"lastRemoteEphemeralKey":"BUDkOwQWvDkJ02y4x7dDMEJkKJX0EviQcd824BMkLUwQ","previousCounter":0,"rootKey":"GcbKbihoA4leHot4UimmEUAs23SL+mmFW2+2Pvy421Y="},"indexInfo":{"baseKey":"Bfm26cHsvNDOg7FsHA2OjufzHAgzkzDE6BzrQ47bQ01e","baseKeyType":1,"closed":-1,"used":1755720110030,"created":1755720110030,"remoteIdentityKey":"BTQ0UCv0NQe9w4h5EJsWYf6YzPOKMbRmSMejSSnon5N5"},"_chains":{"BYbhzCHoKa9m9jk4qlTmCWv6BN2IPRrM5h6/4uNzc8tL":{"chainKey":{"counter":12,"key":"Z+iksWzMJAEKtZxH5Gsdg0dMq1J1bzB5W5bpF0tbw9Q="},"chainType":1,"messageKeys":{}}},"pendingPreKey":{"signedKeyId":41,"baseKey":"Bfm26cHsvNDOg7FsHA2OjufzHAgzkzDE6BzrQ47bQ01e","preKeyId":1902706}}},"version":"v1"}