{"_sessions":{"BcH9MDTkf8KoHUepvUrQPOyxhLXhaLYWlZ7Y4FhqeZFs":{"registrationId":51,"currentRatchet":{"ephemeralKeyPair":{"pubKey":"BZoJ6s9KerNxRKd2gmmbF1wn15NnS3ZhV/Me6LYovYAY","privKey":"iKVF44WOkFO+TsGBVyKVdejzL2iUDXcFe9oQ1Krir2U="},"lastRemoteEphemeralKey":"BURcjOx4r63mZacS3VJe8ZXSJmahr+pwF8C4uT0CwQ5g","previousCounter":0,"rootKey":"ri7m0vHp0hlo4SdOLfW/bvkmWUS+OAoL18QRkZxemOc="},"indexInfo":{"baseKey":"BcH9MDTkf8KoHUepvUrQPOyxhLXhaLYWlZ7Y4FhqeZFs","baseKeyType":2,"closed":1755721154875,"used":1755720100743,"created":1755720100743,"remoteIdentityKey":"BbO1H6/gJgBs/3Mq5Xmg9Yg3rwfk/zHjACe6aM9kQXIz"},"_chains":{"BURcjOx4r63mZacS3VJe8ZXSJmahr+pwF8C4uT0CwQ5g":{"chainKey":{"counter":0,"key":"tcjzgny+IdM8wQAPcu6FM8J9o9lBtc3xzb1ML5mqxDI="},"chainType":2,"messageKeys":{}},"BZoJ6s9KerNxRKd2gmmbF1wn15NnS3ZhV/Me6LYovYAY":{"chainKey":{"counter":25,"key":"dTCL7Fsc1r0otYXojehvD8ZsFq3CrHO8YCesowMIe1E="},"chainType":1,"messageKeys":{}}}},"BYDDT1CpxmoqFTNBoEzhVFj3sdeE7Hpa+96iDDV3789s":{"registrationId":51,"currentRatchet":{"ephemeralKeyPair":{"pubKey":"BWmEC3mZjulv7QamEvhKvqQZv2uy2LlMy5ZQ4Id1FCkU","privKey":"UNhDpEFO41pQGUq3xWv/RfcTs+0uRYUqH6f3mDiNyVI="},"lastRemoteEphemeralKey":"BR4AmurAl6+N5FGOW2AHibUwgohKQo6j+NUzS17tpQJ7","previousCounter":0,"rootKey":"h7Czp3pR2in9x9eLK1OCGyagNTuMPs2PMLRwRsxwtQ8="},"indexInfo":{"baseKey":"BYDDT1CpxmoqFTNBoEzhVFj3sdeE7Hpa+96iDDV3789s","baseKeyType":1,"closed":-1,"used":1755721154874,"created":1755721154874,"remoteIdentityKey":"BbO1H6/gJgBs/3Mq5Xmg9Yg3rwfk/zHjACe6aM9kQXIz"},"_chains":{"BWmEC3mZjulv7QamEvhKvqQZv2uy2LlMy5ZQ4Id1FCkU":{"chainKey":{"counter":75,"key":"QoHxjnguU0UqZNqEIW3ECV4ifjxAD8nfmFBx3txaFts="},"chainType":1,"messageKeys":{}}},"pendingPreKey":{"signedKeyId":1,"baseKey":"BYDDT1CpxmoqFTNBoEzhVFj3sdeE7Hpa+96iDDV3789s"}}},"version":"v1"}