{"_sessions":{"BSh4gfR7Hr7NXXWoEmJ2pjwKP/tGsoWREw7rC0MRCecN":{"registrationId":155540365,"currentRatchet":{"ephemeralKeyPair":{"pubKey":"BTJZDDlsLr3QMpPmKWAXJd9HSmx3ogIMQ3OmGenzMUVU","privKey":"0NJijZdX5oq2JGmqs46ygHko1w0X1e3nU6gpUWHgT14="},"lastRemoteEphemeralKey":"BX8UbBHG799CX5FoTNkR4M3/5P2dOwjLFK4oNoIuBvpY","previousCounter":0,"rootKey":"oBi1HkEKNgjvgbP8FtAzBez6Q53NWMHADvHKFMB+FW8="},"indexInfo":{"baseKey":"BSh4gfR7Hr7NXXWoEmJ2pjwKP/tGsoWREw7rC0MRCecN","baseKeyType":1,"closed":-1,"used":1755720110002,"created":1755720110002,"remoteIdentityKey":"BTtSpI4oO2PDfEMjEnrnodAitW66w5GEqOTqHePIpIgA"},"_chains":{"BTJZDDlsLr3QMpPmKWAXJd9HSmx3ogIMQ3OmGenzMUVU":{"chainKey":{"counter":12,"key":"tDfPj2HDe1u3my4W3tdCzN31G3UB3ZWDl/ZhHEnI640="},"chainType":1,"messageKeys":{}}},"pendingPreKey":{"signedKeyId":21,"baseKey":"BSh4gfR7Hr7NXXWoEmJ2pjwKP/tGsoWREw7rC0MRCecN","preKeyId":4570615}}},"version":"v1"}