{"_sessions":{"BY8C2WlG0BM+gYJfbeb1u2V5F5DNOII86UpgdXKJkMNa":{"registrationId":57464573,"currentRatchet":{"ephemeralKeyPair":{"pubKey":"BeDL2OcZ/vLcgsVqtZUuEaFAGaU7ADzKN0Zts3SVknJo","privKey":"uLLjnuFYWf/NwfvQOyAJgTPGhCs9HOL/hHQfP63G63g="},"lastRemoteEphemeralKey":"Bc4VTu4hwtuOkYtoV2q56B4Yl7BrERH5IE4ULrVItopw","previousCounter":0,"rootKey":"pHvVGb1TP8Qb+fQiODsph+YInMhMulV81/uzVeEq9no="},"indexInfo":{"baseKey":"BY8C2WlG0BM+gYJfbeb1u2V5F5DNOII86UpgdXKJkMNa","baseKeyType":1,"closed":-1,"used":1755720109974,"created":1755720109974,"remoteIdentityKey":"BTxuL+I+ipzXtxrKDbn1bNABXdqdGVQUiCVU+ZQP1pRA"},"_chains":{"BeDL2OcZ/vLcgsVqtZUuEaFAGaU7ADzKN0Zts3SVknJo":{"chainKey":{"counter":12,"key":"IFPcEP8BuUoB4UkWvhXBhoPkRKcmkQo3xgzVCk+OL4A="},"chainType":1,"messageKeys":{}}},"pendingPreKey":{"signedKeyId":12828893,"baseKey":"BY8C2WlG0BM+gYJfbeb1u2V5F5DNOII86UpgdXKJkMNa","preKeyId":4012}}},"version":"v1"}