{"_sessions":{"BbfZrHwJMBQOx4uAv3duCR0B6WlGAS4en7oOOT5YfwIc":{"registrationId":1867007855,"currentRatchet":{"ephemeralKeyPair":{"pubKey":"BUHQqMhzcmqWYajCeuVan6q0ENjSVNUiP+mBLdtCddJB","privKey":"OJFhverdJjqtzZnDlecWSsP5TTAMnR/2ZEcDPtFoU2o="},"lastRemoteEphemeralKey":"BcmR3oU6iriUtP+L6EULTdPpr8q4s02FGBTXVGy54Ohr","previousCounter":0,"rootKey":"2vBojcytEskMcU5Cc1X/6vFxuBl2MsylrKG9NurSxds="},"indexInfo":{"baseKey":"BbfZrHwJMBQOx4uAv3duCR0B6WlGAS4en7oOOT5YfwIc","baseKeyType":1,"closed":-1,"used":1755720110023,"created":1755720110023,"remoteIdentityKey":"Bc4UxVik/0Zbsb8ZUP5DXkvQOm2RqCRhybgWFWhiYSs6"},"_chains":{"BUHQqMhzcmqWYajCeuVan6q0ENjSVNUiP+mBLdtCddJB":{"chainKey":{"counter":12,"key":"rjEYqSeaBWY8ffENxGgxBE7G6pgq9AArvDXogRebbmg="},"chainType":1,"messageKeys":{}}},"pendingPreKey":{"signedKeyId":39,"baseKey":"BbfZrHwJMBQOx4uAv3duCR0B6WlGAS4en7oOOT5YfwIc","preKeyId":3791673}}},"version":"v1"}