{"_sessions":{"BS2U+QylUoyCfVz6AYiZ9GprzRL64pPf0IZNqFqtFWwk":{"registrationId":962699748,"currentRatchet":{"ephemeralKeyPair":{"pubKey":"BSiejRagk5d4h9kAajjSvm8aXLDfSTU9wi9jb2qxARoj","privKey":"UOiviUC740nSxYxB7h2ShkyaW7X4GFOylIfSEVlto1s="},"lastRemoteEphemeralKey":"BRa34UV6WmP4ivrg8enXQpuB3YzNdJnyjl1doGjqdmoB","previousCounter":0,"rootKey":"eY3M89xDpukQ1TuPgpxycMht2LzO4aKEnPDgFt8gTl4="},"indexInfo":{"baseKey":"BS2U+QylUoyCfVz6AYiZ9GprzRL64pPf0IZNqFqtFWwk","baseKeyType":1,"closed":-1,"used":1755720110003,"created":1755720110003,"remoteIdentityKey":"BZ+xOkw9XHLyXADwDsyRcjlpCXgfn+qtV0BZMD2AEilY"},"_chains":{"BSiejRagk5d4h9kAajjSvm8aXLDfSTU9wi9jb2qxARoj":{"chainKey":{"counter":12,"key":"Xr+xUN7rygUNpMlrlWHM/V1cP0Bdn1RqXy2hQ2ZgomA="},"chainType":1,"messageKeys":{}}},"pendingPreKey":{"signedKeyId":43,"baseKey":"BS2U+QylUoyCfVz6AYiZ9GprzRL64pPf0IZNqFqtFWwk","preKeyId":2729038}}},"version":"v1"}