{"_sessions":{"BTTAFnac1RGI+eMzAxd5Ol0VSKW6TeoJ2iVUgNHHTgd8":{"registrationId":309870452,"currentRatchet":{"ephemeralKeyPair":{"pubKey":"BdffxqvVESvFFCcqBfG395BlqjJ7fAw6d98ILgzMdqF/","privKey":"wDKzIcw009rJdhfNmG3K6ssZ0DrGlPEHmmZ9eFVwd3o="},"lastRemoteEphemeralKey":"BbeSnPuq3rA0G6jnLf5Uju4o0b47lMgBtiOHiJg20PYD","previousCounter":0,"rootKey":"Cxo3t9QnN7Ytvmi7KZfVKMhkcOGcTs8CKgFKCgZP4hY="},"indexInfo":{"baseKey":"BTTAFnac1RGI+eMzAxd5Ol0VSKW6TeoJ2iVUgNHHTgd8","baseKeyType":1,"closed":-1,"used":1755720110000,"created":1755720110000,"remoteIdentityKey":"BftDufeLikzYwpndVEly9D/7+esXcY2z9mPUXRA1gwAQ"},"_chains":{"BdffxqvVESvFFCcqBfG395BlqjJ7fAw6d98ILgzMdqF/":{"chainKey":{"counter":12,"key":"oKqAu9VxLVz8iwNP+ZGhJOE0ZK+GEghKs10NCm599Os="},"chainType":1,"messageKeys":{}}},"pendingPreKey":{"signedKeyId":8,"baseKey":"BTTAFnac1RGI+eMzAxd5Ol0VSKW6TeoJ2iVUgNHHTgd8","preKeyId":16540172}}},"version":"v1"}