{"_sessions":{"BcO8EZlkFP1ei3bFyFTsY4CDmKzUa4gElgsNZB9gZP0F":{"registrationId":1308931499,"currentRatchet":{"ephemeralKeyPair":{"pubKey":"Be5HITAcIsqtr+k1l8lIAgqXtT9kIoXl0QZ8UMjAGR5Y","privKey":"4OD3EMuB4JLOi13zcxjKJE/aXe4Suhms9VBjI2o/+0o="},"lastRemoteEphemeralKey":"BS/nAiNx4ihlu0K3MNJIyVnPJwZiZ5a0F8R4PQd7BK0F","previousCounter":0,"rootKey":"/DvVRd9xuggVlLMS7wOQkZPNTsLzzYsHPip93Yt7GFA="},"indexInfo":{"baseKey":"BcO8EZlkFP1ei3bFyFTsY4CDmKzUa4gElgsNZB9gZP0F","baseKeyType":1,"closed":-1,"used":1755541495181,"created":1755541495181,"remoteIdentityKey":"BUbF+OROLzBzxMcyM/jBcMiGbCbQ8Cuz/hD2LC8SP1on"},"_chains":{"Be5HITAcIsqtr+k1l8lIAgqXtT9kIoXl0QZ8UMjAGR5Y":{"chainKey":{"counter":1,"key":"Nv5XG5fikfmhi6b0sWb0KrlCYOtE+pSRd0YPRkT/OY8="},"chainType":1,"messageKeys":{}}},"pendingPreKey":{"signedKeyId":10249195,"baseKey":"BcO8EZlkFP1ei3bFyFTsY4CDmKzUa4gElgsNZB9gZP0F","preKeyId":1473}}},"version":"v1"}