{"_sessions":{"BUsdf2NNBSwBepUtnC8mAIiltIpM38gjElINve7Q+hYO":{"registrationId":898920709,"currentRatchet":{"ephemeralKeyPair":{"pubKey":"Bb13g3yja4mY+FrlpgYpoPyV61Q/MBGgOCvEjHkgFw0S","privKey":"cLNBW5+jwWF6lvgUG39o90bAk3M3Y6pfTjcP3wqv+GM="},"lastRemoteEphemeralKey":"BboC/8n+FaWBwg33GHd4e9z9c0DD5bLIDHQ9L6pVBPom","previousCounter":0,"rootKey":"aGZMU90SV1OwDQOp6VWjahLV9/8dDJP5L6afHEVGKYw="},"indexInfo":{"baseKey":"BUsdf2NNBSwBepUtnC8mAIiltIpM38gjElINve7Q+hYO","baseKeyType":1,"closed":-1,"used":1755541495185,"created":1755541495185,"remoteIdentityKey":"BQftuGN+SENFNsXYIFXm2hn6kObKC2NDY/X+QafARYFN"},"_chains":{"Bb13g3yja4mY+FrlpgYpoPyV61Q/MBGgOCvEjHkgFw0S":{"chainKey":{"counter":1,"key":"JnhVHQkwRzRvMnVkTqFNKDH0I/SyxEJCIvNbeu66Ad4="},"chainType":1,"messageKeys":{}}},"pendingPreKey":{"signedKeyId":3,"baseKey":"BUsdf2NNBSwBepUtnC8mAIiltIpM38gjElINve7Q+hYO","preKeyId":11832360}}},"version":"v1"}