{"_sessions":{"Bb+ZFgJFp5c4OPuQj5OWCUHEiswLgHuRPEP0RimSFYx7":{"registrationId":17630422,"currentRatchet":{"ephemeralKeyPair":{"pubKey":"BRGLXz4piGDKxl9Y9X4u9vpx/MXsPBmxMsD8wGGz6ycl","privKey":"IOHrhEytcZb9CoOkwLZYncjNQSe61UstL4eyrZOjQX0="},"lastRemoteEphemeralKey":"BT25F8xGkFj41l2N4tPjyQJNh+aP7Jkc/g8W3psW9h9y","previousCounter":0,"rootKey":"+1JR1T9PE+The/gILopUAQrOceQHOV57pyq8ntEHvCc="},"indexInfo":{"baseKey":"Bb+ZFgJFp5c4OPuQj5OWCUHEiswLgHuRPEP0RimSFYx7","baseKeyType":1,"closed":-1,"used":1755720109984,"created":1755720109984,"remoteIdentityKey":"Bfj2wRqUe2pApoiWnNfcKG2z4zaiYCXGcwEyLFOXRelQ"},"_chains":{"BRGLXz4piGDKxl9Y9X4u9vpx/MXsPBmxMsD8wGGz6ycl":{"chainKey":{"counter":12,"key":"aQl4kcYLbhwrRecxU+cNMZ9ISPxoko2ZbplNEEY97Lo="},"chainType":1,"messageKeys":{}}},"pendingPreKey":{"signedKeyId":52,"baseKey":"Bb+ZFgJFp5c4OPuQj5OWCUHEiswLgHuRPEP0RimSFYx7","preKeyId":3383043}}},"version":"v1"}