{"_sessions":{"BeLLfjyrx3+kjd3u9CjAV9ccH25RI1N5hyeUOvIIooQq":{"registrationId":1458432707,"currentRatchet":{"ephemeralKeyPair":{"pubKey":"BZKPpUywwmzpfSlLfgS84JBEksrJ5Ubx4Wve5f2muYV8","privKey":"eCEmkZB2U9jZCk6P7Jmc/EPJqX8coBWxupW4hBQ8Tms="},"lastRemoteEphemeralKey":"Ba3RH/9DD7z7yYFcEfx1x+10Qp0dGb2+fWaBVNjlSzEr","previousCounter":0,"rootKey":"x6rnbEXvaqIMfRpboSSWg6HcTZlh9NnRqtgfozRzgJ0="},"indexInfo":{"baseKey":"BeLLfjyrx3+kjd3u9CjAV9ccH25RI1N5hyeUOvIIooQq","baseKeyType":2,"closed":-1,"used":1756723384298,"created":1755070532166,"remoteIdentityKey":"BddjwXr+c+0SsjKqEAMW2CNaG5p7FMiAPM9gbzektBgY"},"_chains":{"BdGNoNB2tRueTLYrCvNMIOCmq2jBLIDLPQaVggwl8Y0S":{"chainKey":{"counter":0},"chainType":2,"messageKeys":{}},"BQOVT1Xm6M4EGabltLggPqpaKtU4zqn5XFwYwJPA8Zdw":{"chainKey":{"counter":0},"chainType":2,"messageKeys":{}},"BTBurOhXVWWODYbVAII+Fo5k0poze0jsnOuaj8302UZT":{"chainKey":{"counter":0},"chainType":2,"messageKeys":{}},"BSZRIFcSi/wOIvUDUlPfnTmc8DsreluB21oB1QETJ4wM":{"chainKey":{"counter":0},"chainType":2,"messageKeys":{}},"BaxKleR5G4+Z0dR2vOJjBZMtozUjHVGw+m+yLPpFjpBe":{"chainKey":{"counter":0},"chainType":2,"messageKeys":{}},"BfQfXdohMZBGEkW4caY6tBVlsiYv2zqAty09X3UqFR0m":{"chainKey":{"counter":0},"chainType":2,"messageKeys":{}},"BR8dmlLQ0jqQNCejm5xem34J1D7EPhgSpJ75f0Gwvh0t":{"chainKey":{"counter":0},"chainType":2,"messageKeys":{}},"BR1kCVBMyDQ15J8MJNRxi5/Ef9rZzpeVBk+mZ0tkl7Ib":{"chainKey":{"counter":3},"chainType":2,"messageKeys":{}},"BUOXIHrfdCyBrqcq8uMHDgOjBJnthvvIzyDIkkrhR8xW":{"chainKey":{"counter":0},"chainType":2,"messageKeys":{}},"BS+UgAfujH2VZlb8k8Kwbfjuri+NPc+qCAivCJTIkUZv":{"chainKey":{"counter":2},"chainType":2,"messageKeys":{}},"BUWPfSmQpY//5eU0xvNgg+LL7EqC2upeV4pnOMhKQYg7":{"chainKey":{"counter":0},"chainType":2,"messageKeys":{}},"Bc5+8tqzsVS2KefVStsstYLx4/+De8mrZbZMP2MGcBsv":{"chainKey":{"counter":0},"chainType":2,"messageKeys":{}},"Bcz10s6WpWKEpE/5qOk6Rw8sg4gwkG8gqTNfsGQp/eMz":{"chainKey":{"counter":0},"chainType":2,"messageKeys":{}},"BcHGBaAodCB1zZTHV8tG4qyNJV+THUXAg280vJR3OEEn":{"chainKey":{"counter":0},"chainType":2,"messageKeys":{}},"BVSsVJSX+MchFr0rfxmkqEP7CGsl2LX4T03+f3UKpppo":{"chainKey":{"counter":0},"chainType":2,"messageKeys":{}},"BezLy6HnZCff/nXJid2dev4Is3RCdyXdfi7t2k2xP8pp":{"chainKey":{"counter":0},"chainType":2,"messageKeys":{}},"BbsFhZCLWeQyTBBOeMS+h3GN+bp/r9AQ5+i+GoDTZlNR":{"chainKey":{"counter":2},"chainType":2,"messageKeys":{}},"BdqvsHHH8O24QD88QWUP1tAyNjLMCFk7OR7CTNR2BO4l":{"chainKey":{"counter":0},"chainType":2,"messageKeys":{}},"BdPKlEH9+qLnZYDJ+kBu7LmDZZxZ2v89+Fy1zZwoPS49":{"chainKey":{"counter":0},"chainType":2,"messageKeys":{}},"Bf5csRHIUSxH+h923VuLDoyvRKUJ2fWfnz9rt/0z1XQ0":{"chainKey":{"counter":0},"chainType":2,"messageKeys":{}},"BT4IVzPpTjC8SOHyux1M2Aj1DVbxMY51hZo3g+g2DWES":{"chainKey":{"counter":0},"chainType":2,"messageKeys":{}},"BcRoARYy6J+QKVxwLhU9Y5LV8bus87JdJWNCoVigqNE+":{"chainKey":{"counter":0},"chainType":2,"messageKeys":{}},"BeTqPZBEbz7Uy8yvOyIL7IMDowD8Bfp2MJMNgkeWTWt4":{"chainKey":{"counter":2},"chainType":2,"messageKeys":{}},"BalgJBT6C4e0MT7slo4sqynRwEGm3eg+lBffKDDrQaAh":{"chainKey":{"counter":0},"chainType":2,"messageKeys":{}},"Bf0P5t2GX4gt8nVVDzm5rkhNnb3eG9bxcB/q7f0wwNpV":{"chainKey":{"counter":0},"chainType":2,"messageKeys":{}},"BQ5hrH6JgkInl6UCtSoJ8eb4mOyLobWjyeMjVTd++chP":{"chainKey":{"counter":1},"chainType":2,"messageKeys":{}},"Ba3RH/9DD7z7yYFcEfx1x+10Qp0dGb2+fWaBVNjlSzEr":{"chainKey":{"counter":0,"key":"xOHFUhSuypCMtO42AVl4n3IV8nvXBTbGLQOKvC17ySk="},"chainType":2,"messageKeys":{}},"BZKPpUywwmzpfSlLfgS84JBEksrJ5Ubx4Wve5f2muYV8":{"chainKey":{"counter":-1,"key":"MwYUz1j1UULIDaRxmgfHMT28Y22l7OyO7lTMvn679iI="},"chainType":1,"messageKeys":{}}}}},"version":"v1"}