{"_sessions":{"BV3AG14G7f7dC6yqkx2oBa+T4/KHNutphv0Pg+1PdwoY":{"registrationId":981805399,"currentRatchet":{"ephemeralKeyPair":{"pubKey":"BQeXfYDIUfexln4YnG1Ku8XAb5nAbMf8oQ5H94amDv1w","privKey":"OKOSjABI/ZV8nqLYs/DWhhzQ2/ELa3S2poTHpxdRgWg="},"lastRemoteEphemeralKey":"BWP1wXZz0Yq/luTD1+rD6Ebu9cD7Cn/FsGuBWlEwvu8E","previousCounter":0,"rootKey":"Q0zkQWd8eFhfsy2Oq/ORzwgO1ms+63NrBOHb/TYL8zI="},"indexInfo":{"baseKey":"BV3AG14G7f7dC6yqkx2oBa+T4/KHNutphv0Pg+1PdwoY","baseKeyType":1,"closed":-1,"used":1755720109985,"created":1755720109985,"remoteIdentityKey":"Ba4AcHWulUGHrwAsJg8Ds4avzECJsplLb2yLj3A+z3MF"},"_chains":{"BQeXfYDIUfexln4YnG1Ku8XAb5nAbMf8oQ5H94amDv1w":{"chainKey":{"counter":12,"key":"pfrcrQKiaHSOr7T8x5jDOP1+itgqtO1q2uVFK+PvRrw="},"chainType":1,"messageKeys":{}}},"pendingPreKey":{"signedKeyId":24,"baseKey":"BV3AG14G7f7dC6yqkx2oBa+T4/KHNutphv0Pg+1PdwoY","preKeyId":14423009}}},"version":"v1"}