{"_sessions":{"BQWmC1IOf7oZMTxqz+7AMave0l/sM9fSX3PEUCz/AnRo":{"registrationId":1420029893,"currentRatchet":{"ephemeralKeyPair":{"pubKey":"BW6X9MbYEF03KUI6FfwKskoZ3gaR6dp43czW0uBb41B9","privKey":"WGLsGOiNRNiTIlSqD2DLphX/S4KKFfVwFlnFTPsIIVg="},"lastRemoteEphemeralKey":"BXc4xJHLkK/tV4iprrjnF5gBa1bDXrYm1p4x2r93L7B7","previousCounter":0,"rootKey":"KTY+v0qkWqPv8bA4kF3yzkAhHkwJPcxFWgatlGZ1Rvk="},"indexInfo":{"baseKey":"BQWmC1IOf7oZMTxqz+7AMave0l/sM9fSX3PEUCz/AnRo","baseKeyType":2,"closed":-1,"used":1755721620493,"created":1755720101683,"remoteIdentityKey":"BeXr9Uwm2ISb9OXkzai9mJHo4Z0+qdqkkRnHqdJzjJtm"},"_chains":{"BfoDdHVhFd1ijlhSx2U6g4K3+3/vHxO1/J5XStfVIuxQ":{"chainKey":{"counter":31},"chainType":2,"messageKeys":{"0":"AK2tMXvlbpmmhlS5L+pRkRXtLZujR5qxe7WCebvsRhs=","1":"sd8lHWQLCNJDi8gIUVHDIrYBG0R3dnpmCfSlCVD/D0Y=","2":"8ZTpTSYJ9KHvD7VuCLJYowVNjzu1IIA4F/lW8vKnQRI=","3":"p0CaezkHMNjgT+TdEQ5u+DgqmMH1PBTn6Y0jNzWFUus=","4":"VLfBx9dk8+QEMhUZ1RQgZoG0dV8Fv+pvLa4/9JIfrE4=","5":"g9TsGBK9+ckJlgPfbYdbgmv0JvGdLSKQyBQjjSJFtO8=","6":"7i4nHGZJQRqt8Yi03r8XCCQvZMLQiGJmkwheT0e5Yu4=","7":"CaDQ06b8xMBZ+ot4pmfdbG5CVcIosEQJOnr3m+MqxY4=","8":"wZpLyJ5PVtrWhKgNgpAdQ0CN/DuZmxTyPnEO0S9z14g=","9":"R9vonFSyYvSb/YUyFktWfGXyL1h8IjkXg2ThojUxZjk=","10":"dEaEtRmqFTybyrUQYKqA0F2Y501UehDsl815EszFEks=","11":"Or3/141vEzp1nXGgqruD7CqDXZmonUES272k8/LeQD4=","12":"dgR0I4n9N0V/3RPNiUYFeH1kk4FATRMWnnj3EGE6bI4=","13":"x9UFt05H+B+TCnPSB4/hkqzHLX7YgQdRSu617oXSemM=","14":"zmnRB+Vve2Vso5J9kFc1aSZZd6iTYxCX+QEWvvKBcwQ=","15":"ANpvN6Kxz4ZXOOGRI8rb7wygmrIwZjYIZbDT+EAkUqE=","16":"2gcoUDsrcYRSvsYJL+A6am6qPXZ6NpU+EbM9ZlA+LyY=","17":"AFB8ghlJO+RdsOlYsUT8Jfa4XXx3b+WyGwDRuiAE9N8=","18":"XVN4Oi5/Vz0eYcYiWw3+0ipeZoeGuVZUCqvGg5nQ3nw=","19":"XmGELJJxPPbF8SZG1A9UmYG6x641/cjGcrBSzvExros=","20":"hT5O7RDhrLrNOWwRTI0VugB3PanufkqgGF+U8fMGoxw=","21":"DFM/WtYE28l5ElGgtVZFC6/IZYg2yilczD9ByRvLAEo=","22":"Y5LLHYfdyRlaQlrp5420V8mBsidxhEJUYq3n9GuM250=","23":"et1QQaVC9JF8gedBICqBwYwF7cRRnxfwiZ365IGBpCI=","24":"+beIRaxyENULDoZCJj04JetCCrZO/t17zt9O57f8gEs=","25":"4dmkeczSpvpYvCBc+0Lq8mQrW2pPT+/pERxCmiTztq4=","26":"SS22nsE+F6L0/RzAPS675lLZHdZLsO7gSQy6jfmltkk=","30":"1ZlYJR5+zCwyMzOBRGMldg633inh37EoqrY29YkA2H0="}},"BXq8qmfiQTRDJzE6OCdyp0R90/BRdetU1oJlgooMJjNK":{"chainKey":{"counter":0},"chainType":2,"messageKeys":{}},"BVenujvhSZR8EK5xvo050M4SBQMKiuUFZgc4hnS/k1ls":{"chainKey":{"counter":2},"chainType":2,"messageKeys":{"1":"SFbNj3yTNNPV7qMJoEJKheFNmPFk99tjKlBCSeFm6nA="}},"BYPuUmdy+CRiBGlgRYZjBVgi3R+XPyiPr0hJco05w6It":{"chainKey":{"counter":0},"chainType":2,"messageKeys":{}},"BXc4xJHLkK/tV4iprrjnF5gBa1bDXrYm1p4x2r93L7B7":{"chainKey":{"counter":0,"key":"1q1UOIOIe140zaEkGisj2U456DaOHm2lUb5aUwfGVfc="},"chainType":2,"messageKeys":{}},"BW6X9MbYEF03KUI6FfwKskoZ3gaR6dp43czW0uBb41B9":{"chainKey":{"counter":0,"key":"BNT1w2x7KIMV1Cuuh6bUuxnCCLDAooJCS4Tqy3pXcV8="},"chainType":1,"messageKeys":{}}}}},"version":"v1"}