{"_sessions":{"BSS5NAHjVuZ1yjsnoURTLs66tykvg2Zqe5bPPAgbP1En":{"registrationId":813183347,"currentRatchet":{"ephemeralKeyPair":{"pubKey":"BWIDa77lxFWTI6ZQ87HYHxZcKZsVyXtc4A5sVW2l8A87","privKey":"yEry3vZvPXa0+m2XVV/s9V8S0lAAvuRh0IaPMwTLtns="},"lastRemoteEphemeralKey":"Bbi4x8JWg5xTikv2943KrpK1u+Q4L1uxJx+luaDl49YY","previousCounter":0,"rootKey":"ppKyJ2wW/gsIe5a1B+cfV3F/X4P/1gXW776wZGqniwc="},"indexInfo":{"baseKey":"BSS5NAHjVuZ1yjsnoURTLs66tykvg2Zqe5bPPAgbP1En","baseKeyType":1,"closed":-1,"used":1755720110056,"created":1755720110056,"remoteIdentityKey":"BXkGutIv2U0QmNn0e5pNK9dF8SmM1A5yTOc6Zy7fW485"},"_chains":{"BWIDa77lxFWTI6ZQ87HYHxZcKZsVyXtc4A5sVW2l8A87":{"chainKey":{"counter":12,"key":"xkYxlM+6j+sPrYMnECDT74ViQld91ukfIMvucapyAus="},"chainType":1,"messageKeys":{}}},"pendingPreKey":{"signedKeyId":10003747,"baseKey":"BSS5NAHjVuZ1yjsnoURTLs66tykvg2Zqe5bPPAgbP1En","preKeyId":15381}}},"version":"v1"}