{"_sessions":{"BeCu03yMbX40c4u1rY0c2RroEcZ7dCp/hYZCB2TkHKFx":{"registrationId":5665,"currentRatchet":{"ephemeralKeyPair":{"pubKey":"BXJg6Q7GkZGBg26sQqDJaDK9Bt1QQER1o9VsiL5r8xta","privKey":"8LfO40evNqvcGrUtF+iCdAckhNwGx/KoWDGMdIIbznU="},"lastRemoteEphemeralKey":"BQtNpICa6wC6lYon6WNm2szNvZx8L3rTrgr8bHgeiWk7","previousCounter":0,"rootKey":"2/UDNGFfyADwiPBaELXHejf65eS2jwYwZDN58eGl6Ak="},"indexInfo":{"baseKey":"BeCu03yMbX40c4u1rY0c2RroEcZ7dCp/hYZCB2TkHKFx","baseKeyType":1,"closed":-1,"used":1755720109903,"created":1755720109903,"remoteIdentityKey":"BfvdwtV2K0LWtMTw8NilMNQrzgo9b1f28eEG+r9gpaJ3"},"_chains":{"BXJg6Q7GkZGBg26sQqDJaDK9Bt1QQER1o9VsiL5r8xta":{"chainKey":{"counter":12,"key":"PQTAACCNPJKlxw1SQhsCaGKi7gvJBS7oqtlDWvhWTJo="},"chainType":1,"messageKeys":{}}},"pendingPreKey":{"signedKeyId":4,"baseKey":"BeCu03yMbX40c4u1rY0c2RroEcZ7dCp/hYZCB2TkHKFx","preKeyId":7466}}},"version":"v1"}