{"_sessions":{"BVFGfNRC6V4HiIvlEmAGrE6dwPUzVSn8MMw1Vy9GSgAe":{"registrationId":1328911059,"currentRatchet":{"ephemeralKeyPair":{"pubKey":"BW0x8X1wqdwSyLpj3LKmbU9wj9v42HImcdB29BovC44l","privKey":"YAAort3NVHJhjXFKERyiChV+HmMIJbBC9w+HxMdhXlY="},"lastRemoteEphemeralKey":"BWrn6OUffbYuiSBwH8OBf5DVeo8A/SgeKH/hawcs+cMg","previousCounter":0,"rootKey":"DVC6RNpBCXbhy2fNBLeF2sbtmLQBJMwJ9ktNOfwGOlA="},"indexInfo":{"baseKey":"BVFGfNRC6V4HiIvlEmAGrE6dwPUzVSn8MMw1Vy9GSgAe","baseKeyType":1,"closed":-1,"used":1755720109930,"created":1755720109930,"remoteIdentityKey":"BSnqSv0yipz8XAAs+yqRM7pMsDVF8kuvl9SZjsDwKUZ1"},"_chains":{"BW0x8X1wqdwSyLpj3LKmbU9wj9v42HImcdB29BovC44l":{"chainKey":{"counter":12,"key":"GxHrhtcCyTqFNhvuhbbrxu4lX+LzRRNytnY14dBKYpA="},"chainType":1,"messageKeys":{}}},"pendingPreKey":{"signedKeyId":9,"baseKey":"BVFGfNRC6V4HiIvlEmAGrE6dwPUzVSn8MMw1Vy9GSgAe","preKeyId":5301546}}},"version":"v1"}