{"_sessions":{"BVU/i68DIYcrgfyITGU15lWJVWrri6ImMxymh3fZzBl0":{"registrationId":668410453,"currentRatchet":{"ephemeralKeyPair":{"pubKey":"Bdyb8aXZv8/u70xmjtN29fdd7ZVUvYlxoRZ9KybkWKxJ","privKey":"oFIU/t7hn2LN9hNOzsVfM/EfzI8HUwumUP45KFplOHI="},"lastRemoteEphemeralKey":"BVuWqW3IP5KeW9SJrm5BPHWOG2712VFCOolWhk7jg4NY","previousCounter":1,"rootKey":"CaTQAzglcSjCt3+n63TwR9eAiUD9dZPZ22RqUtO5f/8="},"indexInfo":{"baseKey":"BVU/i68DIYcrgfyITGU15lWJVWrri6ImMxymh3fZzBl0","baseKeyType":1,"closed":-1,"used":1755543224646,"created":1755541495178,"remoteIdentityKey":"BX+0n0ZIV1bkg/loS45mCDv0VyUImKbuxeIldBPH3HZ4"},"_chains":{"BVuWqW3IP5KeW9SJrm5BPHWOG2712VFCOolWhk7jg4NY":{"chainKey":{"counter":1,"key":"RTaTgylAvAt4Jxl+htoH1vRPF9vFTCM80yzREJngoY8="},"chainType":2,"messageKeys":{}},"Bdyb8aXZv8/u70xmjtN29fdd7ZVUvYlxoRZ9KybkWKxJ":{"chainKey":{"counter":-1,"key":"XDfqSVDLtTiIYRFJp8GZVFaQir2epd5FNePZ996IIiE="},"chainType":1,"messageKeys":{}}}}},"version":"v1"}