{"_sessions":{"BRbbz1R6G9LNoawLffHTjVN1sitB3H/3BzgI4R+Lh8Er":{"registrationId":1814473432,"currentRatchet":{"ephemeralKeyPair":{"pubKey":"BdFJVgVSN6XaNEPYtelspaVtx3/SIznV+XPx4GKSf2Vm","privKey":"6DrevPdW0tGqLL6w+iEjWXtoNBgncjJ5rIAZ/rAiuFw="},"lastRemoteEphemeralKey":"BSpgVpc/7ak/eNUlI6nJ0c+04eLsAhOrRagQEGK0FRQt","previousCounter":0,"rootKey":"Z3aWSzXcmdX1Pi2GiMuaoP6Q541bUM0eHcQYLH5iQDg="},"indexInfo":{"baseKey":"BRbbz1R6G9LNoawLffHTjVN1sitB3H/3BzgI4R+Lh8Er","baseKeyType":1,"closed":-1,"used":1755720110066,"created":1755720110066,"remoteIdentityKey":"BaYR/UARXV/dDhQuJY7pubmzgqk9NrmDL/YXKnDHSEBX"},"_chains":{"BdFJVgVSN6XaNEPYtelspaVtx3/SIznV+XPx4GKSf2Vm":{"chainKey":{"counter":12,"key":"BH09F90SdrDNS46IHG0lyAbZE+4SrlfjKn/WhqDfIQg="},"chainType":1,"messageKeys":{}}},"pendingPreKey":{"signedKeyId":73,"baseKey":"BRbbz1R6G9LNoawLffHTjVN1sitB3H/3BzgI4R+Lh8Er","preKeyId":5164155}}},"version":"v1"}