{"_sessions":{"BSwpm6g9p9PWb3b4wpvAJfp8bph6Zjzp1o47L7OZylNC":{"registrationId":6311,"currentRatchet":{"ephemeralKeyPair":{"pubKey":"BaK5fgsZYuUzA7KUBYeIi0egyZeNGClqU1uHi6dmCxBy","privKey":"CEFAy8hP1kYVEemKXXkNH0oIRgZ5SFkyuW36CyKuIXg="},"lastRemoteEphemeralKey":"BQnHutDkc5QnXO1ljqy3EUT4FoUr98q0bMx0VuBj9bIw","previousCounter":0,"rootKey":"S++1W3Iz5paC3b4xo/NfqFX8UOPgfvPXRXwTT1xiGkM="},"indexInfo":{"baseKey":"BSwpm6g9p9PWb3b4wpvAJfp8bph6Zjzp1o47L7OZylNC","baseKeyType":1,"closed":-1,"used":1755720109897,"created":1755720109897,"remoteIdentityKey":"BSrN7RyBz6zSaz0vxUNYra0IG8376OgqIuGnfzL8CLsM"},"_chains":{"BaK5fgsZYuUzA7KUBYeIi0egyZeNGClqU1uHi6dmCxBy":{"chainKey":{"counter":12,"key":"JA4TW1TukOjH2KdEwcBVjvB6CKNBwaVm+TCNX3oj+gU="},"chainType":1,"messageKeys":{}}},"pendingPreKey":{"signedKeyId":1,"baseKey":"BSwpm6g9p9PWb3b4wpvAJfp8bph6Zjzp1o47L7OZylNC","preKeyId":446}}},"version":"v1"}