{"_sessions":{"BRXkLJ1wqXz03I3hWOxvB/tw6NZDYH6zJKbntIDRIJ09":{"registrationId":1734833351,"currentRatchet":{"ephemeralKeyPair":{"pubKey":"BXOWxLbY3CFIO/jtLmR2J3kJwmeHUUw1KDjjXwGLTfgm","privKey":"0PA/Q2S5L6j2+9DjmGIuwHZGnE4sQS+Qi++iRJomFXQ="},"lastRemoteEphemeralKey":"BTky822sjd3cUlceOjT3LUEZgVbj1oCPTkjbN7WIsO5T","previousCounter":0,"rootKey":"4aYefs5J44z+0Mxa/y3kuMdu42tvgfYCeJk2OHrhKT8="},"indexInfo":{"baseKey":"BRXkLJ1wqXz03I3hWOxvB/tw6NZDYH6zJKbntIDRIJ09","baseKeyType":1,"closed":-1,"used":1755720109999,"created":1755720109999,"remoteIdentityKey":"BdMbugwWyVkhHa0NboYVGtkAVg79uu7xJMwBfF0NGylK"},"_chains":{"BXOWxLbY3CFIO/jtLmR2J3kJwmeHUUw1KDjjXwGLTfgm":{"chainKey":{"counter":12,"key":"ulxo5n6uggzmzStgU5K0GKUzMcmZTrnXcsoGtOPkBDs="},"chainType":1,"messageKeys":{}}},"pendingPreKey":{"signedKeyId":21,"baseKey":"BRXkLJ1wqXz03I3hWOxvB/tw6NZDYH6zJKbntIDRIJ09","preKeyId":15571414}}},"version":"v1"}