{"_sessions":{"BfUImBu1OCTvKyGI0ylTKqW260Fw7cU/8/SeQHh/t8xW":{"registrationId":2049096854,"currentRatchet":{"ephemeralKeyPair":{"pubKey":"BXwvilG7D+gK/5fGl5CIEM4Q0LiQVcjdPidKSDp2G7NU","privKey":"SMmFNJgVxTVK8w8lvBFj46y0GEKxK0Rt/BnLuYLKxVI="},"lastRemoteEphemeralKey":"BSQJJLSdFQAOHV9m66d7tmaU1afdOzJFr8nMyEaKxZM2","previousCounter":0,"rootKey":"EanoIUMkb2/BN9mQC2zG2rXCN+4R0HBfgb5Gd3LsA1I="},"indexInfo":{"baseKey":"BfUImBu1OCTvKyGI0ylTKqW260Fw7cU/8/SeQHh/t8xW","baseKeyType":1,"closed":-1,"used":1755720109978,"created":1755720109978,"remoteIdentityKey":"BVdrP49SBqMJCqA3EAbzPTElekrE28I6+KujughW54JP"},"_chains":{"BXwvilG7D+gK/5fGl5CIEM4Q0LiQVcjdPidKSDp2G7NU":{"chainKey":{"counter":12,"key":"0hhe1fVYDMr1lOHAHC9YfomWdqAPsubOUOsl/zg2VTg="},"chainType":1,"messageKeys":{}}},"pendingPreKey":{"signedKeyId":1,"baseKey":"BfUImBu1OCTvKyGI0ylTKqW260Fw7cU/8/SeQHh/t8xW","preKeyId":9595612}}},"version":"v1"}