{"_sessions":{"BdD+OaBFXj+v9ot/iukRJBgnG7qWjNEigcnRaxEhXl15":{"registrationId":2140767337,"currentRatchet":{"ephemeralKeyPair":{"pubKey":"BWZq1W9Z66f95TuJ+xsZtnkmkbWvleO0DMtSWFsSSeVw","privKey":"4AWSX35uWNSzaxbEr6vZryq50e66eVCIY3i5jUy6kE8="},"lastRemoteEphemeralKey":"BU5Z3QUy4qhmQn+a4TmJjquHzpgJvSRqHmDlrLsCE9RG","previousCounter":0,"rootKey":"0eMcAZ/NvCvyY24ZIF89/MkvULKOQBEa0X5hUVzYfZg="},"indexInfo":{"baseKey":"BdD+OaBFXj+v9ot/iukRJBgnG7qWjNEigcnRaxEhXl15","baseKeyType":1,"closed":-1,"used":1755720110059,"created":1755720110059,"remoteIdentityKey":"BWv+kf7/b2HFHE8N+/NnAcwELTh8bpAKdlyrlZNNXA4y"},"_chains":{"BWZq1W9Z66f95TuJ+xsZtnkmkbWvleO0DMtSWFsSSeVw":{"chainKey":{"counter":12,"key":"fye032F7JGkTDcIiaFEwj6TzLmW3gCNj3sGkMFNxqEY="},"chainType":1,"messageKeys":{}}},"pendingPreKey":{"signedKeyId":40,"baseKey":"BdD+OaBFXj+v9ot/iukRJBgnG7qWjNEigcnRaxEhXl15","preKeyId":12230020}}},"version":"v1"}