{"_sessions":{"BYf2kgCWRQRl9jrkKAD3AtYZsx3BShgQtSALoPF2UQJ9":{"registrationId":1255713890,"currentRatchet":{"ephemeralKeyPair":{"pubKey":"Bb4+GkUMNbTyNqv7PtG3JlZuq6akVvix68zApQiDxv5d","privKey":"QFD5j1ihj2qB7Emisjlwdzs9z/70jA3cev86C/oOLn0="},"lastRemoteEphemeralKey":"BaHYMopXzlk8vs9lT5xi06rLIx3EjksGRtv5T/YOY5J/","previousCounter":0,"rootKey":"pbgKzI5Bo5l2KiZm4dIaevCYson5TEMh/1eBdNDuTg0="},"indexInfo":{"baseKey":"BYf2kgCWRQRl9jrkKAD3AtYZsx3BShgQtSALoPF2UQJ9","baseKeyType":1,"closed":-1,"used":1755720110054,"created":1755720110054,"remoteIdentityKey":"BQuTy4H/qOG8se37O5sJ5SdjEmJ7KduDZbJ8+Jh3OdMX"},"_chains":{"Bb4+GkUMNbTyNqv7PtG3JlZuq6akVvix68zApQiDxv5d":{"chainKey":{"counter":12,"key":"mfXE2njVG7vaCJrgRb16karvs54plvZck3ZFVbHWfcQ="},"chainType":1,"messageKeys":{}}},"pendingPreKey":{"signedKeyId":21,"baseKey":"BYf2kgCWRQRl9jrkKAD3AtYZsx3BShgQtSALoPF2UQJ9","preKeyId":12739497}}},"version":"v1"}