{"_sessions":{"BfBkYKdLJeVRrILCPTMReaJGZ4FiiDavcTsrK6wRQEN8":{"registrationId":1475858901,"currentRatchet":{"ephemeralKeyPair":{"pubKey":"Bdk7y1SiOxy8lbUHGR5gwyR8e29P2HzSGA2sslWan5J+","privKey":"qEZpPw0N6PxN+xkle/ahEwWv+6jDztCPntDKeFezalc="},"lastRemoteEphemeralKey":"BfOE+wtiB1zD/QzvM7KpqWJ6KoMLy4FyIZ6UoCb5BgU5","previousCounter":0,"rootKey":"YGQQD/TM6N5cnxZcFdCv0MHY0JnCulOOYeQ4lkPcHi4="},"indexInfo":{"baseKey":"BfBkYKdLJeVRrILCPTMReaJGZ4FiiDavcTsrK6wRQEN8","baseKeyType":2,"closed":-1,"used":1761603267238,"created":1761603267238,"remoteIdentityKey":"BU9ew/twZEsKmVaUh3/A341OAyd705zT7l8IRf5R43ou"},"_chains":{"BfOE+wtiB1zD/QzvM7KpqWJ6KoMLy4FyIZ6UoCb5BgU5":{"chainKey":{"counter":6,"key":"tVUNPO8jh9I6exeMYcWFX0Cx95TbmvnabZgnyYFqI/w="},"chainType":2,"messageKeys":{}},"Bdk7y1SiOxy8lbUHGR5gwyR8e29P2HzSGA2sslWan5J+":{"chainKey":{"counter":4,"key":"MjSyiA0xtDv044mTziYasJlX+FECF8NXO/DaOYH7ly0="},"chainType":1,"messageKeys":{}}}}},"version":"v1"}