{"_sessions":{"BYs9kKhqpoa/lTPqHBHixr6DQykM1vcTch9EBC/9QLwa":{"registrationId":138120343,"currentRatchet":{"ephemeralKeyPair":{"pubKey":"BRHXPdC/3djAFwkpYPFG3DzFLzAanTr3os9ZSgNPrsoJ","privKey":"QKP5Y/8JkEu27LvZDpviMW/Pxvo+dsb8eiR9eTO64Ho="},"lastRemoteEphemeralKey":"BQ84b96QKkjytNV1gx+QiF+9za7wfZC0Bv4Twe9xXZNu","previousCounter":0,"rootKey":"YZB0L3d8RpMK0rn0T3ypCR3hG1y4Ovj7OnVGxN/W80I="},"indexInfo":{"baseKey":"BYs9kKhqpoa/lTPqHBHixr6DQykM1vcTch9EBC/9QLwa","baseKeyType":1,"closed":-1,"used":1755720110008,"created":1755720110008,"remoteIdentityKey":"BdsvBG8r7gIwPokZsBr62tcPAHxR0EGckezQ8a8xcpts"},"_chains":{"BRHXPdC/3djAFwkpYPFG3DzFLzAanTr3os9ZSgNPrsoJ":{"chainKey":{"counter":12,"key":"rRPxr7c6kTyYk7/fJLTuiGeuMi5Hp5rhen8oEiEGGdI="},"chainType":1,"messageKeys":{}}},"pendingPreKey":{"signedKeyId":3,"baseKey":"BYs9kKhqpoa/lTPqHBHixr6DQykM1vcTch9EBC/9QLwa","preKeyId":6721050}}},"version":"v1"}