{"_sessions":{"BRGcu7ElaHS+QSmbpGozKs2vKaffOAjqj1O2fi+Si9cB":{"registrationId":619863643,"currentRatchet":{"ephemeralKeyPair":{"pubKey":"Bd4TUU2JlXUOnUSx0vEitAzFaxPP4AH2LxdsxNJao9AJ","privKey":"cD2YKEJVtu/kkVcbdtNiv6sVEVtnUnVZF3KhHWw7DV4="},"lastRemoteEphemeralKey":"Bda9VIPNFe5TLxwtArXp4bZpWW9dbRp8nWrATytYYyc5","previousCounter":0,"rootKey":"xmbDqljynpZZ9QsVzyHgRrF132ivn5j38iVw162tWj8="},"indexInfo":{"baseKey":"BRGcu7ElaHS+QSmbpGozKs2vKaffOAjqj1O2fi+Si9cB","baseKeyType":1,"closed":-1,"used":1755720110025,"created":1755720110025,"remoteIdentityKey":"BYUOx1aqiDKTgwKxYVHeTSX77tZwOL8CktAcJ2vsLjwn"},"_chains":{"Bd4TUU2JlXUOnUSx0vEitAzFaxPP4AH2LxdsxNJao9AJ":{"chainKey":{"counter":12,"key":"D+ivP02leQKKzTlLqIHWXGLj1wU0rPHcCR44GkCirRY="},"chainType":1,"messageKeys":{}}},"pendingPreKey":{"signedKeyId":55,"baseKey":"BRGcu7ElaHS+QSmbpGozKs2vKaffOAjqj1O2fi+Si9cB","preKeyId":5851983}}},"version":"v1"}