{"_sessions":{"BfCgWTqbhBddBvlw8K8+O+RiMUDR1tAbso5KAhmvatYZ":{"registrationId":1558,"currentRatchet":{"ephemeralKeyPair":{"pubKey":"Baaq2sh94W4pLPgyOUaWyYtThy389fhUmeka+MK9AEFz","privKey":"AN5m8+WhFMq5Eaj9nDhIlMh1Xj9Xvxg6iCtqstJFpEQ="},"lastRemoteEphemeralKey":"BSQeF9vewQh732wP1WPx+XXJFZtyECdM2Od6rkBjLvxr","previousCounter":0,"rootKey":"LXuOf9NOxvSMDT6mA42MeiddyBDbaIvImsqGDSRXKM4="},"indexInfo":{"baseKey":"BfCgWTqbhBddBvlw8K8+O+RiMUDR1tAbso5KAhmvatYZ","baseKeyType":1,"closed":-1,"used":1755720109890,"created":1755720109890,"remoteIdentityKey":"BaQAMeAA8nae/P/fNxAQF/mwikew+V2eX7z0XPtj3ywE"},"_chains":{"Baaq2sh94W4pLPgyOUaWyYtThy389fhUmeka+MK9AEFz":{"chainKey":{"counter":12,"key":"yq4MMBo7RICpgM2SC3diTVMyXyRupEZH4Bnh87rLomg="},"chainType":1,"messageKeys":{}}},"pendingPreKey":{"signedKeyId":1,"baseKey":"BfCgWTqbhBddBvlw8K8+O+RiMUDR1tAbso5KAhmvatYZ"}}},"version":"v1"}