{"_sessions":{"BQSy9rANd0e6D3zBl/W2eZGEBOAUWiqMlXWqvGOMEXBw":{"registrationId":1578463756,"currentRatchet":{"ephemeralKeyPair":{"pubKey":"Bb7seUwBZiNjsRENuX+Rb6kwXrLDBseCuhP7QoOViSRB","privKey":"QPEhRKdn2+UBQqRleyoHYq8Zzu3XF28C3u4tNVY5m3Q="},"lastRemoteEphemeralKey":"BWrMLmNXbXT/JlROqjJ7O/5uzFwfH4yJ1nH46aOCKJdX","previousCounter":0,"rootKey":"ZcXzXHTQXS2m8jwu9Kf9qSbdaoeb4H+9QbUnGxm/29U="},"indexInfo":{"baseKey":"BQSy9rANd0e6D3zBl/W2eZGEBOAUWiqMlXWqvGOMEXBw","baseKeyType":1,"closed":-1,"used":1755720109967,"created":1755720109967,"remoteIdentityKey":"BZ5ACBmkU8DPSD6/lHsejgck1C0TMKCOxYFhywqr3Jhr"},"_chains":{"Bb7seUwBZiNjsRENuX+Rb6kwXrLDBseCuhP7QoOViSRB":{"chainKey":{"counter":12,"key":"XG8G2IPz7GkRnlBJeeKjw40BY/vr9WmmOBOG2mxdHWM="},"chainType":1,"messageKeys":{}}},"pendingPreKey":{"signedKeyId":13,"baseKey":"BQSy9rANd0e6D3zBl/W2eZGEBOAUWiqMlXWqvGOMEXBw","preKeyId":13627608}}},"version":"v1"}