{"_sessions":{"BfWGRYTEOi3Mczw7aemtSJ0adFUxM+0FRr+9n2720GpG":{"registrationId":384563726,"currentRatchet":{"ephemeralKeyPair":{"pubKey":"BRIdqQ/RA26aM/DXYpxA0cBk3Kc82+/PyWnDWX7AeqVM","privKey":"AOG6YI8cSWZ1xpeOX+i04feBuHljetbC6+LVwb3pQWo="},"lastRemoteEphemeralKey":"BaPSY26AMUaBmsSw6AZ/ZqVT5epynxW+okvILjC8NQAn","previousCounter":0,"rootKey":"8KwfBK4RmtivSLFyZMjVkNOl9rgR0uJ+bh1Zf2hgaHA="},"indexInfo":{"baseKey":"BfWGRYTEOi3Mczw7aemtSJ0adFUxM+0FRr+9n2720GpG","baseKeyType":1,"closed":-1,"used":1755720109981,"created":1755720109981,"remoteIdentityKey":"BeuBOcIZWHDb+wZ3wKeCqSl5nHypJkKuWyXpz1im1tMP"},"_chains":{"BRIdqQ/RA26aM/DXYpxA0cBk3Kc82+/PyWnDWX7AeqVM":{"chainKey":{"counter":12,"key":"ROevF//iwgSLbzIglIOfvBWnD+A/GZ9Rkh+H318YKr8="},"chainType":1,"messageKeys":{}}},"pendingPreKey":{"signedKeyId":14,"baseKey":"BfWGRYTEOi3Mczw7aemtSJ0adFUxM+0FRr+9n2720GpG","preKeyId":7035632}}},"version":"v1"}