{"noiseKey":{"private":{"type":"Buffer","data":"QFFUaaNXq0hzrVdlq7C88LQ5jOQhZbDrAlMB0G9CRlg="},"public":{"type":"Buffer","data":"ww/cqmYn8CGqE04ihPvf/r39wZXXDRu/1fRSi0pCL0k="}},"pairingEphemeralKeyPair":{"private":{"type":"Buffer","data":"mPdYS3DjgJjqjFfq/qhgYwyJwJAfRwGrWvJr1pCVgXU="},"public":{"type":"Buffer","data":"qBYuXezNSOAJnQDZ3zdoF/GQP0c4rGkmGToseuZHZCY="}},"signedIdentityKey":{"private":{"type":"Buffer","data":"mJNbIABBWUNiwyfYQkqeWNbtRYzJUrgg2wU/xc7yGVE="},"public":{"type":"Buffer","data":"/mUaRZ8Rakus5lLdODbplVXKPly9yU9w3i2ixOJilD4="}},"signedPreKey":{"keyPair":{"private":{"type":"Buffer","data":"IMXaXGBJq2WuaDtYE0R7Q/b3hNG85Xo2b3HOH8cufWA="},"public":{"type":"Buffer","data":"h/nqoQdcqBaaTkbozU7NjyMG5YLOfJcp7neLWz8IEyE="}},"signature":{"type":"Buffer","data":"3ANRehKt2NcwVgH6t6Ki4yavjY4moas6LCqv1QI3E0Hckletd5RW98Dd67RHsRS9ZMKx31PRsX9H/aqJLWGnAw=="},"keyId":1},"registrationId":243,"advSecretKey":"2Tzk1Msm5QzYudNrq3bn2wcc7Ue/rmchIKYSJqtdjt4=","processedHistoryMessages":[{"key":{"remoteJid":"553496741592@s.whatsapp.net","fromMe":true,"id":"01BBA74131CCA0EE35BC82B92DD77BEC"},"messageTimestamp":1755049182},{"key":{"remoteJid":"553496741592@s.whatsapp.net","fromMe":true,"id":"B28600EBB27E28F731BD156111069063"},"messageTimestamp":1755049182},{"key":{"remoteJid":"553496741592@s.whatsapp.net","fromMe":true,"id":"13333CC2409763514DB816D17CFC3C47"},"messageTimestamp":1755049183}],"nextPreKeyId":31,"firstUnuploadedPreKeyId":31,"accountSyncCounter":1,"accountSettings":{"unarchiveChats":false},"registered":false,"account":{"details":"CPGw2JcHENrZ78QGGAMgACgA","accountSignatureKey":"T17D+3BkSwqZVpSHf8DfjU4DJ3vTnNPuXwhF/lHjei4=","accountSignature":"o2i6/p2TtViYBJ5Few8JjmrcrPpDY4SZnKcePJ3swZoYIickNNSAlULRJEJKp/DEWDx9E4zSfUmvF9CetYSKDg==","deviceSignature":"f9drbmTbACm7l+Fr6fDCirn1E/WJUQh1TepX2cfdJVrYOU7ubo1p2OQ3BxdRyNBWJN01p7hfnQPiRjsB51S3AA=="},"me":{"id":"553496741592:4@s.whatsapp.net","name":"Dark Star Agency","lid":"9385124298875:4@lid"},"signalIdentities":[{"identifier":{"name":"553496741592:4@s.whatsapp.net","deviceId":0},"identifierKey":{"type":"Buffer","data":"BU9ew/twZEsKmVaUh3/A341OAyd705zT7l8IRf5R43ou"}}],"platform":"smba","routingInfo":{"type":"Buffer","data":"CAUIDQ=="},"lastAccountSyncTimestamp":1755049208,"myAppStateKeyId":"AAAAAOvL","lastPropHash":"2DlyAg"}