{"_sessions":{"BWhqZSt7R/R4LoBsGYVEoBIn4fxzDwVPRqFNGaT9ee0W":{"registrationId":1475858901,"currentRatchet":{"ephemeralKeyPair":{"pubKey":"BWLtm9Ty2OUQOEThtJjxjjFYNrsMkzIlXtF5SYayR2IF","privKey":"4OBj0TNCKtaQ64gPlnF9YmCxWrHC1IRv0cuA9UoSVF4="},"lastRemoteEphemeralKey":"BZCL9d2sPATiNyYnluiRwZIIzWGu11kbpBiy4idn8/A6","previousCounter":0,"rootKey":"1ue/FJZ0oh1XWz8cvfvyrVHA/Rnj9JS3/EaoEp151dE="},"indexInfo":{"baseKey":"BWhqZSt7R/R4LoBsGYVEoBIn4fxzDwVPRqFNGaT9ee0W","baseKeyType":2,"closed":-1,"used":1755067928922,"created":1755049182389,"remoteIdentityKey":"BU9ew/twZEsKmVaUh3/A341OAyd705zT7l8IRf5R43ou"},"_chains":{"BS6ggicpYJk/9PUFfW7kxQ7VEPi0J4dPQwcXMM6GXg09":{"chainKey":{"counter":6},"chainType":2,"messageKeys":{}},"BeThsLfH2mpEBQkGHnNdYgJehBu13BfBWezLq3viFyAi":{"chainKey":{"counter":0},"chainType":2,"messageKeys":{}},"BRchZqnLY7ziMWrPLeoG7RpyS6TxXZBB9u9ikm0dSh5c":{"chainKey":{"counter":1},"chainType":2,"messageKeys":{}},"BZCL9d2sPATiNyYnluiRwZIIzWGu11kbpBiy4idn8/A6":{"chainKey":{"counter":3,"key":"rVcAFZYrIunmM737zEEei5qGidH+xEEylPmKnSFYeBY="},"chainType":2,"messageKeys":{}},"BWLtm9Ty2OUQOEThtJjxjjFYNrsMkzIlXtF5SYayR2IF":{"chainKey":{"counter":2,"key":"OgRp77JbGb+EBIFEHEuw3dU0migaBSZm4g71jTgMwdE="},"chainType":1,"messageKeys":{}}}}},"version":"v1"}