{"version":1,"hash":{"type":"Buffer","data":"l/WEZENP8HuZ8kI45lHg6zFaU5jO4DyAC48E4PU5nE57/OJLDlGKOOjyigTf+zOfxDDn0sk7xdHw0dkv1hUIVtC/ZLL6MHnlDlpEY3hi1BuiNyR8yTbIu5K9g/X8KrcsjoGR7exa+DwnE21R034/S9HAb+vR0Qurhm3m1xcZTaM="},"indexValueMap":{"EDN9uEFmxtPXS4i8k7wfXY5eeOLJb7CjfeE2ya+wFlk=":{"valueMac":{"type":"Buffer","data":"DZuDYVw+hl6y4CN35FMofRTwMv6DS14Ks/yQz0fyCuQ="}},"HgyI2C3FGOChM8fxACmXDDic8pOk9LjqQvK7jlvnmoQ=":{"valueMac":{"type":"Buffer","data":"LGOuQs9z1mBzhlrajHw8usVdlG+W7wN74jp9GpdxswU="}}}}