{"_sessions":{"BbSP2a349ouBABjyf1STjsuyHZzyTJ1P2C2sdbq0DCkZ":{"registrationId":176,"currentRatchet":{"ephemeralKeyPair":{"pubKey":"BbXl+dH8toxXQaxx1KhnqEDzH61s1Ee70oHM/Ll+tr5i","privKey":"WFgNv3Nq0s/FmtRAi/dq4ByJhRtOMEAn8qTWGG9cRkI="},"lastRemoteEphemeralKey":"BZaRNYUQ8jPJIko8EVUDf953y37RZ6d06VRzXCLzCCNF","previousCounter":0,"rootKey":"L3frIOHA+x4gO1iG/iIMkqzrh4KrS9ri3C/iLiTeq5E="},"indexInfo":{"baseKey":"BbSP2a349ouBABjyf1STjsuyHZzyTJ1P2C2sdbq0DCkZ","baseKeyType":1,"closed":-1,"used":1755049247915,"created":1755049247915,"remoteIdentityKey":"BdZkxUy0DTtyPwG6flnQGUa36FIIIuMcB5ABVryCfppT"},"_chains":{"BbXl+dH8toxXQaxx1KhnqEDzH61s1Ee70oHM/Ll+tr5i":{"chainKey":{"counter":42,"key":"7GMNeBakYKSQhP/KGrMmf7aZebA+t1JWHz2BgywiFI0="},"chainType":1,"messageKeys":{}}},"pendingPreKey":{"signedKeyId":1,"baseKey":"BbSP2a349ouBABjyf1STjsuyHZzyTJ1P2C2sdbq0DCkZ","preKeyId":28}}},"version":"v1"}