{"_sessions":{"BWZuD6EoJ/gBv1wYxGp1de0i8v17yoCiqA6ErYv8O4Zc":{"registrationId":943330353,"currentRatchet":{"ephemeralKeyPair":{"pubKey":"Bc5NeERiIniF0WqZCScapLcsgmJFpRzI2g7aGf08rqhv","privKey":"kPvmVpqDBQL0sJ9ZWUoks+5/Q+SvMfUZvtB7QmlHxGI="},"lastRemoteEphemeralKey":"BVvBynJBV/7lyCeQaNmVtV7Rhhid/P4mnvU4kZvo7VxV","previousCounter":0,"rootKey":"fOmX4HCXXiR/Z5Jr13NwDwv+9PVXrF7sM2MLYrbGdY0="},"indexInfo":{"baseKey":"BWZuD6EoJ/gBv1wYxGp1de0i8v17yoCiqA6ErYv8O4Zc","baseKeyType":2,"closed":-1,"used":1755067928796,"created":1755050989445,"remoteIdentityKey":"BUQIqOuvBHL+ZrROLKkKqt5h930NrLP90F3IF93ukxI/"},"_chains":{"BX+99cb53FmD63gfg+L+3AvwMn7ZHO17rqM/8sXJCHIm":{"chainKey":{"counter":0},"chainType":2,"messageKeys":{}},"BQB/xGleN7ASA6ShnX9+Z9yVofsRktLHZai7P9yzpkAT":{"chainKey":{"counter":0},"chainType":2,"messageKeys":{}},"BT7LXdThG2Bbn067Veu5kuvXbxmgxeg8UicuipytRboe":{"chainKey":{"counter":0},"chainType":2,"messageKeys":{}},"BeVczKGgasm7G1mQkLdudk+8iVPlxknPS86pkoooS/lW":{"chainKey":{"counter":0},"chainType":2,"messageKeys":{}},"BaWYU/PRoAdPlD+pgEByqsJdQPdoAI3qeujHufotrYNa":{"chainKey":{"counter":0},"chainType":2,"messageKeys":{}},"BVUxQJ7VJJRNFiPXJ9T/cEUVLu9L+WGI23FnumOJ9yFh":{"chainKey":{"counter":0},"chainType":2,"messageKeys":{}},"BbK+UClx2jmirsJ3bGo9uCmSF5KvGF7kYbaE0TDPQRJC":{"chainKey":{"counter":0},"chainType":2,"messageKeys":{}},"BYsHdkDGLSOW3oO6ynVxBrT06tzqhd+K4pi+rp+s7JZJ":{"chainKey":{"counter":0},"chainType":2,"messageKeys":{}},"BTo2bkQfLC7+hq6Uh9+aX69T7VEs5qBsRKkmUksL2E0R":{"chainKey":{"counter":0},"chainType":2,"messageKeys":{}},"BVvBynJBV/7lyCeQaNmVtV7Rhhid/P4mnvU4kZvo7VxV":{"chainKey":{"counter":0,"key":"u6txZVCDvnHIerPMM1o6graHPDc39wLOZwtEAsJ5eiA="},"chainType":2,"messageKeys":{}},"Bc5NeERiIniF0WqZCScapLcsgmJFpRzI2g7aGf08rqhv":{"chainKey":{"counter":0,"key":"BB0IkP5Rh4kdB8a6l5I5xqsBNqYFc3pOIaisVa/g8Jk="},"chainType":1,"messageKeys":{}}}}},"version":"v1"}